CASE_ID,ACCIDENT_YEAR,PROC_DATE,JURIS,COLLISION_DATE,COLLISION_TIME,OFFICER_ID,REPORTING_DISTRICT,DAY_OF_WEEK,CHP_SHIFT,POPULATION,CNTY_CITY_LOC,SPECIAL_COND,BEAT_TYPE,CHP_BEAT_TYPE,CITY_DIVISION_LAPD,CHP_BEAT_CLASS,BEAT_NUMBER,PRIMARY_RD,SECONDARY_RD,DISTANCE,DIRECTION,INTERSECTION,WEATHER_1,WEATHER_2,STATE_HWY_IND,CALTRANS_COUNTY,CALTRANS_DISTRICT,STATE_ROUTE,ROUTE_SUFFIX,POSTMILE_PREFIX,POSTMILE,LOCATION_TYPE,RAMP_INTERSECTION,SIDE_OF_HWY,TOW_AWAY,COLLISION_SEVERITY,NUMBER_KILLED,NUMBER_INJURED,PARTY_COUNT,PRIMARY_COLL_FACTOR,PCF_CODE_OF_VIOL,PCF_VIOL_CATEGORY,PCF_VIOLATION,PCF_VIOL_SUBSECTION,HIT_AND_RUN,TYPE_OF_COLLISION,MVIW,PED_ACTION,ROAD_SURFACE,ROAD_COND_1,ROAD_COND_2,LIGHTING,CONTROL_DEVICE,CHP_ROAD_TYPE,PEDESTRIAN_ACCIDENT,BICYCLE_ACCIDENT,MOTORCYCLE_ACCIDENT,TRUCK_ACCIDENT,NOT_PRIVATE_PROPERTY,ALCOHOL_INVOLVED,STWD_VEHTYPE_AT_FAULT,CHP_VEHTYPE_AT_FAULT,COUNT_SEVERE_INJ,COUNT_VISIBLE_INJ,COUNT_COMPLAINT_PAIN,COUNT_PED_KILLED,COUNT_PED_INJURED,COUNT_BICYCLIST_KILLED,COUNT_BICYCLIST_INJURED,COUNT_MC_KILLED,COUNT_MC_INJURED,PRIMARY_RAMP,SECONDARY_RAMP,LATITUDE,LONGITUDE,COUNTY,CITY,POINT_X,POINT_Y
90566646,2017,2017-10-10,9360,2017-10-01,0945,019129,,7,1,9,4900,0,2,4,,1,032,"RIVER RD","RIVER DR",430.00,E,N,A,-,N,,,,,,,,,,Y,2,0,4,3,A,-,05,21460,A,N,A,C,A,A,H,-,A,D,0,,,,,Y,,A,01,2,0,2,0,0,0,0,0,0,"- ","- ",38.509599999999999,-122.92095,SONOMA,UNINCORPORATED,-122.92454131,38.5089939
91955781,2022,2022-12-29,9360,2022-12-18,2245,020748,,7,3,9,4900,0,2,4,,1,046,"WARM SPRINGS ROAD","KUPINE RIDGE",150.00,N,N,B,-,N,,,,,,,,,,Y,2,0,1,1,A,-,08,22107,,N,F,A,A,A,H,-,D,D,0,,,,,Y,,A,01,1,0,0,0,0,0,0,0,0,"- ","- ",38.373428344726562,-122.54707336425781,SONOMA,UNINCORPORATED,,
92076086,2023,2023-05-24,9360,2023-05-13,1203,021195,,6,1,9,4900,0,1,3,,1,063,SR-1,"CARLEVARO WAY",4752.00,S,N,A,-,Y,SON,,1," "," ",16.683,H,,R,N,2,0,2,1,A,-,08,22107,,N,F,A,A,A,H,-,A,D,0,,,Y,,Y,,C,02,1,1,0,0,0,0,0,0,2,"- ","- ",38.400600433349609,-123.09268188476562,SONOMA,UNINCORPORATED,-123.0926513671875,38.400592803955078
92365841,2024,2024-04-16,9360,2024-04-07,"35  ",022997,,7,3,9,4900,0,3,5,,2,005,"WEST SIERRA AVENUE","W SCHOOL ST",20.00,W,N,A,-,N,,,,,,,,,,N,2,0,1,1,A,-,03,22350,,N,F,0,A,A,H,-,D,D,0,,,Y,,Y,,C,02,1,0,0,0,0,0,0,0,1,"- ","- ",38.324451446533203,-122.72540283203125,SONOMA,UNINCORPORATED,-122.72526550292969,38.324420928955078
90599601,2017,2017-11-21,9360,2017-11-15,1725,018881,,3,2,9,4900,0,1,3,,1,061,SR-1,"MEYERS GRADE ROAD",2640.00,N,N,C,E,Y,,,1,,,,,,,Y,2,0,1,1,A,-,08,22107,,N,E,I,A,B,H,-,D,D,0,,,,,Y,,A,01,1,0,0,0,0,0,0,0,0,"- ","- ",38.482790000000001,-123.17376,SONOMA,UNINCORPORATED,-123.17376321,38.482934200000003
90914862,2019,2019-01-29,9360,2019-01-24,1641,022063,,4,2,6,4905,0,1,2,,2,040,"US-101 S/B","6TH STREET",10.00,N,N,A,-,Y,,,101,,,,,,S,Y,2,0,1,2,A,-,07,21658,A,N,B,C,A,A,H,-,A,D,0,,,Y,,Y,,A,01,1,0,0,0,0,0,0,0,1,"- ","- ",38.439720153808594,-122.71981811523438,SONOMA,"SANTA ROSA",-122.7198486328125,38.439701080322266
90969266,2019,2019-04-17,9360,2019-04-13,0950,019862,,6,1,9,4900,0,1,3,,1,051,"LLANO RD",SR-116,36.00,N,N,A,-,Y,,,,,,,,,,Y,2,0,4,1,A,-,08,22107,,N,E,I,A,A,H,-,A,D,0,,,,,Y,,A,07,1,1,2,0,0,0,0,0,0,"- ","- ",38.358039855957031,-122.76957702636719,SONOMA,UNINCORPORATED,,
90984660,2019,2019-05-08,9325,2019-05-02,0455,021439,,4,3,9,4900,0,1,3,,1,072,SR-121,"8TH ST  E",2640.00,N,N,A,-,Y,,,121,,,,,,,Y,2,0,1,1,A,-,08,22107,,N,E,I,A,A,H,-,D,D,0,,,,,Y,,A,01,1,0,0,0,0,0,0,0,0,"- ","- ",38.246150970458984,-122.43036651611328,SONOMA,UNINCORPORATED,-122.43037414550781,38.246257781982422
91775643,2022,2022-05-19,9360,2022-05-07,0057,021989,,6,3,9,4900,0,3,5,,2,001,"WESTSIDE RD","SWEETWATER SPRINGS RD",465.00,S,N,A,-,N,,,,,,,,,,Y,2,0,4,1,A,-,08,22107,,N,E,I,A,A,H,-,D,D,0,,,,,Y,,A,07,1,0,3,0,0,0,0,0,0,"- ","- ",38.535820007324219,-122.86815643310547,SONOMA,UNINCORPORATED,-122.8687744140625,38.535808563232422
91888385,2022,2022-10-12,9360,2022-09-30,1345,021195,,5,1,9,4900,0,1,3,,1,061,SR-1,"KRUSE RANCH ROAD",1584.00,N,N,A,-,Y,SON,,1,,,43.256,H,,R,N,2,0,1,1,A,-,08,22107,,N,F,A,A,A,H,-,A,D,0,,,Y,,Y,,C,02,1,0,0,0,0,0,0,0,1,"- ","- ",38.599098205566406,-123.34986114501953,SONOMA,UNINCORPORATED,-123.3497314453125,38.599174499511719
8614093,2018,2018-04-24,4908,2018-03-31,1239,2937,1,6,5,5,4908,0,0,0,,0,002,"1ST ST","E ST",157.00,N,N,A,-,N,,,,,,,,,,N,2,0,1,1,A,-,08,22107,,N,F,A,A,A,H,-,A,D,0,,Y,,,Y,,L,04,1,0,0,0,0,0,1,0,0,"- ","- ",38.233379364013672,-122.63494873046875,SONOMA,PETALUMA,-122.63542175292969,38.233558654785156
9201864,2020,2021-01-22,4905,2020-11-14,1033,1060568,,6,5,6,4905,0,0,0,,0,10602,"4TH ST","COLLEGE AV",7.00,S,N,A,-,N,,,,,,,,,,Y,2,0,2,3,A,-,08,22107,,N,E,J,F,A,H,-,A,A,0,Y,,,,Y,,A,01,1,0,1,0,2,0,0,0,0,"- ","- ",38.445060729980469,-122.70462036132812,SONOMA,"SANTA ROSA",-122.70456695556641,38.445087432861328
9467141,2022,2023-01-30,4905,2022-05-13,2220,1060392,,5,5,6,4905,0,0,0,,0,009,"NORTH DUTTON AV","W 8TH ST",0.00,,Y,A,-,N,,,,,,,,,,Y,2,0,1,2,A,-,05,21650,,N,D,C,A,A,H,-,C,A,0,,,,,Y,,M,96,1,0,0,0,0,0,0,0,0,"- ","- ",38.439170837402344,-122.72676849365234,SONOMA,"SANTA ROSA",-122.72879791259766,38.439163208007812
90627523,2017,2017-12-27,9360,2017-12-19,1750,018571,,2,2,9,4900,0,3,5,,2,001,"KINLEY RD","ONORATO RD",1056.00,N,N,A,-,N,,,,,,,,,,N,2,0,1,2,A,-,01,23152,A,F,G,B,E,A,H,-,D,D,0,Y,,,,Y,Y,D,22,1,0,0,0,1,0,0,0,0,"- ","- ",38.600349999999999,-122.86369000000001,SONOMA,UNINCORPORATED,,
90669772,2018,2018-04-23,9360,2018-02-18,0441,020853,,7,3,9,4900,0,1,2,,2,020,"US-101 N/B","LYTTON SPRINGS RD",1500.00,N,N,A,-,Y,,,101,,,,,,N,Y,2,0,2,1,A,-,01,23152,A,N,E,I,A,A,H,-,D,D,0,,,,,Y,Y,A,01,1,1,0,0,0,0,0,0,0,"- ","- ",38.665130615234375,-122.87621307373047,SONOMA,UNINCORPORATED,-122.87628936767578,38.665111541748047
90798448,2018,2018-08-27,9360,2018-08-16,1510,016045,,4,2,9,4900,0,3,5,,2,005,"MIDDLE TWO ROCK RD.","BODEGA AVE",2640.00,E,N,A,-,N,,,,,,,,,,Y,2,0,1,1,A,-,01,23152,G,N,E,I,A,A,H,-,A,D,0,,,,,Y,Y,D,22,1,0,0,0,0,0,0,0,0,"- ","- ",38.256500244140625,-122.74440002441406,SONOMA,UNINCORPORATED,-122.74379730224609,38.256175994873047
91094388,2019,2019-10-10,9360,2019-10-08,1355,018881,,2,1,9,4900,0,1,3,,1,061,SR-1,"FORT ROSS ROAD",4752.00,S,N,A,-,Y,,,,,,,,,,Y,2,0,1,1,A,-,08,22107,,N,E,I,A,A,H,-,A,D,0,,,,,Y,,A,01,1,0,0,0,0,0,0,0,0,"- ","- ",38.463558197021484,-123.16504669189453,SONOMA,UNINCORPORATED,-123.23744964599609,38.514591217041016
91318170,2020,2020-10-06,9360,2020-09-23,1705,020266,,3,2,9,4900,0,3,5,,2,003,"SR-116 POCKET CANYON","SR-116 MAIN STREET",0.00,,Y,A,-,Y,,,116,,,,,,,Y,2,0,1,2,A,-,10,21950,A,N,G,B,B,A,H,-,A,A,0,Y,,,,Y,,A,01,1,0,0,0,1,0,0,0,0,"- ","- ",38.502529144287109,-122.99539184570312,SONOMA,UNINCORPORATED,-122.99537658691406,38.502494812011719
91454878,2021,2021-04-21,9360,2021-04-13,2250,020853,,2,3,4,4904,0,1,2,,2,050,"US-101 NORTHBOUND","GOLF COURSE DR",160.00,N,N,A,-,Y,,,101,,,,,,N,Y,2,0,3,2,A,-,01,23152,A,N,C,C,A,A,H,-,C,D,0,,,,,Y,Y,A,01,1,2,0,0,0,0,0,0,0,"- ","- ",38.363578796386719,-122.71257019042969,SONOMA,"ROHNERT PARK",-122.71250152587891,38.363571166992188
92072913,2023,2023-05-19,9360,2023-05-11,1950,017761,,4,2,9,4900,0,2,4,,1,024,"CALISTOGA ROAD","BODMER LANE",327.00,N,N,A,-,N,,,,,,,,,,Y,2,0,1,1,A,-,08,22107,,N,E,I,A,A,H,-,B,D,0,,,,,Y,,A,01,1,0,0,0,0,0,0,0,0,"- ","- ",38.541400909423828,-122.64830017089844,SONOMA,UNINCORPORATED,-122.64820098876953,38.541339874267578
6543262,2014,2014-08-20,4905,2014-06-14,1427,SR443,10601,6,5,6,4905,0,0,0,,0,001,"RANGE AV","BICENTENNIAL WY",0.00,,Y,A,-,N,,,,,,,,,,N,2,0,1,2,A,-,11,21456,B,N,G,B,B,A,H,-,A,A,0,Y,,,,Y,,N,60,1,0,0,0,1,0,0,0,0,"- ","- ",,,SONOMA,"SANTA ROSA",-122.73248993,38.47083988
8056584,2016,2016-06-09,4905,2016-03-01,1600,SR201,10605,2,5,6,4905,0,0,0,,0,005,GLENBROOK,"STONY POINT",0.00,,Y,B,-,N,,,,,,,,,,N,2,0,1,2,A,-,09,21801,A,F,D,G,A,A,H,-,A,A,0,,Y,,,Y,,A,01,1,0,0,0,0,0,1,0,0,"- ","- ",,,SONOMA,"SANTA ROSA",-122.74284987999999,38.43734998
91282210,2020,2020-08-07,9360,2020-08-03,1820,018881,,1,2,9,4900,0,1,3,,1,063,SR-1,"VALLEY FORD FREESTONE ROAD",2640.00,N,N,A,-,Y,,,1,,,,,,,Y,2,0,1,1,A,-,08,22107,,N,E,I,A,A,H,-,A,D,0,,,,,Y,,A,01,1,0,0,0,0,0,0,0,0,"- ","- ",38.330539703369141,-122.96101379394531,SONOMA,UNINCORPORATED,-122.96111297607422,38.330265045166016
91855338,2022,2022-09-01,9360,2022-08-21,2225,020748,,7,3,9,4900,0,2,4,,1,044,"ADOBE RD",SR-116,1200.00,N,N,A,-,N,,,,,,,,,,Y,2,0,2,2,A,-,01,23152,A,N,A,C,A,A,H,-,D,D,0,,,,,Y,Y,D,22,1,1,0,0,0,0,0,0,0,"- ","- ",38.238151550292969,-122.53057861328125,SONOMA,UNINCORPORATED,-122.53009796142578,38.23797607421875
91896399,2022,2022-10-21,9360,2022-10-13,0735,018881,,4,1,9,4900,0,3,5,,2,006,"CAZADERO HIGHWAY","AUSTIN CREEK ROAD",1056.00,N,N,B,-,Y,,,,,,,,,,Y,2,0,1,1,A,-,08,22107,,N,E,I,A,B,H,-,A,D,0,,,Y,,Y,,C,06,1,0,0,0,0,0,0,0,1,"- ","- ",38.534919738769531,-123.08676910400391,SONOMA,UNINCORPORATED,-123.08746337890625,38.535266876220703
92170819,2023,2023-09-15,9360,2023-09-02,2150,023017,,6,2,9,4900,0,2,4,,1,046,"BENNETT VALLEY RD","MITCHELL RD",2112.00,E,N,B,-,N,,,,,,,,,,N,2,0,1,1,A,-,08,22107,,N,F,A,A,A,H,-,D,D,0,,,Y,,Y,,C,02,1,0,0,0,0,0,0,0,1,"- ","- ",38.413619995117188,-122.65212249755859,SONOMA,UNINCORPORATED,-122.65178680419922,38.413055419921875
94487661,2024,2024-11-29,9360,2024-11-10,1200,022370,,7,1,9,4900,0,3,5,,2,003,"SLUSSER RD","LAUGHLIN RD",525.00,S,N,A,-,N,,,,,,,,,,N,2,0,1,1,A,-,08,22107,,N,E,J,A,A,H,-,A,D,0,,,Y,,Y,,C,02,1,0,0,0,0,0,0,0,1,"- ","- ",38.498439788818359,-122.82585906982422,SONOMA,UNINCORPORATED,-122.82581329345703,38.498908996582031
5912201,2014,2015-12-21,9360,2014-01-22,2018,18497,,3,2,9,4900,0,1,3,,1,063,"RT 1","BODEGA HWY",0.00,,Y,A,-,Y,SON,4,1,-,-,5.380,I,5,S,Y,1,1,0,1,A,-,01,23152,A,N,E,I,A,A,H,-,D,A,0,,,,,Y,Y,A,01,0,0,0,0,0,0,0,0,0,"- ","- ",38.337119999999999,-122.97745,SONOMA,UNINCORPORATED,-122.97742245000001,38.337146050000001
7198757,2016,2016-03-09,4908,2016-02-18,1811,2641,13,4,5,5,4908,0,0,0,,0,001,"SOUTH MCDOWELL BL","MCNEIL AV",3.00,S,N,A,-,N,,,,,,,,,,N,2,0,1,2,A,-,05,21650,,N,-,B,A,A,H,-,B,D,0,,Y,,,Y,,L,04,1,0,0,0,0,0,1,0,0,"- ","- ",,,SONOMA,PETALUMA,-122.62451145,38.24845526
8500429,2017,2017-12-04,4905,2017-09-18,2105,SR508,10609,1,5,6,4905,0,0,0,,0,009,"6TH ST","MORGAN ST",8.00,E,N,A,-,N,,,,,,,,,,N,2,0,1,2,A,-,10,21950,A,F,G,B,B,A,H,-,C,A,0,Y,,,,Y,,A,01,1,0,0,0,1,0,0,0,0,"- ","- ",,,SONOMA,"SANTA ROSA",-122.71937566,38.439900790000003
9078067,2020,2021-08-02,4906,2020-02-22,1201,451,4906,6,5,2,4906,0,0,0,,0,,RT116,"BURNETT ST",17.00,N,N,A,-,Y,SON,4,116,-,R,26.780,H,-,E,N,2,0,2,2,A,-,03,22350,,N,C,C,A,A,H,-,A,A,0,,,,,Y,,A,01,1,1,0,0,0,0,0,0,0,"- ","- ",38.4014892578125,-122.82382965087891,SONOMA,SEBASTOPOL,-122.82380676269531,38.401432037353516
82431039,2024,2024-07-05,4905,2024-03-26,"616 ",1060576,,2,5,6,4905,0,0,0,,0,002,"COLLEGE AV","ORCHARD ST",54.00,N,N,A,-,N,,,,,,,,,,Y,1,1,0,2,A,-,11,21950,B,N,G,B,B,A,H,-,C,D,0,Y,,,,Y,,N,60,0,0,0,1,0,0,0,0,0,"- ","- ",,,SONOMA,"SANTA ROSA",-122.7135009765625,38.445541381835938
90271834,2016,2016-09-20,9360,2016-04-07,0707,016577,,4,1,9,4900,0,2,4,,1,044,"OLD ADOBE RD.","FRATES RD.",2112.00,E,N,A,-,N,,,,,,,,,,Y,1,1,1,2,A,-,05,21460,A,N,B,C,A,A,H,-,A,D,0,,,,Y,Y,,D,22,1,0,0,0,0,0,0,0,0,"- ","- ",38.244190000000003,-122.57277000000001,SONOMA,UNINCORPORATED,-122.57255204000001,38.254151180000001
90350020,2016,2016-12-21,9360,2016-12-12,1730,016652,,1,2,9,4900,0,2,4,,1,034,"GUERNEVILLE RD","VINE HILL RD",0.00,,Y,A,-,N,,,,,,,,,,Y,2,0,2,2,A,-,09,21802,A,N,D,C,A,A,H,-,D,A,0,,,,,Y,,A,01,1,0,1,0,0,0,0,0,0,"- ","- ",38.450569999999999,-122.86138,SONOMA,UNINCORPORATED,-122.8613999,38.450539980000002
90691726,2018,2018-03-28,9360,2018-03-20,1630,016045,,2,2,9,4900,0,2,4,,1,044,"ADOBE RD","FRATES RD",1320.00,E,N,B,C,N,,,,,,,,,,Y,2,0,1,1,A,-,01,23152,A,N,E,I,A,B,H,-,A,D,0,,,,,Y,Y,A,07,1,0,0,0,0,0,0,0,0,"- ","- ",38.254360198974609,-122.57485198974609,SONOMA,UNINCORPORATED,-122.57525634765625,38.254199981689453
90753400,2018,2018-06-21,9350,2018-06-15,1835,021466,,5,2,9,4900,0,1,3,,2,137,"SR-37 W/B",SR-121,740.00,W,N,A,-,Y,,,37,,,,,,W,Y,2,0,1,1,A,-,08,22107,,N,F,A,A,A,H,-,A,D,0,,,Y,,Y,,C,02,1,0,0,0,0,0,0,0,1,"- ","- ",38.149738311767578,-122.45157623291016,SONOMA,UNINCORPORATED,-122.45153045654297,38.149673461914062
91796671,2022,2022-06-16,9360,2022-06-07,1725,020731,,2,2,6,4905,0,1,2,,2,040,"US-101 SOUTHBOUND","6TH STREET U/C",500.00,N,N,A,-,Y,SON,,101,,,20.383,H,,L,N,2,0,1,2,A,-,03,22350,,N,C,C,A,A,H,-,A,D,0,,,Y,,Y,,C,02,1,0,0,0,0,0,0,0,1,"- ","- ",38.440959930419922,-122.72071838378906,SONOMA,"SANTA ROSA",-122.72071838378906,38.440959930419922
94425347,2024,2024-11-21,9360,2024-09-24,1120,019083,,2,1,9,4900,0,3,5,,2,001,"STEWARTS POINT/SKAGGS SPRINGS ROAD","SONOMA COUNTY MILE POST MARKER 30.0",191.00,W,N,A,-,N,,,,,,,,,,Y,2,0,1,1,A,-,08,22107,,N,E,I,A,A,H,-,A,D,0,,,Y,,Y,,C,02,1,0,0,0,0,0,0,0,1,"- ","- ",38.673519134521484,-123.149658203125,SONOMA,UNINCORPORATED,,
6666198,2014,2014-12-16,9360,2014-10-13,1920,15434,,1,2,9,4900,0,3,5,,2,004,"WALLACE RD","BADGER RD",2112.00,N,N,A,-,N,,,,,,,,,,Y,2,0,1,1,A,-,01,23152,A,N,E,I,A,A,H,-,D,D,0,,,,,Y,Y,A,01,1,0,0,0,0,0,0,0,0,"- ","- ",38.488799999999998,-122.67932999999999,SONOMA,UNINCORPORATED,-122.67787552999999,38.487787439999998
6748329,2014,2015-02-02,4901,2014-12-05,0000,039,4901,5,5,2,4901,0,0,0,,0,,"SOUTH CLOVERDALE BL","TREADWAY DR",0.00,,Y,C,-,N,,,,,,,,,,N,2,0,1,2,A,-,10,21950,A,N,G,B,B,B,H,-,C,D,0,Y,,,,Y,,A,01,1,0,0,0,1,0,0,0,0,"- ","- ",38.784269999999999,-123.01260000000001,SONOMA,CLOVERDALE,-123.01261986999999,38.784199970000003
7063049,2015,2015-10-23,4908,2015-08-29,2047,2641,6,6,5,5,4908,0,0,0,,0,003,"PETALLUMA BLVD N","CHERRY ST",35.00,S,N,A,-,N,,,,,,,,,,N,2,0,1,2,A,-,10,21954,B,N,G,B,D,-,H,-,D,A,0,Y,,,,Y,Y,A,01,1,0,0,0,1,0,0,0,0,"- ","- ",38.242910000000002,-122.64415,SONOMA,PETALUMA,-122.64416059,38.242826700000002
6290219,2014,2014-05-30,4904,2014-02-28,1956,368,,5,5,4,4904,0,0,0,,0,003,"COMMERCE BL","ALISON AV",260.00,N,N,C,-,N,,,,,,,,,,Y,1,1,1,1,A,-,01,23153,A,F,E,I,A,B,H,-,C,A,0,,,,,Y,Y,A,07,0,1,0,0,0,0,0,0,0,"- ","- ",,,SONOMA,"ROHNERT PARK",-122.71227349999999,38.338554199999997
6291295,2014,2014-10-09,4906,2014-04-09,1853,370,4906,3,5,2,4906,0,0,0,,0,,"RT 116","MURPHY AV",11.00,W,N,A,-,Y,SON,4,116,-,-,26.130,I,5,W,N,1,1,0,2,A,-,11,21950,B,N,G,B,B,A,H,-,A,A,0,Y,,,,Y,,N,60,0,0,0,1,0,0,0,0,0,"- ","- ",,,SONOMA,SEBASTOPOL,-122.83142334999999,38.405281969999997
6291482,2014,2014-10-27,9360,2014-08-30,0405,20329,,6,3,9,4900,0,2,4,,1,054,"BODEGA AV","KING RD",6336.00,W,N,A,-,N,,,,,,,,,,Y,1,1,1,2,A,-,08,22107,,F,E,I,A,A,H,-,D,D,0,,,,,Y,,D,22,0,1,0,0,0,0,0,0,0,"- ","- ",38.263669999999998,-122.7201,SONOMA,UNINCORPORATED,-122.73625966,38.265318379999997
6291752,2014,2014-12-17,9360,2014-08-27,2350,18482,,3,3,9,4900,0,3,5,,2,003,"OCCIDINTAL RD","HIGH SCHOOL RD",951.00,W,N,A,-,N,,,,,,,,,,Y,1,1,2,1,A,-,08,22107,,N,E,I,A,A,H,-,A,D,0,,,,,Y,,A,01,0,0,2,0,0,0,0,0,0,"- ","- ",38.426389999999998,-122.63545999999999,SONOMA,UNINCORPORATED,-122.83523941999999,38.426347720000003
6292540,2015,2015-09-01,9360,2015-05-21,1640,18881,,4,2,9,4900,0,1,3,,1,061,"RT 1","STONE CROP REACH",600.00,N,N,B,-,Y,SON,4,1,-,-,50.460,H,-,N,Y,1,1,1,1,A,-,08,22107,,N,E,I,A,A,H,-,A,D,0,,,,,Y,,A,08,0,1,0,0,0,0,0,0,0,"- ","- ",38.677880000000002,-123.42497,SONOMA,UNINCORPORATED,-123.42517262,38.677944500000002
6328157,2014,2014-06-03,9360,2014-01-01,1910,015552,,3,2,9,4900,0,3,5,,2,006,"CAZADERO HWY","OLD DUNCAN GRADE RD",560.00,N,N,A,-,N,,,,,,,,,,Y,2,0,1,1,A,-,08,22107,,N,F,A,A,A,H,-,D,D,0,,,,,Y,,A,01,1,0,0,0,0,0,0,0,0,"- ","- ",38.472769999999997,-123.04742,SONOMA,UNINCORPORATED,-123.04750711,38.472810520000003
6379261,2014,2014-06-16,9360,2014-02-05,2020,016524,,3,2,9,4900,0,2,4,,1,024,"MARK WEST SPRINGS RD","MICHELLE WY",4224.00,E,N,C,-,N,,,,,,,,,,Y,2,0,2,1,A,-,01,23152,A,N,E,I,A,B,H,-,D,D,0,,,,,Y,Y,A,01,2,0,0,0,0,0,0,0,0,"- ","- ",38.528550000000003,-122.72302999999999,SONOMA,UNINCORPORATED,-122.72057469000001,38.50745912
6408652,2014,2014-06-11,4904,2014-01-22,1835,368,,3,5,4,4904,0,0,0,,0,,"ADRIAN DR","BONNIE AV",26.00,S,N,A,-,N,,,,,,,,,,N,2,0,1,1,B,-,22,,,N,E,I,A,A,H,-,C,A,0,,,Y,,Y,,C,02,1,0,0,0,0,0,0,0,1,"- ","- ",,,SONOMA,"ROHNERT PARK",-122.70027,38.332230000000003
6414636,2014,2014-06-19,9360,2014-02-16,1440,19697,,7,2,9,4900,0,2,4,,1,034,"GUERNEVILLE RD","FULTON RD",1584.00,W,N,A,-,N,,,,,,,,,,Y,2,0,1,1,A,-,08,22107,,N,E,I,A,A,H,-,A,D,0,,,,,Y,,A,07,1,0,0,0,0,0,0,0,0,"- ","- ",38.452489999999997,-122.77603000000001,SONOMA,UNINCORPORATED,-122.77516262,38.452559999999998
6416957,2014,2014-06-28,9360,2014-03-17,0815,16045,,1,1,9,4900,0,3,5,,2,003,"GRATON RD","GREEN HILL RD",2112.00,W,N,A,-,N,,,,,,,,,,Y,2,0,1,1,A,-,01,23152,A,N,E,I,A,A,H,-,A,D,0,,,,,Y,Y,A,07,1,0,0,0,0,0,0,0,0,"- ","- ",,,SONOMA,UNINCORPORATED,-122.91051562,38.417255939999997
6500554,2014,2014-07-29,9360,2014-05-10,2355,20565,,6,3,9,4900,0,3,5,,2,004,"SONOMA MOUNTAIN RD","ADOBE RD",18480.00,N,N,A,-,N,,,,,,,,,,Y,2,0,1,1,A,-,01,23152,A,N,E,I,A,A,H,-,D,D,0,,,,,Y,Y,A,01,1,0,0,0,0,0,0,0,0,"- ","- ",38.322929999999999,-122.59005000000001,SONOMA,UNINCORPORATED,-122.59417443,38.316427179999998
6543310,2014,2014-08-18,4905,2014-06-21,1039,SR407,10606,6,5,6,4905,0,0,0,,0,006,"CYPRESS WY","HOEN AV",0.00,,Y,A,-,N,,,,,,,,,,Y,2,0,2,2,A,-,12,21453,A,N,D,C,A,A,H,-,A,A,0,,,,,Y,Y,A,01,1,0,1,0,0,0,0,0,0,"- ","- ",,,SONOMA,"SANTA ROSA",-122.68174990999999,38.437579939999999
6592384,2014,2014-09-04,9360,2014-08-19,1820,019405,,2,2,9,4900,0,2,4,,1,044,"ADOBE RD","FRATES RD",3168.00,E,N,A,-,N,,,,,,,,,,Y,2,0,1,1,A,-,08,22107,,N,E,I,A,A,H,-,A,D,0,,,,,Y,,A,01,1,0,0,0,0,0,0,0,0,"- ","- ",38.250369999999997,-122.55983000000001,SONOMA,UNINCORPORATED,-122.56896952,38.253492219999998
6598883,2014,2014-08-29,4905,2014-07-14,0442,SR480,10609,1,5,6,4905,0,0,0,,0,009,"HENDLEY ST","OAK ST",90.00,N,N,A,-,N,,,,,,,,,,N,2,0,1,2,A,-,"- ",,,M,C,G,A,A,H,-,C,D,0,,Y,,,Y,Y,-,99,1,0,0,0,0,0,1,0,0,"- ","- ",,,SONOMA,"SANTA ROSA",-122.70612392,38.433157190000003
6604679,2014,2014-09-22,9360,2014-08-14,1545,016000,,4,2,9,4900,0,3,5,,2,005,"PLEASANT HILL  RD","MITCHELL CT",335.00,S,N,A,-,N,,,,,,,,,,N,2,0,1,2,A,-,11,21954,A,N,G,B,D,A,H,-,A,A,0,Y,,,,Y,,N,60,1,0,0,0,1,0,0,0,0,"- ","- ",38.3932,-122.8359,SONOMA,UNINCORPORATED,-122.83600500999999,38.393363620000002
6606197,2014,2014-09-30,9360,2014-06-13,1850,020522,,5,2,9,4900,0,2,4,,1,032,"RIVER RD","SUNSET AV",3696.00,W,N,A,-,N,,,,,,,,,,Y,1,1,2,3,A,-,01,23152,F,N,B,C,A,A,H,-,A,D,0,,,,,Y,Y,D,22,1,0,1,0,0,0,0,0,0,"- ","- ",38.3018,-122.563,SONOMA,UNINCORPORATED,-122.94105844000001,38.504601630000003
6606253,2014,2015-12-28,9360,2014-07-12,0345,19681,,6,3,9,4900,0,2,4,,1,042,"PETALUMA HILL RD","HUNTER LN",341.00,N,N,A,-,N,,,,,,,,,,N,1,1,0,2,A,-,11,21956,A,F,G,B,E,A,H,-,D,D,0,Y,,,,Y,Y,N,60,0,0,0,1,0,0,0,0,0,"- ","- ",38.384439999999998,-122.68733,SONOMA,UNINCORPORATED,-122.68790056,38.385226279999998
6610605,2014,2014-09-24,4904,2014-08-30,2128,456,,6,5,4,4904,0,0,0,,0,003,"CAMINO COLEGIO","EAST COTATI AV",0.00,,Y,A,-,N,,,,,,,,,,N,2,0,1,2,A,-,10,21950,A,N,G,B,B,A,H,-,C,A,0,Y,,,,Y,,D,22,1,0,0,0,1,0,0,0,0,"- ","- ",,,SONOMA,"ROHNERT PARK",-122.68802998,38.334309900000001