CASE_ID,ACCIDENT_YEAR,PROC_DATE,JURIS,COLLISION_DATE,COLLISION_TIME,OFFICER_ID,REPORTING_DISTRICT,DAY_OF_WEEK,CHP_SHIFT,POPULATION,CNTY_CITY_LOC,SPECIAL_COND,BEAT_TYPE,CHP_BEAT_TYPE,CITY_DIVISION_LAPD,CHP_BEAT_CLASS,BEAT_NUMBER,PRIMARY_RD,SECONDARY_RD,DISTANCE,DIRECTION,INTERSECTION,WEATHER_1,WEATHER_2,STATE_HWY_IND,CALTRANS_COUNTY,CALTRANS_DISTRICT,STATE_ROUTE,ROUTE_SUFFIX,POSTMILE_PREFIX,POSTMILE,LOCATION_TYPE,RAMP_INTERSECTION,SIDE_OF_HWY,TOW_AWAY,COLLISION_SEVERITY,NUMBER_KILLED,NUMBER_INJURED,PARTY_COUNT,PRIMARY_COLL_FACTOR,PCF_CODE_OF_VIOL,PCF_VIOL_CATEGORY,PCF_VIOLATION,PCF_VIOL_SUBSECTION,HIT_AND_RUN,TYPE_OF_COLLISION,MVIW,PED_ACTION,ROAD_SURFACE,ROAD_COND_1,ROAD_COND_2,LIGHTING,CONTROL_DEVICE,CHP_ROAD_TYPE,PEDESTRIAN_ACCIDENT,BICYCLE_ACCIDENT,MOTORCYCLE_ACCIDENT,TRUCK_ACCIDENT,NOT_PRIVATE_PROPERTY,ALCOHOL_INVOLVED,STWD_VEHTYPE_AT_FAULT,CHP_VEHTYPE_AT_FAULT,COUNT_SEVERE_INJ,COUNT_VISIBLE_INJ,COUNT_COMPLAINT_PAIN,COUNT_PED_KILLED,COUNT_PED_INJURED,COUNT_BICYCLIST_KILLED,COUNT_BICYCLIST_INJURED,COUNT_MC_KILLED,COUNT_MC_INJURED,PRIMARY_RAMP,SECONDARY_RAMP,LATITUDE,LONGITUDE,COUNTY,CITY,POINT_X,POINT_Y
6642980,2014,2014-10-16,4905,2014-09-11,1839,SR394,10606,4,5,6,4905,0,0,0,,0,006,"JEAN DR","MONTGOMERY DR",185.00,N,N,A,-,N,,,,,,,,,,Y,2,0,2,1,A,-,"- ",,,N,E,I,A,A,H,-,A,D,0,,,,,Y,,A,07,1,0,1,0,0,0,0,0,0,"- ","- ",,,SONOMA,"SANTA ROSA",-122.69086434,38.44629707
6646239,2014,2016-05-14,9360,2014-09-29,1330,15552,,1,1,9,4900,0,1,3,,1,061,"RT 1","BURKE AV",7392.00,N,N,A,-,Y,SON,4,1,-,-,23.190,H,-,S,Y,2,0,1,1,A,-,08,22107,,N,E,I,A,A,H,-,A,D,0,,,,,Y,,A,01,1,0,0,0,0,0,0,0,0,"- ","- ",38.457729999999998,-123.14095,SONOMA,UNINCORPORATED,-123.1400257,38.45753775
6664480,2014,2016-01-13,4905,2014-08-04,1201,SR8702,10605,1,5,6,4905,0,0,0,,0,005,"GLENNBROOK DR","BROCKHURST DR",28.00,W,N,A,-,N,,,,,,,,,,N,2,0,1,1,A,-,08,22107,,N,E,I,A,A,H,-,A,D,0,,,Y,,Y,,C,02,1,0,0,0,0,0,0,0,1,"- ","- ",,,SONOMA,"SANTA ROSA",-122.74456766,38.437226090000003
6664726,2014,2014-12-18,9360,2014-10-01,1530,016652,,3,2,9,4900,0,2,4,,1,024,"CALISTOGA RD","PORTER CREEK RD",2112.00,S,N,A,-,N,,,,,,,,,,Y,2,0,1,2,A,-,05,21460,A,F,B,C,A,A,H,-,A,D,0,,,Y,,Y,,D,22,1,0,0,0,0,0,0,0,1,"- ","- ",38.54551,-122.65122,SONOMA,UNINCORPORATED,-122.65256248,38.54631389
6671597,2014,2014-12-16,4902,2014-10-01,1933,335,,3,5,2,4902,0,0,0,,0,004,"COTATI AV","LA PLAZA",0.00,,Y,A,-,N,,,,,,,,,,N,2,0,1,2,A,-,10,21950,A,N,G,B,B,A,H,-,C,A,0,Y,,,,Y,,A,01,1,0,0,0,1,0,0,0,0,"- ","- ",,,SONOMA,COTATI,-122.70751996,38.326709889999997
6705699,2014,2014-11-24,4900,2014-09-26,0657,SD2219,11101,5,5,3,4980,0,0,0,,0,WI1,"SHILOH RD","19TH HOLE DR",5.00,W,N,E,-,N,,,,,,,,,,Y,2,0,2,2,A,-,05,21460,A,N,D,C,A,A,H,-,A,D,0,,,Y,,Y,,C,02,1,1,0,0,0,0,0,0,1,"- ","- ",,,SONOMA,WINDSOR,-122.80442748,38.525709650000003
6716363,2014,2015-01-06,4905,2014-10-16,1852,SR452,10603,4,5,6,4905,0,0,0,,0,1852,"FULTON RD","GREENVALE CT",0.00,,Y,A,-,N,,,,,,,,,,N,2,0,1,2,A,-,09,21801,A,N,D,G,A,A,H,-,C,A,0,,Y,,,Y,,A,01,1,0,0,0,0,0,1,0,0,"- ","- ",,,SONOMA,"SANTA ROSA",-122.76962999,38.448679970000001
6730926,2014,2016-07-07,9360,2014-11-26,2020,014998,,3,2,9,4900,0,1,2,,2,040,"RT 101","3RD ST",420.00,S,N,A,-,Y,SON,4,101,-,-,19.900,H,-,N,Y,2,0,1,2,A,-,07,21658,A,N,B,C,A,A,H,-,D,D,1,,,Y,,Y,,A,01,1,0,0,0,0,0,0,0,1,"- ","- ",38.497109999999999,-122.71866,SONOMA,UNINCORPORATED,-122.71666249,38.434754720000001
6830475,2015,2015-03-06,4905,2015-01-03,0024,SR422,10602,6,5,6,4905,0,0,0,,0,002,"MENDOCINO AV","MCCONNELL AV",108.00,N,N,A,-,N,,,,,,,,,,Y,2,0,1,2,A,-,01,21200,5,N,D,G,A,A,H,-,C,D,0,,Y,,,Y,Y,L,04,1,0,0,0,0,0,1,0,0,"- ","- ",,,SONOMA,"SANTA ROSA",-122.71737638,38.455076470000002
6835422,2015,2015-03-13,9360,2015-02-15,0935,20082,,7,1,9,4900,0,3,5,,2,006,"JOY RD","BURL LN",854.00,N,N,A,-,N,,,,,,,,,,Y,2,0,1,1,A,-,08,22107,,N,E,I,A,A,H,-,A,D,0,,,,,Y,,A,01,1,0,0,0,0,0,0,0,0,"- ","- ",38.372309999999999,-122.96507,SONOMA,UNINCORPORATED,-122.96488423,38.372052320000002
6854087,2015,2015-03-25,9360,2015-02-14,1220,20136,,6,1,9,4900,0,1,3,,1,061,"RT 1","FORT ROSS RD",660.00,S,N,A,-,Y,SON,4,1,-,T,32.860,H,-,S,Y,1,1,3,4,A,-,05,21460,A,N,B,C,A,A,H,-,A,D,0,,,Y,,Y,,A,07,2,1,0,0,0,0,0,1,2,"- ","- ",38.51784,-123.24395,SONOMA,UNINCORPORATED,-123.24362994000001,38.51747194
6857033,2015,2016-10-26,9360,2015-03-13,1845,019825,,5,2,5,4908,0,1,2,,1,060,"RT 101","PETALLUMA BLVD N",2640.00,S,N,B,-,Y,SON,4,101,-,-,7.180,H,-,N,Y,2,0,2,1,A,-,08,22107,,N,E,I,A,A,H,-,B,D,1,,,,Y,Y,,G,25,1,1,0,0,0,0,0,0,0,"- ","- ",38.269350000000003,-122.66647,SONOMA,PETALUMA,-122.66393219,38.267146109999999
6889034,2015,2015-04-27,4905,2015-03-18,0851,SR353,10605,3,5,6,4905,0,0,0,,0,005,"OCCIDINTAL RD","FULTON RD",726.00,W,N,A,-,N,,,,,,,,,,Y,2,0,2,2,A,-,05,21460,A,N,A,C,A,A,H,-,A,D,0,,,,,Y,,A,01,1,0,1,0,0,0,0,0,0,"- ","- ",,,SONOMA,"SANTA ROSA",-122.77104154,38.427572830000003
6906089,2015,2016-12-14,9360,2015-04-18,1720,18828,,6,2,6,4905,0,1,2,,2,030,"RT 101","BICENTENNIAL WY",739.00,N,N,A,-,Y,SON,4,101,-,-,22.630,H,-,S,Y,2,0,1,1,A,-,01,23152,A,N,E,I,A,A,H,-,A,D,1,,,,,Y,Y,A,01,1,0,0,0,0,0,0,0,0,"- ","- ",38.472619999999999,-122.73033,SONOMA,"SANTA ROSA",-122.73014757,38.472116360000001
6924873,2015,2015-06-03,4908,2015-05-18,1453,2926,6,1,5,5,4908,0,0,0,,0,002,"LAKEVILLE ST","EAST WASHINGTON ST",25.00,N,N,A,-,N,,,,,,,,,,N,2,0,1,2,A,-,08,22107,,N,D,G,A,A,H,-,A,A,0,,Y,,,Y,,L,04,1,0,0,0,0,0,1,0,0,"- ","- ",,,SONOMA,PETALUMA,-122.63608103,38.238099720000001
6962858,2015,2015-07-09,9360,2015-06-04,1725,019833,,4,2,9,4900,0,2,4,,1,043,"OLD REDWOOD HWY","ADOBE RD",44.00,N,N,A,-,N,,,,,,,,,,Y,2,0,1,2,A,-,06,21750,A,N,B,C,A,A,H,-,A,D,0,,,Y,,Y,,C,02,1,0,0,0,0,0,0,0,1,"- ","- ",38.299669999999999,-122.67402,SONOMA,UNINCORPORATED,-122.67370182000001,38.299591790000001
6963321,2015,2015-07-10,9360,2015-06-01,1010,18667,,1,1,9,4900,0,2,4,,1,024,"CALISTOGA RD","BODMER LN",400.00,N,N,B,C,N,,,,,,,,,,Y,2,0,1,1,A,-,03,22350,,N,F,A,A,B,H,-,A,D,0,,,Y,,Y,,C,02,1,0,0,0,0,0,0,0,1,"- ","- ",38.542059999999999,-122.64837,SONOMA,UNINCORPORATED,-122.64824317,38.541538809999999
7006338,2015,2015-12-10,4905,2015-09-11,1051,SR394,10606,5,5,6,4905,0,0,0,,0,006,"NEOTOMAS AV","TOWNVIEW LN",195.00,E,N,A,-,N,,,,,,,,,,Y,1,1,0,2,C,-,18,,,F,G,B,E,B,H,-,A,D,0,Y,,,,Y,,-,"- ",0,0,0,1,0,0,0,0,0,"- ","- ",,,SONOMA,"SANTA ROSA",-122.68656888,38.43359925
7088834,2015,2015-10-21,4905,2015-08-06,0055,SR422,,4,5,6,4905,0,0,0,,0,004,"SAINT FRANCIS RD","EL ENCANTO DR",0.00,,Y,A,-,N,,,,,,,,,,N,2,0,1,2,A,-,11,21954,A,F,G,B,E,A,H,-,C,A,0,Y,,,,Y,Y,N,60,1,0,0,0,1,0,0,0,0,"- ","- ",,,SONOMA,"SANTA ROSA",-122.64670995,38.468319989999998
8002047,2016,2016-04-04,4905,2016-02-18,1003,SR397,10608,4,5,6,4905,0,0,0,,0,008,"FARMERS LN","PATIO CT",230.00,N,N,C,-,N,,,,,,,,,,Y,2,0,2,2,A,-,03,22350,,N,C,C,A,B,H,-,A,A,0,,,,Y,Y,,A,01,1,0,1,0,0,0,0,0,0,"- ","- ",,,SONOMA,"SANTA ROSA",-122.68737299999999,38.442326569999999
8002337,2016,2016-03-29,4905,2016-01-10,1711,SR473,10609,7,5,6,4905,0,0,0,,0,009,"NORTH DUTTON AV","KINGWOOD ST",10.00,S,N,A,-,N,,,,,,,,,,Y,2,0,2,2,A,-,07,21658,A,M,D,C,A,A,H,-,C,D,0,,,,,Y,,A,01,1,0,1,0,0,0,0,0,0,"- ","- ",,,SONOMA,"SANTA ROSA",-122.73054161,38.444452560000002
8096819,2016,2016-08-12,4900,2016-06-30,2204,SD1391,11101,4,5,3,4980,0,0,0,,0,WI1,"MARKET ST","WINDSOR RIVER RD",0.00,,Y,A,-,N,,,,,,,,,,Y,2,0,2,3,A,-,10,21950,A,N,G,B,B,A,H,-,C,D,0,Y,,,,Y,Y,A,01,2,0,0,0,2,0,0,0,0,"- ","- ",,,SONOMA,WINDSOR,-122.81373991,38.547319969999997
8142392,2016,2016-12-28,4908,2016-09-27,1744,2747,5,2,5,5,4908,0,0,0,,0,003,"WASHINGTON ST","KELLER ST",0.00,,Y,A,-,N,,,,,,,,,,Y,2,0,1,2,A,-,06,21951,,N,C,B,B,A,H,-,A,A,0,Y,,,,Y,,A,01,1,0,0,0,1,0,0,0,0,"- ","- ",,,SONOMA,PETALUMA,-122.64297989000001,38.235179950000003
8145190,2016,2016-10-24,4900,2016-09-30,0223,SD2342,-1,5,5,3,4980,0,0,0,,0,,"WINDSOR RD","JONES RD",112.00,S,N,A,-,N,,,,,,,,,,Y,2,0,2,2,A,-,01,23153,A,F,B,C,A,A,H,-,C,D,0,,,,,Y,Y,A,01,1,0,1,0,0,0,0,0,0,"- ","- ",,,SONOMA,WINDSOR,-122.8166994,38.529652460000001
81647015,2021,2021-12-09,4908,2021-06-07,1143,3417,8,1,5,5,4908,0,0,0,,0,004,"SONOMA MOUNTAIN PW","COLOMBARD RD",0.00,,Y,A,-,N,,,,,,,,,,N,2,0,3,4,A,-,10,21950,A,N,G,B,B,A,H,-,A,A,0,Y,,,,Y,,A,01,2,1,0,0,3,0,0,0,0,"- ","- ",38.268848419189453,-122.64325714111328,SONOMA,PETALUMA,-122.64327239990234,38.268863677978516
8167523,2017,2018-03-08,4905,2017-12-13,1733,SR469,10607,3,5,6,4905,0,0,0,,0,007,"SOUTH WRIGHT RD","PRICE AV",7.00,N,N,A,-,N,,,,,,,,,,Y,1,1,0,2,A,-,10,21950,A,F,G,B,B,A,H,-,B,A,0,Y,,,,Y,,A,01,0,0,0,1,0,0,0,0,0,"- ","- ",,,SONOMA,"SANTA ROSA",-122.76891000000001,38.419579229999997
8188780,2016,2017-03-02,4905,2016-09-14,0528,SR492,10604,3,5,6,4905,0,0,0,,0,004,"RT 12","4TH ST",0.00,,Y,A,-,Y,SON,4,12,-,-,17.697,I,5,W,Y,2,0,1,2,A,-,09,21453,C,N,D,C,A,A,H,-,C,A,0,,,Y,,Y,,C,02,1,0,0,0,0,0,0,0,1,"- ","- ",,,SONOMA,"SANTA ROSA",-122.68848033,38.449719979999998
8189587,2016,2016-12-19,4905,2016-09-29,1715,SR517,10609,4,5,6,4905,0,0,0,,0,009,"3RD ST","E ST",8.00,E,N,A,-,N,,,,,,,,,,N,2,0,1,2,A,-,11,21950,B,N,G,B,B,A,H,-,A,A,0,Y,,,,Y,Y,N,60,1,0,0,0,1,0,0,0,0,"- ","- ",,,SONOMA,"SANTA ROSA",-122.7100959,38.441141119999997
82015230,2023,2023-03-13,4905,2023-02-08,1759,1060550,,3,5,6,4905,0,0,0,,0,007,"CORBY AV","COTTONWOOD DR",150.00,S,N,A,-,N,,,,,,,,,,N,2,0,1,2,A,-,11,21954,A,F,G,B,D,A,H,-,A,D,0,Y,,,,Y,,N,60,1,0,0,0,1,0,0,0,0,"- ","- ",,,SONOMA,"SANTA ROSA",-122.71749877929688,38.416728973388672
82026347,2022,2023-03-23,4908,2022-09-30,1639,2641,8,5,5,5,4908,0,0,0,,0,001,"ELY BL SOUTH","GILRIX ST",0.00,,Y,A,-,N,,,,,,,,,,N,2,0,1,2,A,-,09,21801,A,N,D,C,A,A,H,-,A,A,0,,,Y,,Y,,A,07,1,0,0,0,0,0,0,0,1,"- ","- ",38.254661560058594,-122.61660766601562,SONOMA,PETALUMA,-122.61639404296875,38.255031585693359
82109033,2023,2023-07-04,4905,2023-03-03,1828,1060576,4905,5,5,6,4905,0,0,0,,0,006,"HOEN AV","SIERRA CREEK LANE",0.00,,Y,A,-,N,,,,,,,,,,Y,2,0,1,2,A,-,10,21950,A,N,G,B,C,A,H,-,C,D,0,Y,,,,Y,Y,A,01,1,0,0,0,1,0,0,0,0,"- ","- ",,,SONOMA,"SANTA ROSA",-122.66546630859375,38.441719055175781
82109105,2023,2023-07-04,4905,2023-05-13,1939,1060550,,6,5,6,4905,0,0,0,,0,006,"HWY 12","LOS ALAMOS RD",0.00,,Y,A,-,Y,,,,,,,,,,Y,2,0,3,2,A,-,12,21453,A,N,D,C,A,A,H,-,A,A,0,,,,,Y,,D,22,2,1,0,0,0,0,0,0,0,"- ","- ",,,SONOMA,"SANTA ROSA",-122.63425445556641,38.458141326904297
82130146,2023,2023-07-31,4908,2023-06-04,"916 ",3611,9,7,5,5,4908,0,0,0,,0,004,"NORTH MCDOWELL BL","CANDLEWOOD DR",0.00,,Y,A,-,N,,,,,,,,,,N,2,0,1,2,A,-,03,22350,,N,G,B,D,A,H,-,A,D,0,Y,,,,Y,,A,08,1,0,0,0,1,0,0,0,0,"- ","- ",38.257850646972656,-122.6419677734375,SONOMA,PETALUMA,-122.64176177978516,38.258064270019531
82173159,2023,2023-09-19,4902,2023-08-29,1754,105348,,2,5,2,4902,0,0,0,,0,,"SCHOOL ST","CLIFFORD ST",0.00,,Y,A,-,N,,,,,,,,,,N,2,0,1,2,A,-,12,22450,A,N,D,C,A,A,H,-,A,A,0,,,Y,,Y,,C,02,1,0,0,0,0,0,0,0,1,"- ","- ",,,SONOMA,COTATI,-122.71382904052734,38.325870513916016
82271746,2023,2023-12-27,4907,2023-11-29,1433,1102945,,3,5,2,4907,0,0,0,,0,SO1,"5TH ST WEST","MACARTHUR ST",0.00,,Y,A,-,N,,,,,,,,,,N,2,0,1,2,A,-,09,21800,A,N,D,C,A,A,H,-,A,A,0,,,Y,,Y,,-,"- ",1,0,0,0,0,0,0,0,1,"- ","- ",,,SONOMA,SONOMA,-122.46921539306641,38.2857666015625
82286454,2023,2024-01-15,4905,2023-12-21,1808,1060541,,4,5,6,4905,0,0,0,,0,001,"CLEVELAND AV","JENNINGS AV",0.00,,Y,A,-,N,,,,,,,,,,Y,2,0,3,2,A,-,09,21801,A,N,A,C,A,A,H,-,C,D,0,,,,,Y,,D,22,1,0,2,0,0,0,0,0,0,"- ","- ",,,SONOMA,"SANTA ROSA",-122.72640991210938,38.453975677490234
82291233,2023,2024-01-24,4905,2023-12-26,2305,1060550,,2,5,6,4905,0,0,0,,0,005,"DUTTON AV","SEBASTOPOL RD",26.00,N,N,B,-,N,,,,,,,,,,Y,2,0,1,2,A,-,11,21954,A,N,G,B,D,A,H,-,C,A,0,Y,,,,Y,Y,N,60,1,0,0,0,1,0,0,0,0,"- ","- ",,,SONOMA,"SANTA ROSA",-122.72532653808594,38.430690765380859
82419970,2024,2024-06-21,4905,2024-05-30,1706,1060550,,4,5,6,4905,0,0,0,,0,009,"COLLEGE AV","KING ST",0.00,,Y,A,-,N,,,,,,,,,,Y,2,0,1,2,A,-,09,21801,A,N,D,C,A,A,H,-,A,A,0,,,Y,,Y,Y,A,07,1,0,0,0,0,0,0,0,1,"- ","- ",,,SONOMA,"SANTA ROSA",-122.71087646484375,38.445472717285156
8330154,2017,2017-03-29,4900,2017-03-08,1905,SD2340,11101,3,5,3,4980,0,0,0,,0,WI1,"OLD REDWOOD HWY","2ND ST",0.00,,Y,A,-,N,,,,,,,,,,Y,2,0,1,2,A,-,09,21801,A,N,D,C,A,A,H,-,C,D,0,,,Y,,Y,,A,01,1,0,0,0,0,0,0,0,1,"- ","- ",,,SONOMA,WINDSOR,-122.80399994,38.545259970000004
8348194,2017,2017-04-28,4905,2017-03-14,1259,SR215,10607,2,5,6,4905,0,0,0,,0,007,"STONY POINT RD","LUDWIG AV",130.00,N,N,A,-,N,,,,,,,,,,Y,2,0,3,2,A,-,05,21651,B,N,A,C,A,A,H,-,A,D,0,,,,,Y,,D,22,1,0,2,0,0,0,0,0,0,"- ","- ",,,SONOMA,"SANTA ROSA",-122.74147794,38.403877100000003
8393119,2017,2017-06-29,4905,2017-05-16,0548,SR514,10605,2,5,6,4905,0,0,0,,0,005,"FULTON RD","WEST 3RD ST",0.00,,Y,A,-,N,,,,,,,,,,Y,2,0,4,2,A,-,09,21453,C,N,A,C,A,A,H,-,B,A,0,,,,,Y,,A,08,1,1,2,0,0,0,0,0,0,"- ","- ",,,SONOMA,"SANTA ROSA",-122.77024987999999,38.438079940000001
8404452,2016,2017-08-17,4908,2016-08-31,0800,PE2310,,3,5,5,4908,0,0,0,,0,,"PETALLUMA BLVD N","GOSSAGE AV",284.00,N,N,A,-,N,,,,,,,,,,Y,1,2,0,1,A,-,00,23153,F,N,E,I,A,A,H,-,A,D,0,,,,,Y,,A,01,0,0,0,0,0,0,0,0,0,"- ","- ",38.258020000000002,-122.65545,SONOMA,PETALUMA,-122.65551424,38.257832229999998
8404482,2017,2017-09-23,4905,2017-02-07,0535,SR473,10603,2,5,6,4905,0,0,0,,0,003,"WEST STEELE LN","APPLE VALLEY LN",0.00,,Y,C,-,N,,,,,,,,,,Y,1,1,0,2,A,-,10,21950,A,N,G,B,B,B,H,-,C,A,0,Y,,,,Y,,D,22,0,0,0,1,0,0,0,0,0,"- ","- ",,,SONOMA,"SANTA ROSA",-122.74295993,38.459749950000003
84412062,2024,2024-09-30,4905,2024-08-01,2140,1060593,,4,5,6,4905,0,0,0,,0,007,"HEARN AV","WHITEWOOD DR",126.00,W,N,A,-,N,,,,,,,,,,N,1,1,0,2,A,-,11,21950,B,F,G,B,D,A,H,-,C,A,0,Y,,,,Y,,N,60,0,0,0,1,0,0,0,0,0,"- ","- ",,,SONOMA,"SANTA ROSA",-122.72099304199219,38.414363861083984
84428807,2024,2024-10-14,4905,2024-09-30,"942 ",1060509,,1,5,6,4905,0,0,0,,0,,"COLLEGE AV","NB COLLEGE AV ONRAMP",0.00,,Y,A,-,N,,,,,,,,,,N,2,0,1,2,A,-,08,22107,,F,D,G,A,A,H,-,A,A,0,,Y,,,Y,,-,35,1,0,0,0,0,0,1,0,0,"- ","- ",,,SONOMA,"SANTA ROSA",-122.72873687744141,38.445892333984375
84495356,2024,2024-12-09,4904,2024-07-31,"226 ",1040567,,3,5,4,4904,0,0,0,,0,001,"KERRY ROAD","KEISER AVE",166.00,S,N,A,-,N,,,,,,,,,,N,2,0,2,5,A,-,08,22107,,N,C,E,A,A,H,-,C,D,0,,,,,Y,,A,01,1,1,0,0,0,0,0,0,0,"- ","- ",,,SONOMA,"ROHNERT PARK",-122.67625427246094,38.353675842285156
8457850,2017,2017-10-06,4905,2017-08-05,2150,SR394,,6,5,6,4905,0,0,0,,0,002,"MENDOCINO AV","DENTON WY",54.00,N,N,A,-,N,,,,,,,,,,Y,2,0,1,2,A,-,11,21950,B,N,G,B,B,A,H,-,C,A,0,Y,,,,Y,,N,60,1,0,0,0,1,0,0,0,0,"- ","- ",,,SONOMA,"SANTA ROSA",-122.71761382,38.448748250000001
84595392,2025,2025-03-04,4905,2025-02-19,1813,1060550,,3,5,6,4905,0,0,0,,0,006,"VALLEY OAKS DR","OAKMONT DR",70.00,N,N,A,-,N,,,,,,,,,,N,2,0,1,2,A,-,03,22350,,N,C,G,A,A,H,-,B,D,0,,Y,,,Y,,L,04,1,0,0,0,0,0,1,0,0,"- ","- ",,,SONOMA,"SANTA ROSA",-122.58851623535156,38.430156707763672
84606901,2025,2025-03-18,4905,2025-02-21,2038,1060561,,5,5,6,4905,0,0,0,,0,004,"HWY 12","MIDDLE RINCON RD",0.00,,Y,A,-,N,,,,,,,,,,Y,2,0,2,3,A,-,09,21453,C,N,G,B,F,A,H,-,C,A,0,Y,,,,Y,,A,01,1,0,1,0,1,0,0,0,0,"- ","- ",,,SONOMA,"SANTA ROSA",-122.66499328613281,38.463893890380859
8465396,2017,2018-09-19,4908,2017-02-11,1929,2310,13,6,5,5,4908,0,0,0,,0,001,"SOUTH MCDOWELL BL","CAULFIELD LN",5.00,N,N,A,E,N,,,,,,,,,,Y,1,1,0,2,A,-,11,21456,B,F,G,-,B,A,H,-,C,A,0,Y,,,,Y,,N,60,0,0,0,1,0,0,0,0,0,"- ","- ",38.243160000000003,-122.61512999999999,SONOMA,PETALUMA,-122.61516417999999,38.243177979999999
8531989,2017,2018-01-18,4905,2017-11-12,1934,SR514,10608,7,5,6,4905,0,0,0,,0,008,"SANTA ROSA AV","BARHAM AV",88.00,N,N,A,-,N,,,,,,,,,,Y,2,0,1,2,A,-,08,22107,,N,B,C,A,A,H,-,C,D,0,,,Y,,Y,,A,01,1,0,0,0,0,0,0,0,1,"- ","- ",,,SONOMA,"SANTA ROSA",-122.71307528,38.427413219999998
8583635,2018,2018-04-03,4900,2018-03-16,1555,SD1536,11101,5,5,3,4980,0,0,0,,0,WI1,"OLD REDWOOD HWY","3RD ST",0.00,,Y,A,-,N,,,,,,,,,,N,2,0,1,2,A,-,10,21950,A,N,G,B,B,B,H,-,A,A,0,Y,,,,Y,,A,01,1,0,0,0,1,0,0,0,0,"- ","- ",,,SONOMA,WINDSOR,-122.80500793457031,38.545589447021484
8601707,2018,2018-08-10,4905,2018-03-03,1433,SR8708,10604,6,5,6,4905,0,0,0,,0,004,"RT 12","FARMERS LN",1550.00,E,N,C,-,Y,SON,4,12,-,-,17.990,H,-,E,Y,2,0,5,4,A,-,03,22350,,N,B,C,A,B,H,-,A,D,0,,,,,Y,,A,01,1,1,3,0,0,0,0,0,0,"- ","- ",,,SONOMA,"SANTA ROSA",-122.68363952636719,38.449752807617188
8614653,2018,2018-05-01,4905,2018-02-13,1848,SR394,10606,2,5,6,4905,0,0,0,,0,006,"SONOMA AV","WYOMING DR",225.00,W,N,A,-,N,,,,,,,,,,Y,2,0,4,3,A,-,01,23152,G,N,A,C,A,A,H,-,D,D,0,,,,,Y,Y,A,01,3,0,1,0,0,0,0,0,0,"- ","- ",,,SONOMA,"SANTA ROSA",-122.67094421386719,38.449127197265625
8636477,2018,2018-06-21,4905,2018-04-02,1551,SR514,10607,1,5,6,4905,0,0,0,,0,007,"SEBASTOPOL RD","CORPORATE CENTER  PKWY",62.00,E,N,A,-,N,,,,,,,,,,Y,2,0,1,2,A,-,03,22350,,N,C,C,A,A,H,-,A,D,0,,,,,Y,,A,01,1,0,0,0,0,0,0,0,0,"- ","- ",,,SONOMA,"SANTA ROSA",-122.75314331054688,38.425952911376953
8648366,2018,2020-05-26,4904,2018-10-19,0110,529,CENTR,5,5,4,4904,0,0,0,,0,003,"ROHNERT PARK EXPWY","COUNTRY CLUB DR",0.00,,Y,A,-,N,,,,,,,,,,Y,1,1,0,2,A,-,12,21453,A,N,D,C,A,A,H,-,C,A,0,,,,,Y,Y,A,01,0,0,0,0,0,0,0,0,0,"- ","- ",38.348121643066406,-122.69612121582031,SONOMA,"ROHNERT PARK",-122.69615173339844,38.348171234130859
8653611,2018,2018-07-11,4903,2018-06-27,1420,1434,1,3,5,3,4903,0,0,0,,0,,"GROVE ST","DRY CREEK RD",97.00,S,N,A,-,N,,,,,,,,,,N,2,0,1,1,A,-,03,22350,,N,A,I,A,A,H,-,A,A,0,,,,,Y,,D,22,1,0,0,0,0,0,0,0,0,"- ","- ",38.626258850097656,-122.87574768066406,SONOMA,HEALDSBURG,-122.87577056884766,38.626003265380859
8657742,2018,2018-10-04,4905,2018-07-07,1324,SR429,10605,6,5,6,4905,0,0,0,,0,005,"WEST 3RD ST","RUSCH CT",800.00,E,N,A,-,N,,,,,,,,,,Y,2,0,1,2,A,-,09,21801,A,N,D,C,A,A,H,-,A,D,0,,,Y,,Y,,A,01,1,0,0,0,0,0,0,0,1,"- ","- ",,,SONOMA,"SANTA ROSA",-122.73136138916016,38.433071136474609
8695759,2018,2018-09-24,4905,2018-08-13,0914,SR474,10609,1,5,6,4905,0,0,0,,0,009,"WEST 9TH ST","N DUTTON AV",20.00,W,N,A,-,N,,,,,,,,,,Y,2,0,1,1,A,-,01,23152,A,N,E,I,A,A,H,-,A,D,0,,,Y,,Y,Y,C,02,1,0,0,0,0,0,0,0,1,"- ","- ",,,SONOMA,"SANTA ROSA",-122.72904968261719,38.441612243652344
8697035,2018,2018-09-26,4905,2018-06-29,1907,SR529,10606,5,5,6,4905,0,0,0,,0,006,"BENNETT VALLEY RD","BETHARDS DR",0.00,,Y,A,-,N,,,,,,,,,,Y,2,0,1,4,A,-,09,21801,A,N,D,C,A,A,H,-,A,A,0,,,Y,,Y,,C,02,1,0,0,0,0,0,0,0,1,"- ","- ",,,SONOMA,"SANTA ROSA",-122.67420196533203,38.424900054931641
8698894,2018,2018-09-26,4905,2018-05-28,0328,SR517,10607,1,5,6,4905,0,0,0,,0,007,"STONY POINT RD","HEARN AV",0.00,,Y,A,-,N,,,,,,,,,,Y,2,0,3,2,A,-,01,23152,A,F,D,C,A,A,H,-,A,D,0,,,,,Y,Y,A,01,1,1,1,0,0,0,0,0,0,"- ","- ",,,SONOMA,"SANTA ROSA",-122.74137878417969,38.412090301513672
8730710,2018,2018-11-07,4905,2018-09-26,1237,SR353,10604,3,5,6,4905,0,0,0,,0,004,"MONTECITO BL","SAINT MARY DR",0.00,,Y,A,-,N,,,,,,,,,,Y,2,0,1,2,A,-,09,21801,A,N,D,C,A,A,H,-,A,A,0,,,Y,,Y,,D,22,1,0,0,0,0,0,0,0,1,"- ","- ",,,SONOMA,"SANTA ROSA",-122.66481018066406,38.478199005126953