CASE_ID,ACCIDENT_YEAR,PROC_DATE,JURIS,COLLISION_DATE,COLLISION_TIME,OFFICER_ID,REPORTING_DISTRICT,DAY_OF_WEEK,CHP_SHIFT,POPULATION,CNTY_CITY_LOC,SPECIAL_COND,BEAT_TYPE,CHP_BEAT_TYPE,CITY_DIVISION_LAPD,CHP_BEAT_CLASS,BEAT_NUMBER,PRIMARY_RD,SECONDARY_RD,DISTANCE,DIRECTION,INTERSECTION,WEATHER_1,WEATHER_2,STATE_HWY_IND,CALTRANS_COUNTY,CALTRANS_DISTRICT,STATE_ROUTE,ROUTE_SUFFIX,POSTMILE_PREFIX,POSTMILE,LOCATION_TYPE,RAMP_INTERSECTION,SIDE_OF_HWY,TOW_AWAY,COLLISION_SEVERITY,NUMBER_KILLED,NUMBER_INJURED,PARTY_COUNT,PRIMARY_COLL_FACTOR,PCF_CODE_OF_VIOL,PCF_VIOL_CATEGORY,PCF_VIOLATION,PCF_VIOL_SUBSECTION,HIT_AND_RUN,TYPE_OF_COLLISION,MVIW,PED_ACTION,ROAD_SURFACE,ROAD_COND_1,ROAD_COND_2,LIGHTING,CONTROL_DEVICE,CHP_ROAD_TYPE,PEDESTRIAN_ACCIDENT,BICYCLE_ACCIDENT,MOTORCYCLE_ACCIDENT,TRUCK_ACCIDENT,NOT_PRIVATE_PROPERTY,ALCOHOL_INVOLVED,STWD_VEHTYPE_AT_FAULT,CHP_VEHTYPE_AT_FAULT,COUNT_SEVERE_INJ,COUNT_VISIBLE_INJ,COUNT_COMPLAINT_PAIN,COUNT_PED_KILLED,COUNT_PED_INJURED,COUNT_BICYCLIST_KILLED,COUNT_BICYCLIST_INJURED,COUNT_MC_KILLED,COUNT_MC_INJURED,PRIMARY_RAMP,SECONDARY_RAMP,LATITUDE,LONGITUDE,COUNTY,CITY,POINT_X,POINT_Y
91261976,2020,2020-07-02,9360,2020-06-28,0030,021187,,7,3,9,4900,0,3,5,,2,004,"LYNCH RD.","HILLSBOROUGH DR",1056.00,W,N,A,-,N,,,,,,,,,,N,2,0,1,1,C,-,18,,,N,H,A,A,A,H,-,D,D,0,,,,,Y,,-,"- ",1,0,0,0,0,0,0,0,0,"- ","- ",38.312160491943359,-122.60810089111328,SONOMA,UNINCORPORATED,-122.60793304443359,38.312145233154297
91264988,2020,2020-07-08,9360,2020-07-01,1145,015434,,3,1,5,4908,0,1,2,,2,050,"US 101 S/B TO PETALUMA BLVD NORTH","PETALUMA BLVD N",528.00,N,N,A,-,Y,,,,,,,,,,Y,2,0,1,1,A,-,03,22350,,N,E,I,A,A,H,-,A,D,0,,,Y,,Y,,C,02,1,0,0,0,0,0,0,0,1,"- ","- ",38.272079467773438,-122.671142578125,SONOMA,PETALUMA,-122.61601257324219,38.229362487792969
91289496,2020,2020-08-20,9360,2020-08-17,1450,018881,,1,2,9,4900,0,1,3,,1,063,SR-1,"BODEGA HIGHWAY",2112.00,N,N,A,-,Y,,,1,,,,,,,Y,2,0,2,2,A,-,03,22350,,N,C,C,A,A,H,-,A,D,0,,,Y,,Y,,C,02,1,0,1,0,0,0,0,0,1,"- ","- ",38.337131500244141,-122.98406982421875,SONOMA,UNINCORPORATED,-122.98406982421875,38.337142944335938
91315007,2020,2020-10-16,9350,2020-08-24,0615,021586,,1,1,9,4900,0,1,3,,2,137,"SR-37 W/B",SR-121,0.00,,Y,A,F,Y,,,37,,,,,,W,Y,1,1,2,3,A,-,12,21453,A,N,D,C,A,A,H,-,B,A,0,,,,Y,Y,,G,27,0,1,1,0,0,0,0,0,0,"- ","- ",38.150951385498047,-122.44947052001953,SONOMA,UNINCORPORATED,-122.44947052001953,38.150947570800781
9132791,2020,2020-12-03,4907,2020-08-07,1752,SD2805,10704,5,5,2,4907,0,0,0,,0,SO1,BROADWAY,"NAPA RD",0.00,,Y,A,-,Y,SON,4,12,-,-,38.690,I,5,W,Y,2,0,2,2,A,-,09,21453,C,N,A,C,A,A,H,-,A,A,0,,,,,Y,,A,01,1,0,1,0,0,0,0,0,0,"- ","- ",,,SONOMA,SONOMA,-122.46034240722656,38.275794982910156
91338161,2020,2020-11-03,9360,2020-10-22,1200,021326,,4,1,6,4905,0,3,5,,2,005,"SAN ANTONIO RD","1 ST",1800.00,E,N,A,-,N,,,,,,,,,,N,2,0,1,1,A,-,03,22350,,N,H,A,A,A,H,-,A,D,0,,Y,,,Y,,L,04,1,0,0,0,0,0,1,0,0,"- ","- ",38.182941436767578,-122.62818908691406,SONOMA,"SANTA ROSA",,
91344641,2020,2020-11-13,9360,2020-11-08,0008,021989,,7,3,9,4900,0,2,4,,1,024,"MARK WEST SPRINGS RD","MARK WEST LN",400.00,E,N,A,-,N,,,,,,,,,,Y,2,0,2,2,A,-,01,23152,A,N,A,C,A,A,H,-,D,D,0,,,,,Y,Y,A,01,1,1,0,0,0,0,0,0,0,"- ","- ",38.535411834716797,-122.72560119628906,SONOMA,UNINCORPORATED,-122.72515869140625,38.529872894287109
91354055,2020,2020-11-25,9325,2020-09-28,1830,019775,,1,2,9,4900,0,2,S,,2,067,"MADRONE ROAD","STATE ROUTE-12",2640.00,W,N,F,-,N,,,,,,,,,,Y,1,1,0,1,A,-,08,22107,,N,E,I,A,A,H,-,B,D,0,,,Y,,Y,,C,02,0,0,0,0,0,0,0,1,0,"- ","- ",38.340179443359375,-122.50576782226562,SONOMA,UNINCORPORATED,,
91358821,2020,2020-12-04,9360,2020-11-30,0919,013838,,1,1,6,4905,0,1,3,,1,051,"SR-12 WB TO SB US-101",SR-12,231.00,N,N,A,-,Y,,,,,,,,,,Y,2,0,1,1,A,-,08,22107,,N,B,I,A,A,H,-,A,D,0,,,Y,,Y,,C,02,1,0,0,0,0,0,0,0,1,"- ","- ",38.255691528320312,-122.43016815185547,SONOMA,"SANTA ROSA",,
91392660,2021,2021-01-22,9360,2021-01-17,1155,019366,,7,1,9,4900,0,2,4,,1,032,"FULTON ROAD","RIVER ROAD",0.00,,Y,A,-,N,,,,,,,,,,Y,2,0,1,1,C,-,18,,,N,E,I,A,A,H,-,A,A,0,,,,,Y,,-,"- ",1,0,0,0,0,0,0,0,0,"- ","- ",38.496578216552734,-122.77010345458984,SONOMA,UNINCORPORATED,-122.77008819580078,38.496528625488281
91395547,2021,2021-01-28,9360,2021-01-04,0820,013838,,1,1,9,4900,0,1,3,,1,041,"SR-12 E/B","OAKMONT DR",2112.00,E,N,C,-,Y,,,12,,,,,,E,Y,1,2,1,2,A,-,03,22350,,N,D,C,A,B,D,-,A,D,0,,,,,Y,,A,01,0,1,0,0,0,0,0,0,0,"- ","- ",38.4415283203125,-122.59745025634766,SONOMA,UNINCORPORATED,-122.59737396240234,38.441692352294922
91408580,2021,2021-02-16,9360,2021-02-03,0344,020828,,3,3,6,4905,0,1,3,,1,051,"SR-12 WB TO US-101 NB",US-101,430.00,N,N,A,-,Y,,,12,,,,R,,W,Y,2,0,1,1,A,-,01,23152,A,N,E,I,A,A,H,-,C,D,0,,,,,Y,Y,A,01,1,0,0,0,0,0,0,0,0,"- ","- ",38.433639526367188,-122.71626281738281,SONOMA,"SANTA ROSA",-122.71626281738281,38.433639526367188
91409663,2021,2021-02-17,9360,2021-01-25,0015,020828,,1,3,3,4903,0,1,2,,2,020,"US-101 SOUTHBOUND (REDWOOD HIGHWAY)","DRY CREEK ROAD",4200.00,S,N,A,-,Y,,,101,,,,,,S,Y,1,1,1,1,A,-,08,22107,,N,E,I,A,B,H,-,D,D,0,,,,,Y,,A,01,1,0,0,0,0,0,0,0,0,"- ","- ",38.613990783691406,-122.87859344482422,SONOMA,HEALDSBURG,-122.87854766845703,38.614006042480469
91416853,2021,2021-02-26,9325,2021-02-14,1340,021896,,7,1,9,4900,0,1,3,,1,063,SR-12,"VERANO AVE",0.00,,Y,B,-,Y,,,12,,,,,,,N,2,0,2,3,A,-,10,21950,A,N,G,B,B,A,H,-,A,A,0,Y,,,,Y,,A,07,1,1,0,0,2,0,0,0,0,"- ","- ",38.302810668945312,-122.47617340087891,SONOMA,UNINCORPORATED,-122.47618865966797,38.302791595458984
9144545,2020,2020-09-10,4905,2020-06-15,2214,SR500,10607,1,5,6,4905,0,0,0,,0,007,"BEACHWOOD DR","ARROWOOD DR",50.00,S,N,A,-,N,,,,,,,,,,Y,2,0,2,4,A,-,03,22350,,N,A,C,E,A,H,-,A,D,0,Y,,,,Y,Y,D,22,1,1,0,0,1,0,0,0,0,"- ","- ",,,SONOMA,"SANTA ROSA",-122.72062683105469,38.421154022216797
91454913,2021,2021-04-21,9350,2021-04-13,0730,015765,,2,1,9,4900,0,1,3,,2,137,"S.R. 37 W/B","S.R. 121",410.00,E,N,B,-,Y,,,,,,,,,,Y,2,0,1,2,A,-,07,21658,A,N,B,C,A,A,H,-,A,D,0,,,Y,,Y,,A,01,1,0,0,0,0,0,0,0,1,"- ","- ",38.151458740234375,-122.44788360595703,SONOMA,UNINCORPORATED,,
91457160,2021,2021-04-23,9360,2021-04-17,1045,020731,,6,1,9,4900,0,1,3,,1,051,"SR-12 W/B TO US 101 S/B","SR-12 E/B O/C",500.00,N,N,A,-,Y,,,,,,,,,,Y,2,0,1,1,A,-,08,22107,,N,F,A,A,A,H,-,A,D,0,,,Y,,Y,,C,02,1,0,0,0,0,0,0,0,1,"- ","- ",38.432598114013672,-122.71701812744141,SONOMA,UNINCORPORATED,-122.45782470703125,38.291839599609375
91466942,2021,2021-05-06,9325,2021-04-14,1800,018954,,3,2,9,4900,0,1,3,,1,051,"SR-121 N/B","MEADOWLARK LN",9926.00,S,N,A,-,Y,,,121,,,,,,N,Y,2,0,2,2,C,-,18,,,N,A,C,A,A,H,-,A,D,0,,,,,Y,,-,"- ",1,1,0,0,0,0,0,0,0,"- ","- ",38.197551727294922,-122.44589233398438,SONOMA,UNINCORPORATED,-122.44590759277344,38.197544097900391
91470772,2021,2021-05-12,9360,2021-05-05,1431,020266,,3,2,9,4900,0,2,4,,1,038,"OCCIDENTAL ROAD","MILL STATION RD",1500.00,E,N,A,-,N,,,,,,,,,,N,2,0,1,1,A,-,03,22350,,N,F,G,A,A,G,-,A,D,0,,Y,,,Y,,L,04,1,0,0,0,0,0,1,0,0,"- ","- ",38.423511505126953,-122.86399841308594,SONOMA,UNINCORPORATED,-122.86996459960938,38.421745300292969
91498266,2021,2021-06-16,9325,2021-06-07,1615,022538,,1,2,9,4900,0,1,3,,1,053,SR-116,"21715 ARNOLD DR",500.00,E,N,A,-,Y,,,116,,,,,,,Y,2,0,2,2,A,-,01,23152,A,N,A,C,A,A,H,-,A,D,0,,,,,Y,Y,A,01,2,0,0,0,0,0,0,0,0,"- ","- ",38.254268646240234,-122.47841644287109,SONOMA,UNINCORPORATED,-122.47843933105469,38.254245758056641
91499635,2021,2021-06-17,9360,2021-05-26,0230,019092,,3,3,9,4900,0,1,3,,1,063,SR-1,"WINDY LANE",528.00,N,N,A,-,Y,,,1,,,,,,,N,2,0,2,1,A,-,08,22107,,F,E,I,A,A,H,-,D,D,0,,,,,Y,Y,-,99,1,1,0,0,0,0,0,0,0,"- ","- ",38.3355712890625,-123.0455322265625,SONOMA,UNINCORPORATED,-123.04557800292969,38.335586547851562
91504969,2021,2021-06-24,9360,2021-06-14,2007,020266,,1,2,9,4900,0,2,4,,1,032,"RIVER ROAD","MARTINELLI ROAD",35.00,E,N,A,-,N,,,,,,,,,,Y,2,0,1,1,A,-,01,23152,A,N,E,I,A,A,H,-,A,D,0,,,,,Y,Y,A,01,1,0,0,0,0,0,0,0,0,"- ","- ",38.503250122070312,-122.90984344482422,SONOMA,UNINCORPORATED,-122.90983581542969,38.503322601318359
91529895,2021,2021-07-27,9350,2021-07-18,1101,022441,,7,1,9,4900,0,1,3,,2,137,"SR-37 E/B",SR-121,500.00,W,N,A,-,Y,,,37,,,,,,E,Y,2,0,1,2,A,-,07,21658,A,N,C,C,A,A,H,-,A,D,0,,,Y,,Y,,A,08,1,0,0,0,0,0,0,0,1,"- ","- ",38.148891448974609,-122.45237731933594,SONOMA,UNINCORPORATED,-122.452392578125,38.148902893066406
91540501,2021,2021-08-09,9360,2021-07-18,1938,022370,,7,2,9,4900,0,3,5,,2,005,"FALLON-TWO ROCK RD","GERICKE RD",4224.00,E,N,A,-,N,,,,,,,,,,Y,2,0,1,1,A,-,08,22107,,N,E,I,A,A,H,-,A,D,0,,,,,Y,,A,01,1,0,0,0,0,0,0,0,0,"- ","- ",38.275440216064453,-122.87528991699219,SONOMA,UNINCORPORATED,-122.87564849853516,38.275417327880859
91542146,2021,2021-08-11,9360,2021-06-14,2500,022371,,1,4,9,4900,0,1,3,,1,021,SR-128,"CHALK HILL ROAD",1056.00,E,N,A,-,Y,,,128,,,,,,,Y,1,1,0,1,A,-,08,22107,,N,F,0,A,A,H,-,D,D,0,,,,,Y,,A,01,0,0,0,0,0,0,0,0,0,"- ","- ",38.638679504394531,-122.76680755615234,SONOMA,UNINCORPORATED,-122.76686859130859,38.63873291015625
91563382,2021,2021-09-06,9360,2021-08-23,2220,022371,,1,3,9,4900,0,2,4,,1,024,"CALISTOGA ROAD","CHALFANT ROAD",150.00,S,N,A,-,N,,,,,,,,,,Y,2,0,1,1,A,-,01,23152,A,N,E,I,A,A,H,-,D,D,0,,,Y,,Y,Y,C,02,1,0,0,0,0,0,0,0,1,"- ","- ",38.544101715087891,-122.64771270751953,SONOMA,UNINCORPORATED,-122.64772796630859,38.544090270996094
91570802,2021,2021-09-15,9360,2021-08-30,0950,015434,,1,1,9,4900,0,1,3,,1,063,"STATE ROUTE 116","WOODWORTH RD",590.00,W,N,A,-,Y,,,116,,,,,,,Y,2,0,4,2,A,-,05,21460,A,N,A,C,A,A,H,-,A,D,0,,,,,Y,,A,07,3,1,0,0,0,0,0,0,0,"- ","- ",38.350608825683594,-122.76416015625,SONOMA,UNINCORPORATED,-122.76412963867188,38.350639343261719
91572335,2021,2021-09-16,9360,2021-07-01,0328,020853,,4,3,6,4905,0,1,3,,1,041,"SR-12 E/B","DUTTON AVE",1375.00,E,N,A,-,Y,,,12,,,,,,E,Y,1,1,0,2,A,-,07,21658,A,F,B,C,A,A,H,-,C,D,0,,,Y,,Y,,C,02,0,0,0,0,0,0,0,1,0,"- ","- ",38.433151245117188,-122.72122955322266,SONOMA,"SANTA ROSA",-122.72122955322266,38.433170318603516
91579015,2021,2021-09-24,9360,2021-08-26,1655,020285,,4,2,9,4900,0,2,4,,1,024,"CALISTOGA ROAD","BODMER LN",868.00,N,N,A,-,N,,,,,,,,,,Y,1,1,0,1,A,-,08,22107,,N,E,I,A,A,H,-,A,D,0,,,,,Y,,A,01,0,0,0,0,0,0,0,0,0,"- ","- ",38.541210174560547,-122.64823150634766,SONOMA,UNINCORPORATED,-122.64812469482422,38.542762756347656
9158277,2020,2020-11-06,4904,2020-08-05,1515,368,,3,5,4,4904,0,0,0,,0,,"REDWOOD DR","LAGUNA  DR",280.00,S,N,A,-,N,,,,,,,,,,Y,2,0,1,2,A,-,09,21801,A,N,D,C,A,A,H,-,A,D,0,,,Y,,Y,,A,01,1,0,0,0,0,0,0,0,1,"- ","- ",38.345550537109375,-122.71558380126953,SONOMA,"ROHNERT PARK",-122.71498107910156,38.345207214355469
91586069,2021,2021-10-01,9360,2021-09-20,0845,016660,,1,1,9,4900,0,1,2,,2,050,"US 101 N/B","TODD RD O/C",218.00,S,N,A,-,Y,,,,,,,,,,N,2,0,2,2,A,-,07,21658,A,N,C,C,A,A,H,-,A,D,0,,,Y,,Y,,A,01,1,0,1,0,0,0,0,0,1,"- ","- ",38.385948181152344,-122.71613311767578,SONOMA,UNINCORPORATED,-122.71611022949219,38.385662078857422
91590894,2021,2021-10-07,9360,2021-10-02,2000,020803,,6,2,9,4900,0,1,3,,1,013,SR-116,"CAZADERO HWY",65.00,W,N,A,-,Y,,,116,,,,,,,Y,2,0,2,1,C,-,18,,,N,E,I,A,A,H,-,D,D,0,,,Y,,Y,,-,"- ",2,0,0,0,0,0,0,0,2,"- ","- ",38.466888427734375,-123.05124664306641,SONOMA,UNINCORPORATED,-123.05126190185547,38.466922760009766
91599028,2021,2021-10-18,9360,2021-10-03,1405,020828,,7,2,9,4900,0,2,4,,1,012,"W. DRY CREEK RD.","LAMBERT BRIDGE RD.",0.00,,Y,A,-,N,,,,,,,,,,Y,2,0,1,2,A,-,05,21460,A,N,A,C,A,A,H,-,A,A,0,,,Y,,Y,,C,02,1,0,0,0,0,0,0,0,1,"- ","- ",38.651840209960938,-122.93316650390625,SONOMA,UNINCORPORATED,-122.93328857421875,38.651885986328125
91601744,2021,2021-10-27,9360,2021-10-12,1939,021195,,2,2,9,4900,0,1,3,,1,053,"GRAVENSTEIN HIGHWAY SOUTH","FREDRICKS ROAD",782.00,W,N,A,-,Y,,,,,,,,,,N,2,0,2,3,A,-,11,21954,A,N,G,B,E,A,H,-,D,D,0,Y,,,,Y,,-,"- ",1,1,0,0,2,0,0,0,0,"- ","- ",38.375720977783203,-122.793212890625,SONOMA,UNINCORPORATED,-122.79324340820312,38.375682830810547
91606897,2021,2021-11-02,9360,2021-10-06,2302,018497,,3,3,9,4900,0,2,4,,1,052,"STONY POINT ROAD","TODD ROAD",1470.00,N,N,B,-,N,,,,,,,,,,Y,2,0,1,2,A,-,05,21202,A,N,A,G,A,A,H,-,D,D,0,,Y,,,Y,,L,04,1,0,0,0,0,0,1,0,0,"- ","- ",38.390499114990234,-122.74150848388672,SONOMA,UNINCORPORATED,-122.74156188964844,38.391178131103516
91632920,2021,2021-11-23,9360,2021-11-14,2055,020201,,7,2,9,4900,0,2,4,,1,047,"SR-116 (LAKEVILLE HWY)","TRACA ROAD",1584.00,S,N,E,-,Y,,,116,,,,,,,Y,2,0,2,2,A,-,05,21460,A,N,A,C,A,B,H,-,D,A,0,,,,,Y,,A,01,1,0,1,0,0,0,0,0,0,"- ","- ",38.219181060791016,-122.56175231933594,SONOMA,UNINCORPORATED,-122.56173706054688,38.219207763671875
91633618,2021,2021-12-17,9360,2021-11-18,1505,016045,,4,2,9,4900,0,1,2,,2,050,"US -101 N/B","PEPPER RD",3696.00,S,N,B,-,Y,,,,,,,,,,N,2,0,2,1,A,-,08,22107,,N,E,I,A,A,H,-,A,D,0,,,,,Y,,A,07,2,0,0,0,0,0,0,0,0,"- ","- ",38.279121398925781,-122.67890930175781,SONOMA,UNINCORPORATED,,
91673384,2021,2022-01-07,9360,2021-12-30,0221,018497,,4,3,2,4902,0,1,2,,2,050,"US-101 S/B","GRAVENSTEIN HWY",1285.00,N,N,B,-,Y,,,101,,,,,,S,N,2,0,1,2,A,-,00,21960,A,N,G,B,D,A,H,-,C,D,0,Y,,,,Y,,N,60,1,0,0,0,1,0,0,0,0,"- ","- ",38.334880828857422,-122.71299743652344,SONOMA,COTATI,-122.71289825439453,38.334880828857422
91686904,2022,2022-01-27,9360,2022-01-19,1348,018790,,3,1,9,4900,0,1,2,,1,060,"US 101 SOUTHBOUND","KASTANIA RD",2112.00,N,N,A,-,Y,SON,,101,,,2.998,H,,L,Y,2,0,2,1,A,-,01,23153,A,N,E,I,A,A,H,-,A,D,0,,,,,Y,Y,D,22,2,0,0,0,0,0,0,0,0,"- ","- ",38.224521636962891,-122.61312866210938,SONOMA,UNINCORPORATED,-122.613037109375,38.224582672119141
91702476,2022,2022-02-16,9360,2022-02-08,0820,016524,,2,1,9,4900,0,3,5,,2,003,"MIRABEL RD.","TRENTON RD",0.00,,Y,A,-,N,,,,,,,,,,Y,2,0,3,3,A,-,09,21802,B,N,D,C,A,A,H,-,A,D,0,,,,,Y,,A,01,1,1,1,0,0,0,0,0,0,"- ","- ",38.490329742431641,-122.89486694335938,SONOMA,UNINCORPORATED,-122.89511108398438,38.490364074707031
9170538,2020,2020-11-10,4905,2020-08-02,1904,1060541,,7,5,6,4905,0,0,0,,0,,"4TH ST","ALDERBROOK DR",61.00,W,N,A,-,N,,,,,,,,,,Y,2,0,2,1,A,-,08,22107,,M,E,I,A,A,H,-,A,D,0,,,Y,,Y,Y,C,03,1,1,0,0,0,0,0,0,2,"- ","- ",,,SONOMA,"SANTA ROSA",-122.69842529296875,38.449272155761719
91710816,2022,2022-02-28,9325,2022-02-18,1618,020829,,5,2,9,4900,0,1,3,,1,063,"SR-12 E/B","SIESTA WAY",509.00,S,N,A,-,Y,SON,,12,,,35.626,H,,R,Y,2,0,1,2,A,-,05,21460,,N,A,C,A,A,H,-,A,D,0,,,Y,,Y,,C,02,1,0,0,0,0,0,0,0,1,"- ","- ",38.307201385498047,-122.47814178466797,SONOMA,UNINCORPORATED,-122.47814178466797,38.307201385498047
91720901,2022,2022-03-11,9360,2022-02-28,1305,015812,,1,1,9,4900,0,3,5,,2,001,"CHIQUITA ROAD","LYTTON SPRINGS ROAD",528.00,S,N,A,-,N,,,,,,,,,,N,2,0,1,2,A,-,09,21801,A,N,H,G,A,A,H,-,A,D,0,,Y,Y,,Y,,C,06,1,0,0,0,0,0,1,0,0,"- ","- ",38.6573486328125,-122.88629913330078,SONOMA,UNINCORPORATED,-122.88629150390625,38.658149719238281
91723518,2022,2022-03-15,9360,2022-03-04,0617,019366,,5,1,9,4900,0,2,4,,1,032,"RIVER ROAD","OLIVET ROAD",3168.00,E,N,A,-,N,,,,,,,,,,Y,2,0,3,3,A,-,03,22350,,N,C,C,A,A,H,-,A,D,0,,,,,Y,,A,07,1,2,0,0,0,0,0,0,0,"- ","- ",38.487918853759766,-122.80863952636719,SONOMA,UNINCORPORATED,-122.80979919433594,38.487442016601562
91739925,2022,2022-04-04,9360,2022-02-07,1300,015187,,1,1,3,4903,0,1,2,,2,020,"US-101 SOUTHBOUND","OLD REDWOOD HIGHWAY",129.00,N,N,A,-,Y,SON,,101,,,33.528,H,,L,Y,1,1,8,5,A,-,03,22350,,N,C,C,A,A,H,-,A,D,0,,,,,Y,,D,22,2,0,6,0,0,0,0,0,0,"- ","- ",38.59490966796875,-122.85323333740234,SONOMA,HEALDSBURG,-122.85322570800781,38.594913482666016
9175199,2020,2020-11-12,4905,2020-08-16,1428,1060526,,7,5,6,4905,0,0,0,,0,10603,"FULTON RD","GUERNEVILLE RD",0.00,,Y,A,-,N,,,,,,,,,,Y,2,0,2,2,A,-,12,21453,A,F,A,C,A,A,H,-,A,A,0,,,,,Y,,A,01,1,0,1,0,0,0,0,0,0,"- ","- ",38.452548980712891,-122.76963806152344,SONOMA,"SANTA ROSA",-122.76963043212891,38.452548980712891
91757671,2022,2022-04-27,9360,2022-04-17,1545,020386,,7,2,9,4900,0,3,5,,2,005,"SCENIC AVE","LANGNER AVE",0.00,,Y,A,-,N,,,,,,,,,,Y,2,0,1,2,A,-,12,22450,A,N,D,C,A,A,H,-,A,A,0,,,Y,,Y,,A,01,1,0,0,0,0,0,0,0,1,"- ","- ",38.376251220703125,-122.72528839111328,SONOMA,UNINCORPORATED,-122.72528839111328,38.376270294189453
9177950,2020,2020-11-30,4907,2020-08-28,1449,1101745,,5,5,2,4907,0,0,0,,0,10702,"1ST ST WEST","WEST SPAIN ST",166.00,N,N,A,-,N,,,,,,,,,,Y,2,0,1,2,A,-,03,22350,,N,D,C,A,A,H,-,A,D,0,,,Y,,Y,,C,02,1,0,0,0,0,0,0,0,1,"- ","- ",38.293769836425781,-122.4586181640625,SONOMA,SONOMA,-122.45851135253906,38.294231414794922
91780403,2022,2022-05-25,9360,2022-04-03,0155,022362,,7,3,6,4905,0,1,2,,2,040,"US-101 NORTHBOUND","HEARN AVENUE",1000.10,N,N,A,-,Y,SON,,101,,,18.652,H,,R,Y,1,1,1,2,A,-,01,23152,A,N,A,2,A,A,H,-,D,D,0,,,,,Y,Y,D,22,1,0,0,0,0,0,0,0,0,"- ","- ",38.416961669921875,-122.71591949462891,SONOMA,"SANTA ROSA",-122.71587371826172,38.416957855224609
91786766,2022,2022-06-02,9360,2022-03-12,0635,020266,,6,1,9,4900,0,2,4,,1,046,"BENNETT VALLEY ROAD","GARDNER RANCH ROAD",820.00,W,N,A,-,N,,,,,,,,,,Y,1,1,0,2,A,-,05,21460,A,N,E,I,A,A,H,-,A,D,0,,,,,Y,Y,A,01,0,0,0,0,0,0,0,0,0,"- ","- ",38.394168853759766,-122.60822296142578,SONOMA,UNINCORPORATED,-122.60800170898438,38.393962860107422
91789855,2022,2022-06-07,9360,2022-05-26,1616,018828,,4,2,3,4980,0,1,2,,2,030,"US-101 N/B","OLD REDWOOD HWY (WINDSOR)",500.00,S,N,A,-,Y,SON,,101,,,29.265,H,,R,Y,2,0,1,4,A,-,01,23152,F,N,E,8,A,A,H,-,A,D,0,,,,,Y,,D,22,1,0,0,0,0,0,0,0,0,"- ","- ",38.545528411865234,-122.80692291259766,SONOMA,WINDSOR,-122.80699157714844,38.545501708984375
91815864,2022,2022-07-13,9360,2022-07-03,1620,022362,,7,2,9,4900,0,1,2,,1,010,"US-101 N/B","CANYON ROAD",6336.00,N,N,A,-,Y,SON,,101,,R,44.596,H,,R,N,2,0,1,2,A,-,06,21755,A,F,C,C,A,A,H,-,A,D,0,,,Y,,Y,,A,01,1,0,0,0,0,0,0,0,1,"- ","- ",38.725460052490234,-122.93534851074219,SONOMA,UNINCORPORATED,-122.93539428710938,38.725387573242188
91815894,2022,2022-07-13,9360,2022-06-30,0940,016660,,4,1,9,4900,0,2,4,,1,046,"BENNETT VALLEY RD","ENTERPRISE RD",1848.00,W,N,A,-,N,,,,,,,,,,Y,2,0,1,2,A,-,05,21460,A,N,D,C,A,A,H,-,A,A,0,,,Y,,Y,,C,02,1,0,0,0,0,0,0,0,1,"- ","- ",38.387821197509766,-122.58560180664062,SONOMA,UNINCORPORATED,-122.58565521240234,38.387794494628906
91816910,2022,2022-07-14,9360,2022-07-05,1610,019359,,2,2,6,4905,0,1,2,,2,030,"US-101 N/B","MENDOCINO AVE",3696.00,N,N,A,-,Y,SON,,101,,,23.527,H,,R,Y,2,0,1,1,A,-,08,22107,,N,F,A,A,A,H,-,A,D,0,,,,,Y,,A,01,1,0,0,0,0,0,0,0,0,"- ","- ",38.483200073242188,-122.73806762695312,SONOMA,"SANTA ROSA",-122.73794555664062,38.483306884765625
91837223,2022,2022-08-10,9360,2022-06-05,1239,018497,,7,1,9,4900,0,2,4,,1,043,"OLD REDWOOD HIGHWAY","DENMAN ROAD",793.00,N,N,B,-,N,,,,,,,,,,Y,1,1,0,2,A,-,11,21954,A,N,G,B,D,A,H,-,A,D,0,Y,,,,Y,,N,60,0,0,0,1,0,0,0,0,0,"- ","- ",38.288829803466797,-122.66651916503906,SONOMA,UNINCORPORATED,-122.66651153564453,38.289272308349609
91839992,2022,2022-08-15,9325,2022-08-11,1120,022560,,4,1,9,4900,0,3,5,,2,006,"VERANO AVE.","MAIN ST",76.00,E,N,A,-,N,,,,,,,,,,N,2,0,1,2,A,-,08,22107,,N,B,G,A,A,H,-,A,D,0,,Y,,,Y,,L,04,1,0,0,0,0,0,1,0,0,"- ","- ",38.302719116210938,-122.47718811035156,SONOMA,UNINCORPORATED,-122.47731781005859,38.302764892578125