CASE_ID,ACCIDENT_YEAR,PROC_DATE,JURIS,COLLISION_DATE,COLLISION_TIME,OFFICER_ID,REPORTING_DISTRICT,DAY_OF_WEEK,CHP_SHIFT,POPULATION,CNTY_CITY_LOC,SPECIAL_COND,BEAT_TYPE,CHP_BEAT_TYPE,CITY_DIVISION_LAPD,CHP_BEAT_CLASS,BEAT_NUMBER,PRIMARY_RD,SECONDARY_RD,DISTANCE,DIRECTION,INTERSECTION,WEATHER_1,WEATHER_2,STATE_HWY_IND,CALTRANS_COUNTY,CALTRANS_DISTRICT,STATE_ROUTE,ROUTE_SUFFIX,POSTMILE_PREFIX,POSTMILE,LOCATION_TYPE,RAMP_INTERSECTION,SIDE_OF_HWY,TOW_AWAY,COLLISION_SEVERITY,NUMBER_KILLED,NUMBER_INJURED,PARTY_COUNT,PRIMARY_COLL_FACTOR,PCF_CODE_OF_VIOL,PCF_VIOL_CATEGORY,PCF_VIOLATION,PCF_VIOL_SUBSECTION,HIT_AND_RUN,TYPE_OF_COLLISION,MVIW,PED_ACTION,ROAD_SURFACE,ROAD_COND_1,ROAD_COND_2,LIGHTING,CONTROL_DEVICE,CHP_ROAD_TYPE,PEDESTRIAN_ACCIDENT,BICYCLE_ACCIDENT,MOTORCYCLE_ACCIDENT,TRUCK_ACCIDENT,NOT_PRIVATE_PROPERTY,ALCOHOL_INVOLVED,STWD_VEHTYPE_AT_FAULT,CHP_VEHTYPE_AT_FAULT,COUNT_SEVERE_INJ,COUNT_VISIBLE_INJ,COUNT_COMPLAINT_PAIN,COUNT_PED_KILLED,COUNT_PED_INJURED,COUNT_BICYCLIST_KILLED,COUNT_BICYCLIST_INJURED,COUNT_MC_KILLED,COUNT_MC_INJURED,PRIMARY_RAMP,SECONDARY_RAMP,LATITUDE,LONGITUDE,COUNTY,CITY,POINT_X,POINT_Y
91855246,2022,2022-09-01,9360,2022-08-21,1859,021195,,7,2,9,4900,0,1,3,,1,063,SR-1,"CALLE DEL SOL",528.00,N,N,A,-,Y,SON,,1,,,15.189,H,,R,N,2,0,1,1,A,-,01,23152,A,N,F,A,A,A,D,-,B,D,0,,,Y,,Y,Y,C,02,1,0,0,0,0,0,0,0,1,"- ","- ",38.384109497070312,-123.08219909667969,SONOMA,UNINCORPORATED,-123.08222961425781,38.384113311767578
91857566,2022,2022-09-06,9360,2022-08-06,2035,020961,,6,2,9,4900,0,3,5,,2,004,"SANTA ROSA AVE","TODD RD",450.00,N,N,A,-,N,,,,,,,,,,N,2,0,1,2,A,-,03,22350,,F,C,C,A,A,H,-,B,D,0,,,Y,,Y,,A,01,1,0,0,0,0,0,0,0,1,"- ","- ",38.389011383056641,-122.71369934082031,SONOMA,UNINCORPORATED,-122.71360015869141,38.388347625732422
91862019,2022,2022-09-12,9360,2022-09-01,1218,019366,,4,1,9,4900,0,2,4,,1,034,"FULTON ROAD","RIVER ROAD",2640.00,S,N,A,-,N,,,,,,,,,,Y,2,0,2,2,A,-,03,22350,,N,C,C,A,A,H,-,A,A,0,,,,,Y,,A,01,1,1,0,0,0,0,0,0,0,"- ","- ",38.489429473876953,-122.77014923095703,SONOMA,UNINCORPORATED,-122.77011871337891,38.489284515380859
91866609,2022,2022-09-16,9360,2022-09-08,0800,018881,,4,1,9,4900,0,1,3,,1,061,SR-1,"PACIFIC VIEW",2112.00,S,N,A,-,Y,SON,,1,,,36.349,H,,R,Y,2,0,1,1,A,-,08,22107,,N,E,I,A,A,H,-,A,D,0,,,,,Y,,A,07,1,0,0,0,0,0,0,0,0,"- ","- ",38.541110992431641,-123.28629302978516,SONOMA,UNINCORPORATED,-123.28627014160156,38.5411376953125
91941843,2022,2022-12-14,9360,2022-12-02,2310,022997,,5,3,6,4905,0,1,2,,2,040,"US-101 S/B",SR-12,215.00,N,N,B,-,Y,SON,,101,,,19.681,H,,L,Y,2,0,1,2,A,-,03,22350,,N,C,2,A,A,D,-,C,A,0,,,Y,,Y,,C,02,1,0,0,0,0,0,0,0,1,"- ","- ",38.431678771972656,-122.71572875976562,SONOMA,"SANTA ROSA",-122.71572875976562,38.431678771972656
91943245,2022,2022-12-15,9360,2022-09-19,0545,020092,,1,3,9,4900,0,2,4,,1,052,"TODD ROAD","MOORLAND AVENUE",446.00,W,N,B,-,N,,,,,,,,,,N,1,1,0,4,A,-,11,21954,A,N,G,B,E,B,H,-,D,D,0,Y,,,Y,Y,,N,60,0,0,0,1,0,0,0,0,0,"- ","- ",38.387199401855469,-122.72028350830078,SONOMA,UNINCORPORATED,-122.72013092041016,38.387176513671875
91947859,2022,2022-12-21,9360,2022-10-18,1655,019794,,2,2,9,4900,0,2,4,,1,024,"PETRIFIED FOREST RD","SHARP RD",30.00,N,N,A,-,N,,,,,,,,,,Y,2,0,1,1,A,-,01,23152,A,M,E,I,A,A,H,-,A,A,0,,,,,Y,Y,D,22,1,0,0,0,0,0,0,0,0,"- ","- ",38.559940338134766,-122.62483215332031,SONOMA,UNINCORPORATED,-122.62494659423828,38.559951782226562
9195511,2020,2021-02-25,4908,2020-12-09,2500,2754,2,3,5,5,4908,0,0,0,,0,002,"LAKEVILLE ST","CAULFIELD LN",0.00,,Y,A,-,N,,,,,,,,,,Y,2,0,1,2,D,-,00,,,F,H,G,A,A,H,-,A,A,0,,Y,,,Y,,-,"- ",1,0,0,0,0,0,1,0,0,"- ","- ",38.235328674316406,-122.6224365234375,SONOMA,PETALUMA,-122.62241363525391,38.2353515625
91969599,2023,2023-01-17,9360,2023-01-03,"740 ",015187,,2,1,9,4900,0,2,4,,1,024,"MARK WEST SPRINGS RD.","MARK WEST LANE",3168.00,E,N,B,-,N,,,,,,,,,,Y,2,0,1,1,A,-,08,22107,,N,E,I,A,B,H,-,A,D,0,,,,Y,Y,,F,26,1,0,0,0,0,0,0,0,0,"- ","- ",38.538711547851562,-122.72190856933594,SONOMA,UNINCORPORATED,-122.71934509277344,38.524166107177734
91987704,2023,2023-02-06,9360,2023-01-26,"755 ",015434,,4,1,9,4900,0,3,5,,2,005,"BURNSIDE RD","BLOOMFIELD RD",2640.00,N,N,A,-,N,,,,,,,,,,N,2,0,2,3,A,-,03,22350,,N,G,B,E,A,H,-,A,D,0,Y,,,,Y,,D,22,1,0,1,0,2,0,0,0,0,"- ","- ",38.343479156494141,-122.84053039550781,SONOMA,UNINCORPORATED,-122.83884429931641,38.342899322509766
92014918,2023,2023-03-10,9360,2023-02-25,2310,022241,,6,3,9,4900,0,3,5,,2,003,"OCCIDENTAL ROAD","MERCED AVE",327.00,E,N,A,-,N,,,,,,,,,,Y,2,0,3,2,A,-,01,23152,A,N,A,C,A,A,H,-,C,D,0,,,,,Y,Y,A,07,1,1,1,0,0,0,0,0,0,"- ","- ",38.424129486083984,-122.77761077880859,SONOMA,UNINCORPORATED,-122.77771759033203,38.424087524414062
9201920,2020,2021-02-11,4905,2020-11-06,0934,1060474,,5,5,6,4905,0,0,0,,0,002,"STEELE LN","SALEM AV",65.00,W,N,A,-,N,,,,,,,,,,N,2,0,1,2,A,-,05,21650,1,N,A,G,A,A,H,-,A,D,0,,Y,,,Y,Y,L,04,1,0,0,0,0,0,1,0,0,"- ","- ",38.460769653320312,-122.71956634521484,SONOMA,"SANTA ROSA",-122.7196044921875,38.460613250732422
92036560,2023,2023-04-04,9360,2023-03-19,2110,021989,,7,2,9,4900,0,1,3,,1,063,SR-1,"BODEGA HWY",3832.00,S,N,C,-,Y,SON,,1," "," ",4.668,H,,R,Y,2,0,2,2,A,-,01,23152,F,N,D,C,A,B,H,-,D,D,0,,,,,Y,,A,01,1,0,1,0,0,0,0,0,0,"- ","- ",38.331718444824219,-122.96498107910156,SONOMA,UNINCORPORATED,-122.96498870849609,38.331710815429688
92039429,2023,2023-04-07,9360,2023-03-25,1554,020803,,6,2,9,4900,0,1,3,,1,061,SR-1,"PACIFIC VIEW DRIVE",8448.00,N,N,A,-,Y,SON,,1," "," ",38.402,H,,R,Y,2,0,7,2,A,-,05,21460,A,N,A,C,A,A,H,-,A,D,0,,,,,Y,,A,01,1,2,4,0,0,0,0,0,0,"- ","- ",38.55712890625,-123.306640625,SONOMA,UNINCORPORATED,-123.306640625,38.55712890625
92057019,2023,2023-04-28,9360,2023-04-07,1019,018497,,5,1,9,4900,0,1,3,,1,053,SR-116,"WOODWORTH RD",40.00,W,N,B,-,Y,SON,,116," "," ",31.874,H,,R,N,1,1,0,2,A,-,11,21954,A,N,G,B,D,B,H,-,A,D,0,Y,,,,Y,,N,60,0,0,0,1,0,0,0,0,0,"- ","- ",38.349399566650391,-122.76297760009766,SONOMA,UNINCORPORATED,-122.76296997070312,38.349407196044922
92070145,2023,2023-05-16,9360,2023-05-09,"333 ",021458,,2,3,9,4900,0,1,2,,2,050,"US-101 S/B","W. SIERRA AVE",4224.00,S,N,A,-,Y,SON,,101," "," ",11.162,H,,L,Y,2,0,3,2,A,-,08,22107,,N,C,E,A,A,H,-,D,D,0,,,,,Y,,A,01,1,0,2,0,0,0,0,0,0,"- ","- ",38.309421539306641,-122.71344757080078,SONOMA,UNINCORPORATED,-122.7132568359375,38.309516906738281
92077256,2023,2023-05-25,9325,2023-05-11,"900 ",023257,,4,1,9,4900,0,3,5,,2,005,"PETALUMA AVE","ARNOLD DR",528.00,E,N,A,-,N,,,,,,,,,,N,2,0,1,1,A,-,08,22107,,N,E,I,A,A,H,-,A,D,0,,,,,Y,,-,"- ",1,0,0,0,0,0,0,0,0,"- ","- ",38.291538238525391,-122.48615264892578,SONOMA,UNINCORPORATED,-122.48653411865234,38.291328430175781
92086180,2023,2023-06-05,9360,2023-05-27,1420,022128,,6,2,6,4905,0,1,3,,1,051,"E/B SR-12 TO BENNETT VALLEY ROAD","E STREET",675.00,W,N,A,-,Y,SON,,12," ",R,16.516,H,,R,Y,2,0,1,1,C,-,18,,,N,F,A,A,A,H,-,A,D,0,,,Y,,Y,,-,"- ",1,0,0,0,0,0,0,0,1,"- ","- ",38.431819915771484,-122.70687103271484,SONOMA,"SANTA ROSA",-122.70696258544922,38.432014465332031
92121641,2023,2023-07-20,9360,2023-07-08,1015,022945,,6,1,9,4900,0,2,4,,1,032,"RIVER ROAD","ARGONNE WAY",85.00,W,N,A,-,N,,,,,,,,,,Y,2,0,2,2,A,-,08,22107,,N,C,G,A,A,H,-,A,D,0,,Y,,,Y,,A,01,1,0,1,0,0,0,1,0,0,"- ","- ",38.497299194335938,-122.90109252929688,SONOMA,UNINCORPORATED,-122.90097808837891,38.497123718261719
92130773,2023,2023-07-28,9360,2023-06-14,1540,021913,,3,2,9,4900,0,1,3,,1,041,SR-12,"OAKMONT DRIVE",2735.00,W,N,A,-,Y,SON,,12," "," ",22.555,H,,R,Y,1,1,2,2,A,-,05,21460,A,N,A,2,A,A,H,-,A,D,0,,,,,Y,,A,01,0,2,0,0,0,0,0,0,0,"- ","- ",38.44921875,-122.61345672607422,SONOMA,UNINCORPORATED,-122.61346435546875,38.449214935302734
92136039,2023,2023-08-04,9360,2023-07-25,1945,020201,,2,2,5,4908,0,2,4,,1,044,"FRATES ROAD","ADOBE ROAD",1584.00,W,N,A,-,N,,,,,,,,,,N,2,0,1,1,D,-,00,,,N,F,A,A,A,H,-,B,D,0,,,Y,,Y,,-,"- ",1,0,0,0,0,0,0,0,1,"- ","- ",38.247631072998047,-122.58184814453125,SONOMA,PETALUMA,-122.58151245117188,38.248020172119141
92137247,2023,2023-08-07,9360,2023-07-24,1550,020961,,1,2,9,4900,0,1,3,,1,053,SR-116,"LONE PINE RD",580.00,W,N,A,-,Y,SON,,116," "," ",30.226,H,,R,Y,2,0,2,1,C,-,18,,,N,E,8,A,A,H,-,A,D,0,,,,,Y,,-,"- ",1,0,1,0,0,0,0,0,0,"- ","- ",38.366630554199219,-122.78241729736328,SONOMA,UNINCORPORATED,-122.78232574462891,38.366668701171875
92155711,2023,2023-08-28,9360,2023-08-18,2310,021989,,5,3,9,4900,0,1,3,,1,053,SR-116,"COOPER RD.",350.00,W,N,A,-,Y,SON,,116," "," ",28.814,H,,R,Y,2,0,1,1,A,-,01,23152,A,N,E,8,A,A,H,-,D,D,0,,,,,Y,Y,A,01,1,0,0,0,0,0,0,0,0,"- ","- ",38.380569458007812,-122.80254364013672,SONOMA,UNINCORPORATED,-122.80255889892578,38.380516052246094
92177363,2023,2023-09-22,9360,2023-09-08,1455,023342,,5,2,9,4900,0,3,5,,2,005,"LIBERTY RD","SKILLMAN LN",950.00,N,N,A,-,N,,,,,,,,,,N,2,0,1,2,C,-,18,,,N,H,G,A,A,H,-,A,D,0,,Y,,Y,Y,,-,"- ",1,0,0,0,0,0,1,0,0,"- ","- ",38.2589111328125,-122.70099639892578,SONOMA,UNINCORPORATED,-122.70096588134766,38.258888244628906
92184977,2023,2023-10-02,9350,2023-09-19,2100,021686,,2,2,9,4900,0,1,3,,2,137,SR-37,SR-121,0.00,,Y,A,-,Y,SON,,37," "," ",3.899,H,,R,Y,2,0,2,2,A,-,12,21453,A,N,D,C,A,A,H,-,C,A,0,,,,,Y,,D,22,1,0,1,0,0,0,0,0,0,"- ","- ",38.150981903076172,-122.44940948486328,SONOMA,UNINCORPORATED,-122.44932556152344,38.150856018066406
92185769,2023,2023-10-02,9360,2023-09-18,1525,022241,,1,2,9,4900,0,3,5,,2,006,"KING RIDGE ROAD","TIN BARN ROAD",5280.00,E,N,A,-,N,,,,,,,,,,Y,2,0,2,2,A,-,05,21650,,N,A,C,A,A,H,-,A,D,0,,,,,Y,,A,01,2,0,0,0,0,0,0,0,0,"- ","- ",38.617080688476562,-123.26423645019531,SONOMA,UNINCORPORATED,-123.26467895507812,38.616718292236328
92230367,2023,2023-11-07,9360,2023-10-09,1325,019083,,1,1,9,4900,0,1,3,,1,063,"SR-1 (SHORELINE HIGHWAY)","VALLEY FORD ROAD",0.00,,Y,B,C,Y,SON,,1," "," ",0.189,H,,R,Y,1,1,4,2,A,-,09,21802,A,N,D,C,A,B,H,-,A,A,0,,,,,Y,,A,07,1,0,3,0,0,0,0,0,0,"- ","- ",38.316440582275391,-122.89650726318359,SONOMA,UNINCORPORATED,-122.89652252197266,38.316436767578125
92251645,2023,2023-12-06,9360,2023-11-20,1730,022257,,1,2,9,4900,0,2,4,,1,038,SR-116,"OCCIDENTAL RD",250.00,N,N,B,-,N,,,,,,,,,,Y,2,0,1,3,A,-,01,23152,A,N,C,C,A,A,H,-,B,A,0,,,,,Y,Y,D,22,1,0,0,0,0,0,0,0,0,"- ","- ",38.426231384277344,-122.84844970703125,SONOMA,UNINCORPORATED,-122.848388671875,38.426250457763672
92269490,2023,2023-12-22,9360,2023-11-13,1640,023360,,1,2,5,4908,0,1,2,,1,060,"US-101 NORTHBOUND","EAST WASHINGTON STREET OVERCROSSING",58.00,S,N,A,-,Y,SON,,101," "," ",4.748,H,,R,Y,1,1,1,2,A,-,03,22350,,N,C,C,A,A,H,-,A,D,0,,,,,Y,,A,07,0,0,1,0,0,0,0,0,0,"- ","- ",38.246818542480469,-122.62743377685547,SONOMA,PETALUMA,-122.62743377685547,38.246814727783203
92270965,2023,2023-12-26,9360,2023-12-05,"344 ",023442,,2,3,9,4900,0,2,4,,1,043,"OLD REDWOOD HIGHWAY","E. RAILROAD AVENUE",85.00,N,N,E,-,N,,,,,,,,,,Y,2,0,1,1,A,-,01,23152,F,N,E,8,A,B,H,-,D,D,0,,,,,Y,,A,01,1,0,0,0,0,0,0,0,0,"- ","- ",38.314411163330078,-122.69439697265625,SONOMA,UNINCORPORATED,-122.694580078125,38.314506530761719
92271042,2023,2023-12-26,9360,2023-10-17,1435,023442,,2,2,9,4900,0,2,4,,1,054,"BODEGA AVENUE","KING ROAD",4013.00,W,N,A,-,N,,,,,,,,,,Y,1,1,0,1,A,-,08,22107,,N,E,8,A,A,H,-,A,D,0,,,,,Y,,A,01,0,0,0,0,0,0,0,0,0,"- ","- ",38.264171600341797,-122.72850799560547,SONOMA,UNINCORPORATED,-122.72836303710938,38.26416015625
92399815,2024,2024-05-28,9350,2024-05-14,1420,023731,,2,2,9,4900,0,1,3,,2,137,"SR-37 E/B","LAKEVILLE HWY",2376.00,W,N,A,-,Y,SON,,37," "," ",1.595,H,,R,Y,2,0,2,3,A,-,03,22350,,N,C,2,A,A,H,-,A,D,0,,,,,Y,,D,22,1,0,1,0,0,0,0,0,0,"- ","- ",38.129978179931641,-122.48297882080078,SONOMA,UNINCORPORATED,-122.48297119140625,38.129974365234375
92400936,2024,2024-05-29,9360,2024-05-08,1605,023631,,3,2,9,4900,0,1,3,,1,061,SR-1,"STEWARTS POINT-SKAGGS SPRINGS RD",0.00,,Y,A,-,Y,SON,,1," "," ",48.109,H,,R,N,2,0,1,2,A,-,09,21804,A,M,E,I,A,A,H,-,A,D,0,,,Y,,Y,,-,"- ",1,0,0,0,0,0,0,0,1,"- ","- ",38.651870727539062,-123.39943695068359,SONOMA,UNINCORPORATED,-123.3994140625,38.651889801025391
92409053,2024,2024-06-07,9360,2024-05-25,1825,021913,,6,2,9,4900,0,3,5,,2,004,"D STREET","WINDSOR DR",2330.00,S,N,A,-,N,,,,,,,,,,Y,2,0,1,2,A,-,05,21460,A,N,B,C,A,A,H,-,A,D,0,,,Y,,Y,,C,02,1,0,0,0,0,0,0,0,1,"- ","- ",38.21337890625,-122.64192199707031,SONOMA,UNINCORPORATED,-122.64190673828125,38.213459014892578
92420370,2024,2024-06-21,9360,2024-06-07,"508 ",023667,,5,3,9,4900,0,2,4,,1,038,"BOHEMIAN HWY","MAIN STREET",2640.00,N,N,A,-,N,,,,,,,,,,Y,2,0,1,1,A,-,08,22107,,N,E,I,A,A,H,-,A,D,0,,,Y,,Y,,C,02,1,0,0,0,0,0,0,0,1,"- ","- ",38.442798614501953,-122.97580718994141,SONOMA,UNINCORPORATED,-123.01029205322266,38.467811584472656
92427232,2024,2024-07-01,9360,2024-06-19,"20  ",023342,,3,3,9,4900,0,1,2,,2,050,"US-101 S/B","PETALUMA BOULEVARD NORTH",4066.00,N,N,A,-,Y,SON,,101," "," ",8.423,H,,L,Y,2,0,1,1,A,-,08,22107,,N,E,8,A,A,H,-,D,D,0,,,,,Y,,A,07,1,0,0,0,0,0,0,0,0,"- ","- ",38.279819488525391,-122.68028259277344,SONOMA,UNINCORPORATED,-122.68024444580078,38.27984619140625
9255144,2021,2021-05-05,4907,2021-04-17,2112,1102808,,6,5,2,4907,0,0,0,,0,SO1,BROADWAY,"ANDRIEUX ST",13.00,S,N,A,-,N,,,12,,,,,,,N,2,0,1,2,A,-,10,21950,A,N,G,B,B,A,H,-,C,D,0,Y,,,Y,Y,,F,26,1,0,0,0,1,0,0,0,0,"- ","- ",38.288341522216797,-122.45841217041016,SONOMA,SONOMA,-122.45842742919922,38.288341522216797
9263264,2020,2021-06-02,4906,2020-06-29,0902,465,,1,5,2,4906,0,0,0,,0,,"RT 116","REDWOOD AV",0.00,,Y,A,-,Y,,,116,,,,,,,N,2,0,1,2,A,-,10,21950,A,N,G,B,B,A,H,-,A,A,0,Y,,,,Y,,A,01,1,0,0,0,1,0,0,0,0,"- ","- ",38.391269683837891,-122.81674194335938,SONOMA,SEBASTOPOL,-122.81683349609375,38.391197204589844
9276240,2021,2021-09-02,4908,2021-08-10,1017,2754,15,2,5,5,4908,0,0,0,,0,001,"LAKEVIEW HWY","PINE VIEW WY",1794.00,E,N,A,-,Y,SON,4,116,-,-,37.270,H,-,E,Y,2,0,3,3,A,-,05,21650,,N,B,C,A,A,H,-,A,D,0,,,,Y,Y,,A,01,1,1,1,0,0,0,0,0,0,"- ","- ",38.231239318847656,-122.58432006835938,SONOMA,PETALUMA,-122.57957458496094,38.228672027587891
92800851,2024,2024-07-29,9360,2024-07-06,1830,023838,,6,2,5,4908,0,1,2,,1,060,"US 101 NB","SAN ANTONIO RD",12144.00,N,N,A,-,Y,SON,,101," ",R,0.207,H,,L,Y,2,0,1,1,A,-,01,23152,F,N,E,I,A,A,H,-,A,D,0,,,,,Y,,A,07,1,0,0,0,0,0,0,0,0,"- ","- ",38.187339782714844,-122.601806640625,SONOMA,PETALUMA,-122.60190582275391,38.187339782714844
9293448,2021,2021-07-28,4908,2021-05-31,1954,3552,3,1,5,5,4908,0,0,0,,0,002,"LAKEVILLE HWY",CAULFIELD,0.00,S,N,A,-,N,,,,,,,,,,Y,2,0,1,1,A,-,08,22107,,N,E,I,A,A,H,-,A,A,0,,,Y,,Y,,C,02,1,0,0,0,0,0,0,0,1,"- ","- ",38.234821319580078,-122.62026977539062,SONOMA,PETALUMA,-122.62240600585938,38.235347747802734
9307260,2021,2021-09-01,4905,2021-05-07,0610,1060513,,5,5,6,4905,0,0,0,,0,003,"FULTON RD","SEVEN GABLES DR",30.00,S,N,A,-,N,,,,,,,,,,Y,2,0,1,2,A,-,00,21954,,N,G,B,E,A,H,-,B,D,0,Y,,,,Y,Y,N,60,1,0,0,0,1,0,0,0,0,"- ","- ",38.447509765625,-122.76963043212891,SONOMA,"SANTA ROSA",-122.76963806152344,38.447425842285156
9410172,2021,2022-03-18,4900,2021-12-15,1238,1102192,,3,5,3,4980,0,0,0,,0,WI1,"WINDSOR RIVER RD","OLD REDWOOD HWY",0.00,,Y,C,-,N,,,,,,,,,,N,2,0,1,2,A,-,08,22107,,N,A,G,A,B,H,-,A,B,0,,Y,,,Y,,A,01,1,0,0,0,0,0,1,0,0,"- ","- ",38.547550201416016,-122.81162261962891,SONOMA,WINDSOR,-122.81089019775391,38.547397613525391
9419484,2022,2022-04-15,4906,2022-01-10,1558,481,4906,1,5,2,4906,0,0,0,,0,,"RT 116","HURLBUT AV",0.00,,Y,A,-,Y,SON,4,116,-,-,25.470,I,5,E,N,2,0,1,2,A,-,10,21950,A,N,G,B,B,A,H,-,A,A,0,Y,,,,Y,,A,01,1,0,0,0,1,0,0,0,0,"- ","- ",38.407718658447266,-122.83866119384766,SONOMA,SEBASTOPOL,-122.83882904052734,38.407852172851562
9434477,2021,2022-04-12,4905,2021-12-16,1223,1060513,,4,5,6,4905,0,0,0,,0,003,"PINER RD","BAY VILLAGE CIR",300.00,E,N,A,-,N,,,,,,,,,,Y,2,0,2,3,A,-,08,22107,,N,C,C,A,A,H,-,A,D,0,,,,,Y,Y,A,01,1,0,1,0,0,0,0,0,0,"- ","- ",38.466819763183594,-122.74903869628906,SONOMA,"SANTA ROSA",-122.74779510498047,38.467761993408203
94361742,2024,2024-08-20,9360,2024-08-09,2245,022997,,5,3,9,4900,0,3,5,,2,002,"CHALK HILL RD","WRIGHT RANCH LN",1690.00,S,N,B,-,N,,,,,,,,,,Y,2,0,1,1,A,-,01,23152,A,N,E,I,A,A,H,-,D,D,0,,,,,Y,Y,A,07,1,0,0,0,0,0,0,0,0,"- ","- ",38.579349517822266,-122.76894378662109,SONOMA,UNINCORPORATED,,
94391200,2024,2024-09-12,9360,2024-09-01,"925 ",022108,,7,1,6,4905,0,1,2,,2,040,"US-101 N/B",SR-12,158.00,S,N,A,-,Y,SON,,101," "," ",19.601,H,,R,N,2,0,1,1,A,-,03,22350,,N,E,I,A,A,H,-,A,D,0,,,Y,,Y,,C,03,1,0,0,0,0,0,0,0,1,"- ","- ",38.430519104003906,-122.71518707275391,SONOMA,"SANTA ROSA",-122.71513366699219,38.430526733398438
94421977,2024,2024-10-07,9360,2024-08-01,1740,023838,,4,2,6,4905,0,1,2,,2,040,"US-101 N/B","HEARN AVE",739.00,S,N,A,-,Y,SON,,101," "," ",18.636,H,,R,Y,2,0,1,3,A,-,07,21658,A,N,B,C,A,A,H,-,A,D,0,,,Y,,Y,,A,01,1,0,0,0,0,0,0,0,1,"- ","- ",38.416721343994141,-122.71591949462891,SONOMA,"SANTA ROSA",-122.71587371826172,38.416721343994141
94439129,2024,2024-10-21,9360,2024-10-12,1906,023807,,6,2,6,4905,0,1,3,,1,051,"US-101 N/B FROM SR-12 E/B","THIRD STREET",1790.00,S,N,C,-,Y,SON,,101," "," ",19.767,H,,R,Y,2,0,2,1,A,-,03,22350,,N,E,I,A,B,H,-,D,A,0,,,,,Y,,A,07,1,0,1,0,0,0,0,0,0,"- ","- ",38.433029174804688,-122.71569061279297,SONOMA,"SANTA ROSA",-122.71598815917969,38.432960510253906
94440428,2024,2024-10-22,9360,2024-06-28,1740,021913,,5,2,9,4900,0,3,5,,2,005,"CHILENO VALLEY RD","WESTERN AVE",3274.00,S,N,A,-,N,,,,,,,,,,Y,1,1,0,1,A,-,08,22107,,N,F,A,A,A,H,-,A,D,0,,,Y,,Y,,C,02,0,0,0,0,0,0,0,1,0,"- ","- ",38.214859008789062,-122.66623687744141,SONOMA,UNINCORPORATED,-122.66632080078125,38.214996337890625
94440783,2024,2024-10-22,9350,2024-10-10,1540,024120,,4,2,9,4900,0,1,3,,2,237,"SR-37 E/B","NOBLE RD",4013.00,W,N,A,-,Y,SON,,37," "," ",4.648,H,,R,Y,2,0,1,2,A,-,06,21755,A,N,B,C,A,A,H,-,A,D,0,,,Y,,Y,,C,02,1,0,0,0,0,0,0,0,1,"- ","- ",38.153430938720703,-122.4361572265625,SONOMA,UNINCORPORATED,-122.43616485595703,38.153457641601562
94482384,2024,2024-11-25,9360,2024-11-22,1320,020386,,5,1,9,4900,0,2,4,,1,046,"BENNETT VALLEY ROAD","MATANZAS CREEK",1870.00,E,N,B,C,N,,,,,,,,,,Y,2,0,1,1,A,-,03,22350,,N,E,I,A,B,H,-,A,D,0,,,,,Y,,D,22,1,0,0,0,0,0,0,0,0,"- ","- ",38.412399291992188,-122.65080261230469,SONOMA,UNINCORPORATED,-122.59369659423828,38.3865966796875
94495012,2024,2024-12-06,9360,2024-11-29,"710 ",023359,,5,1,9,4900,0,1,2,,2,040,"US-101 S/B","HEARN AVE",1584.00,S,N,A,-,Y,SON,,101," "," ",18.114,H,,L,Y,2,0,1,3,A,-,07,21658,A,M,E,I,A,A,H,-,A,D,0,,,,,Y,,A,07,1,0,0,0,0,0,0,0,0,"- ","- ",38.409080505371094,-122.71607971191406,SONOMA,UNINCORPORATED,-122.71617889404297,38.409080505371094
94512949,2024,2024-12-23,9360,2024-12-15,1030,024229,,7,1,9,4900,0,3,5,,2,005,"BURNSIDE RD","MUNCK CT",1089.00,E,N,B,E,N,,,,,,,,,,N,2,0,1,1,A,-,08,22107,,N,F,A,A,B,H,-,A,D,0,,,Y,,Y,,C,02,1,0,0,0,0,0,0,0,1,"- ","- ",38.348739624023438,-122.86724853515625,SONOMA,UNINCORPORATED,-122.86756896972656,38.348834991455078
94519279,2024,2024-12-30,9360,2024-12-24,"1   ",023017,,2,3,9,4900,0,3,5,,2,007,"FALLON-TWO ROCK RD","ALEXANDER RD",330.00,E,N,C,-,N,,,,,,,,,,N,2,0,1,1,A,-,01,23152,A,N,F,0,A,B,H,-,D,D,0,,,Y,,Y,Y,C,02,1,0,0,0,0,0,0,0,1,"- ","- ",38.265541076660156,-122.83673858642578,SONOMA,UNINCORPORATED,-122.83792114257812,38.265712738037109