CASE_ID,ACCIDENT_YEAR,PROC_DATE,JURIS,COLLISION_DATE,COLLISION_TIME,OFFICER_ID,REPORTING_DISTRICT,DAY_OF_WEEK,CHP_SHIFT,POPULATION,CNTY_CITY_LOC,SPECIAL_COND,BEAT_TYPE,CHP_BEAT_TYPE,CITY_DIVISION_LAPD,CHP_BEAT_CLASS,BEAT_NUMBER,PRIMARY_RD,SECONDARY_RD,DISTANCE,DIRECTION,INTERSECTION,WEATHER_1,WEATHER_2,STATE_HWY_IND,CALTRANS_COUNTY,CALTRANS_DISTRICT,STATE_ROUTE,ROUTE_SUFFIX,POSTMILE_PREFIX,POSTMILE,LOCATION_TYPE,RAMP_INTERSECTION,SIDE_OF_HWY,TOW_AWAY,COLLISION_SEVERITY,NUMBER_KILLED,NUMBER_INJURED,PARTY_COUNT,PRIMARY_COLL_FACTOR,PCF_CODE_OF_VIOL,PCF_VIOL_CATEGORY,PCF_VIOLATION,PCF_VIOL_SUBSECTION,HIT_AND_RUN,TYPE_OF_COLLISION,MVIW,PED_ACTION,ROAD_SURFACE,ROAD_COND_1,ROAD_COND_2,LIGHTING,CONTROL_DEVICE,CHP_ROAD_TYPE,PEDESTRIAN_ACCIDENT,BICYCLE_ACCIDENT,MOTORCYCLE_ACCIDENT,TRUCK_ACCIDENT,NOT_PRIVATE_PROPERTY,ALCOHOL_INVOLVED,STWD_VEHTYPE_AT_FAULT,CHP_VEHTYPE_AT_FAULT,COUNT_SEVERE_INJ,COUNT_VISIBLE_INJ,COUNT_COMPLAINT_PAIN,COUNT_PED_KILLED,COUNT_PED_INJURED,COUNT_BICYCLIST_KILLED,COUNT_BICYCLIST_INJURED,COUNT_MC_KILLED,COUNT_MC_INJURED,PRIMARY_RAMP,SECONDARY_RAMP,LATITUDE,LONGITUDE,COUNTY,CITY,POINT_X,POINT_Y
94521875,2024,2024-12-31,9360,2024-12-18,1230,024199,,3,1,9,4900,0,1,3,,1,053,"RT 116","DAYWALT RD",56.00,W,N,A,-,Y,SON,,116," "," ",31.694,H,,R,Y,2,0,3,2,A,-,05,21460,,N,A,C,A,A,H,-,A,D,0,,,,,Y,,A,01,1,0,2,0,0,0,0,0,0,"- ","- ",38.352508544921875,-122.76542663574219,SONOMA,UNINCORPORATED,-122.76540374755859,38.352519989013672
94545347,2025,2025-01-22,9360,2025-01-13,"815 ",019083,,1,1,9,4900,0,3,5,,2,006,"ANNAPOLIS RD",SR-1,6864.00,E,N,A,-,N,,,,,,,,,,Y,2,0,1,1,A,-,03,22350,,N,E,I,A,C,G,-,A,D,0,,,,,Y,,A,01,1,0,0,0,0,0,0,0,0,"- ","- ",38.699958801269531,-123.41551208496094,SONOMA,UNINCORPORATED,-123.415771484375,38.700180053710938
94547590,2025,2025-02-13,9360,2025-01-02,2125,023280,,4,2,9,4900,0,2,4,,1,054,"BODEGA AVENUE","KING ROAD",1600.00,W,N,A,-,N,,,,,,,,,,Y,1,1,0,2,A,-,05,21460,,N,D,C,A,A,H,-,D,D,0,,,Y,,Y,,C,02,0,0,0,0,0,0,0,1,0,"- ","- ",38.263389587402344,-122.72035980224609,SONOMA,UNINCORPORATED,-122.72005462646484,38.263362884521484
94594388,2024,2025-03-03,9360,2024-12-10,"315 ",022267,,2,3,9,4900,0,2,4,,1,052,"STONY POINT ROAD","ROHNERT PARK EXPRESSWAY",875.00,N,N,E,-,N,,,,,,,,,,Y,1,1,0,2,A,-,17,21200,,N,D,G,A,A,H,-,D,D,0,,Y,,,Y,Y,L,04,0,0,0,0,0,1,0,0,0,"- ","- ",38.355720520019531,-122.74147033691406,SONOMA,UNINCORPORATED,-122.74139404296875,38.355632781982422
94640754,2025,2025-04-08,9360,2025-03-18,1902,024011,,2,2,6,4905,0,1,2,,2,040,"US-101 S/B TO SR-12 E/B","SR-12 W/B OVERCROSSING",250.00,N,N,A,-,Y,,,,,,,,,,Y,2,0,1,1,A,-,01,23152,A,N,E,I,A,A,H,-,A,D,0,,,,,Y,Y,A,01,1,0,0,0,0,0,0,0,0,"- ","- ",38.433040618896484,-122.71700286865234,SONOMA,"SANTA ROSA",-122.71583557128906,38.431957244873047
94714228,2025,2025-06-05,9360,2025-05-19,1230,024175,,1,1,9,4900,0,1,3,,1,041,"SR-12 WESTBOUND","DUNBAR RD",472.00,E,N,A,-,Y,SON,,12," "," ",28.866,H,,L,Y,2,0,2,2,A,-,08,22107,,N,A,C,A,A,H,-,A,D,0,,,,,Y,,A,01,2,0,0,0,0,0,0,0,0,"- ","- ",38.391029357910156,-122.52796173095703,SONOMA,UNINCORPORATED,-122.52797698974609,38.391006469726562
94742005,2025,2025-06-27,9360,2025-06-08,1350,023433,,7,1,9,4900,0,2,4,,1,032,"RIVER RD","OLIVET RD",3326.00,E,N,A,-,N,,,,,,,,,,Y,2,0,1,2,A,-,08,22107,,N,D,C,A,A,H,-,A,D,0,,,,,Y,,A,07,1,0,0,0,0,0,0,0,0,"- ","- ",38.487838745117188,-122.80886840820312,SONOMA,UNINCORPORATED,-122.80931854248047,38.487651824951172
9520384,2022,2023-02-08,4905,2022-03-16,0608,1060473,,3,5,6,4905,0,0,0,,0,009,"COLLEGE AV","MENDOCINO AV",0.00,,Y,A,-,N,,,,,,,,,,Y,1,1,0,2,A,-,11,21950,B,N,G,B,B,A,-,-,C,A,0,Y,,,,Y,,N,60,0,0,0,1,0,0,0,0,0,"- ","- ",38.445640563964844,-122.71769714355469,SONOMA,"SANTA ROSA",-122.71773529052734,38.445659637451172
6290239,2014,2014-04-18,9360,2014-01-23,1050,12848,,4,1,9,4900,0,3,5,,2,005,"D ST","SAN ANTONIO RD",4224.00,N,N,A,-,N,,,,,,,,,,Y,1,1,0,1,A,-,08,22107,,N,F,A,A,A,H,-,A,D,0,,,,,Y,,A,01,0,0,0,0,0,0,0,0,0,"- ","- ",38.113599999999998,-122.11360000000001,SONOMA,UNINCORPORATED,-122.65177718,38.197469939999998
6290623,2014,2015-12-29,9360,2014-04-14,1845,15187,,1,2,9,4900,0,2,4,,1,034,"GUERNEVILLE RD","FREI RD",2640.00,E,N,A,-,N,,,,,,,,,,Y,1,1,2,2,A,-,01,23152,A,N,E,I,A,A,H,-,A,D,0,,,,,Y,Y,A,01,0,0,2,0,0,0,0,0,0,"- ","- ",38.451990000000002,-122.83602,SONOMA,UNINCORPORATED,-122.83633908,38.45198894
6291866,2014,2015-01-27,9360,2014-09-18,1140,14455,,4,1,9,4900,0,1,3,,1,045,"RT 116","BROWNS LN",3696.00,E,N,B,-,Y,SON,4,116,-,-,38.360,H,-,W,Y,1,1,2,2,A,-,05,21650,,N,A,C,A,A,H,-,A,D,0,,,,,Y,,A,01,0,2,0,0,0,0,0,0,0,"- ","- ",38.219810000000003,-122.56307,SONOMA,UNINCORPORATED,-122.56285708999999,38.219735849999999
6291902,2014,2016-01-12,9360,2014-10-30,1955,20498,,4,2,9,4900,0,1,3,,1,061,"RT 1","WILLIG DR",522.00,S,N,B,-,Y,SON,4,1,-,-,21.130,H,-,N,Y,1,1,0,1,A,-,01,23152,A,N,E,I,A,A,H,-,D,D,0,,,,,Y,Y,D,22,0,0,0,0,0,0,0,0,0,"- ","- ",38.448549999999997,-123.11461,SONOMA,UNINCORPORATED,-123.11462962,38.448745809999998
6292161,2015,2015-05-19,9360,2015-02-28,0131,20369,,6,3,6,4905,0,1,2,,2,040,"RT 101","HEARN AV",323.00,S,N,A,-,Y,SON,4,101,-,-,18.458,R,2,S,Y,1,1,2,1,A,-,01,23152,A,N,E,I,A,A,H,-,C,A,1,,,,,Y,Y,A,01,2,0,0,0,0,0,0,0,0,TO,"- ",38.413600000000002,-122.71635000000001,SONOMA,"SANTA ROSA",-122.71614415000001,38.414072189999999
6292550,2015,2015-09-02,4905,2015-04-12,2137,SR422,10609,7,5,6,4905,0,0,0,,0,009,"SANTA ROSA AV","SEBASTOPOL AV",0.00,,Y,A,-,N,,,,,,,,,,Y,1,1,0,2,A,-,11,21950,B,N,G,B,B,A,H,-,C,A,0,Y,,,,Y,Y,N,60,0,0,0,1,0,0,0,0,0,"- ","- ",,,SONOMA,"SANTA ROSA",-122.71176993,38.433810000000001
6292572,2015,2015-09-04,9360,2015-06-28,2000,20136,,7,2,9,4900,0,1,3,,1,013,"RT 116","CNOPIUS RD",150.00,W,N,A,-,Y,SON,4,116,-,-,9.840,H,-,W,Y,1,1,0,1,A,-,01,23152,E,N,E,I,A,A,H,-,B,D,0,,,Y,,Y,,C,02,0,0,0,0,0,0,0,1,0,"- ","- ",38.482379999999999,-123.01101,SONOMA,UNINCORPORATED,-123.00987222000001,38.482207819999999
6292646,2015,2015-09-14,9360,2015-07-04,1928,18790,,6,2,9,4900,0,2,4,,1,046,"BENNETT VALLEY RD","ENTERPRISE RD",1056.00,E,N,A,-,N,,,,,,,,,,Y,1,1,1,1,A,-,03,22350,,N,E,I,A,A,H,-,A,D,0,,,,,Y,Y,A,01,0,0,1,0,0,0,0,0,0,"- ","- ",38.388120000000001,-122.57526,SONOMA,UNINCORPORATED,-122.57578337,38.387898479999997
6292647,2015,2015-09-14,9360,2015-07-06,1040,16223,,1,1,9,4900,0,3,5,,2,003,"PINER RD","FULTON RD",5280.00,W,N,A,-,N,,,,,,,,,,Y,1,1,0,1,A,-,08,22107,,N,E,I,A,A,H,-,A,D,0,,,,,Y,,A,01,0,0,0,0,0,0,0,0,0,"- ","- ",38.467120000000001,-122.78794000000001,SONOMA,UNINCORPORATED,-122.78815743,38.467144740000002
6357579,2014,2015-10-12,9360,2014-01-17,1530,019546,,5,2,9,4900,0,3,5,,2,004,"MANOR LANE WEST","ADOBE RD",600.00,E,N,A,-,N,,,,,,,,,,N,2,0,1,2,A,-,09,21804,A,N,D,C,A,A,H,-,A,D,0,,,Y,,Y,,C,03,1,0,0,0,0,0,0,0,1,"- ","- ",38.257460000000002,-122.58521,SONOMA,UNINCORPORATED,-122.58523553000001,38.25743336
6392323,2014,2014-06-06,9360,2014-01-25,2000,18859,,6,2,9,4900,0,3,5,,2,003,"OCCIDINTAL RD","PIEZZI RD",528.00,E,N,A,-,N,,,,,,,,,,N,2,0,1,2,A,-,11,21954,A,N,G,B,E,A,H,-,D,D,0,Y,,,,Y,,N,60,1,0,0,0,1,0,0,0,0,"- ","- ",38.423310000000001,-122.79732,SONOMA,UNINCORPORATED,-122.79546635,38.42330604
6400029,2014,2014-04-23,4904,2014-02-05,0753,183,,3,5,4,4904,0,0,0,,0,003,"ADRIAN DR","SOUTHWEST BL",130.00,S,N,A,-,N,,,,,,,,,,N,2,0,1,2,A,-,10,21954,B,N,G,B,D,A,H,-,A,D,0,Y,,,,Y,,J,48,1,0,0,0,1,0,0,0,0,"- ","- ",,,SONOMA,"ROHNERT PARK",-122.70507644,38.33573062
6419058,2014,2014-06-23,9360,2014-03-08,0930,17693,,6,1,9,4900,0,2,4,,1,032,"RIVER RD","RIO NIDO RD",0.00,,Y,A,-,N,,,,,,,,,,Y,2,0,3,2,A,-,01,23152,A,N,A,C,A,A,H,-,A,D,0,,,,,Y,Y,A,01,3,0,0,0,0,0,0,0,0,"- ","- ",38.31091,-122.58466,SONOMA,UNINCORPORATED,-122.97949986,38.519229950000003
6445070,2014,2014-07-11,4908,2014-04-04,0437,1685,10,5,5,5,4908,0,0,0,,0,004,"NORTH MCDOWELL BL","TRANSPORT WY",41.00,N,N,C,-,N,,,,,,,,,,Y,2,0,1,1,A,-,01,23152,A,N,E,I,A,B,H,-,C,D,0,,,,,Y,Y,-,,1,0,0,0,0,0,0,0,0,"- ","- ",,,SONOMA,PETALUMA,-122.63934621,38.256715479999997
6452747,2014,2014-07-19,4904,2014-03-29,0615,368,,6,5,4,4904,0,0,0,,0,003,"COMMERCE BL","ARLEN DR",319.00,S,N,C,-,N,,,,,,,,,,Y,2,0,1,1,A,-,08,22107,,N,E,I,A,B,H,-,C,D,0,,,,,Y,,A,01,1,0,0,0,0,0,0,0,0,"- ","- ",,,SONOMA,"ROHNERT PARK",-122.71227570000001,38.339003730000002
6455094,2014,2016-04-14,4908,2014-04-16,1108,2697,13,3,5,5,4908,0,0,0,,0,001,"LAKEVILLE HWY","MARINA AV",68.00,E,N,A,-,Y,SON,4,116,-,-,35.450,H,-,W,Y,2,0,2,1,C,-,18,,,N,E,I,A,A,H,-,A,A,0,,,,,Y,,-,"- ",2,0,0,0,0,0,0,0,0,"- ","- ",,,SONOMA,PETALUMA,-122.60912807,38.233349590000003
6487707,2014,2016-04-12,9360,2014-05-27,0133,14883,,2,3,9,4900,0,1,3,,1,053,"RT 116","OLD GRAVENSTEIN HWY",379.00,W,N,A,-,Y,SON,4,116,-,-,29.990,H,-,W,Y,2,0,1,1,A,-,01,23152,A,N,E,I,A,A,H,-,C,D,0,,,,,Y,Y,D,22,1,0,0,0,0,0,0,0,0,"- ","- ",38.369370000000004,-122.78431,SONOMA,UNINCORPORATED,-122.78476793999999,38.369652780000003
6514645,2014,2014-08-12,9325,2014-06-03,0759,015176,,2,1,9,4900,0,2,4,,1,064,"GROVE ST","ARNOLD DR",0.00,,Y,A,-,N,,,,,,,,,,N,2,0,1,2,A,-,17,21451,A,F,H,G,A,A,H,-,A,A,0,,Y,,,Y,,D,22,1,0,0,0,0,0,1,0,0,"- ","- ",38.29804,-122.49142999999999,SONOMA,UNINCORPORATED,-122.49141991,38.297919899999997
6518872,2014,2014-08-04,4902,2014-05-02,0908,337,CITY,5,5,2,4902,0,0,0,,0,,"COMMERCE BL","WILFORD LN",0.00,,Y,A,-,N,,,,,,,,,,N,2,0,1,2,A,-,05,21650,1,N,G,G,A,A,H,-,A,D,0,,Y,,,Y,,L,04,1,0,0,0,0,0,1,0,0,"- ","- ",,,SONOMA,COTATI,-122.71244995000001,38.334659879999997
6525048,2014,2016-04-12,9360,2014-05-21,1650,18520,9360,3,2,9,4900,0,1,3,,1,013,"RT 116","OLD CAZADERO RD",93.00,E,N,A,-,Y,SON,4,116,-,-,11.270,H,-,E,Y,2,0,1,1,A,-,01,23152,A,N,E,I,A,A,H,-,A,D,0,,,Y,,Y,Y,C,02,1,0,0,0,0,0,0,0,1,"- ","- ",38.496490000000001,-123.00662,SONOMA,UNINCORPORATED,-123.00667610000001,38.496513640000003
6528572,2014,2016-01-28,9325,2014-06-10,1805,018400,,2,2,9,4900,0,1,3,,1,063,"RT 12","MADRONE RD",442.00,E,N,A,-,Y,SON,4,12,-,-,32.940,H,-,W,Y,2,0,2,2,A,-,05,21460,A,N,A,C,A,A,H,-,A,D,0,,,,,Y,,A,01,1,0,1,0,0,0,0,0,0,"- ","- ",38.343119999999999,-122.49724000000001,SONOMA,UNINCORPORATED,-122.49710275,38.342946419999997
6529958,2014,2015-12-04,9360,2014-06-19,1820,018737,,4,2,9,4900,0,2,4,,1,047,"LAKEVILLE RD","RT 37",3100.00,N,N,B,-,N,,,,,,,,,,Y,2,0,1,2,A,-,03,22350,,N,C,C,A,A,H,-,A,D,0,,,,Y,Y,,A,01,1,0,0,0,0,0,0,0,0,"- ","- ",38.138249999999999,-122.47947000000001,SONOMA,UNINCORPORATED,-122.47631,38.140059999999998
6530513,2014,2014-08-19,9360,2014-06-19,1650,018859,,4,2,9,4900,0,2,4,,1,032,"RIVER RD","ORCHARD RD",101.00,W,N,A,-,N,,,,,,,,,,N,2,0,1,2,A,-,03,22350,,N,C,C,A,A,H,-,A,D,0,,,Y,,Y,,C,03,1,0,0,0,0,0,0,0,1,"- ","- ",38.50994,-122.98585,SONOMA,UNINCORPORATED,-122.98608913,38.509731539999997
6531778,2014,2014-08-12,4902,2014-06-18,2243,335,COTAT,3,5,2,4902,0,0,0,,0,,"WEST SIERRA AV","539 W SIERRA AV",0.00,N,N,A,-,N,,,,,,,,,,Y,2,0,1,1,C,-,18,,,N,E,I,A,A,H,-,C,D,0,,,,,Y,,-,"- ",1,0,0,0,0,0,0,0,0,"- ","- ",,,SONOMA,COTATI,-122.71231,38.321739999999998
6544899,2014,2014-08-13,9360,2014-06-15,1400,20160,,7,2,9,4900,0,2,4,,1,034,"FULTON RD","D ST",1584.00,S,N,A,-,N,,,,,,,,,,Y,2,0,2,3,A,-,05,21460,A,N,B,C,A,A,H,-,A,D,0,,,,,Y,,A,07,1,0,1,0,0,0,0,0,0,"- ","- ",38.489269999999998,-122.7702,SONOMA,UNINCORPORATED,-122.77012443,38.48958459
6556817,2014,2014-09-09,9360,2014-06-29,1845,020522,,7,2,9,4900,0,2,4,,1,047,"LAKEVILLE RD","CANNON LN",650.00,S,N,A,-,N,,,,,,,,,,Y,2,0,1,1,A,-,08,22107,,N,E,I,A,A,H,-,A,D,0,,,,,Y,,A,01,1,0,0,0,0,0,0,0,0,"- ","- ",38.113700000000001,-122.3237,SONOMA,UNINCORPORATED,-122.54339365,38.192837310000002
6557442,2014,2015-03-06,9360,2014-06-30,0840,013838,,1,1,9,4900,0,1,3,,1,051,"RT 12","MERCED AV",0.00,,Y,A,-,Y,SON,4,12,-,-,12.070,I,5,E,Y,2,0,2,4,A,-,03,22350,,N,C,C,A,A,H,-,A,D,0,,,,Y,Y,,F,26,1,1,0,0,0,0,0,0,0,"- ","- ",38.421349999999997,-122.77857,SONOMA,UNINCORPORATED,-122.78072667000001,38.419952989999999
6558513,2014,2016-04-14,4904,2014-05-17,2055,368,,6,5,4,4904,0,0,0,,0,002,"ROHNERT PARK EXPWY","RT 101",0.00,,Y,A,-,Y,SON,4,101,-,-,14.114,R,4,N,N,2,0,3,2,A,-,12,21453,A,N,D,C,A,A,H,-,C,A,0,,,,,Y,,A,01,1,1,1,0,0,0,0,0,0,"- ",NF,,,SONOMA,"ROHNERT PARK",-122.7130143,38.351770860000002
6558802,2014,2014-08-21,9360,2014-07-11,1505,018196,,5,2,9,4900,0,2,4,,1,046,"CRANE CANYON RD","INVERNESS AV",528.00,E,N,A,-,N,,,,,,,,,,Y,2,0,1,1,A,-,08,22107,,N,E,I,A,A,H,-,A,D,0,,,Y,,Y,,C,02,1,0,0,0,0,0,0,0,1,"- ","- ",38.365789999999997,-122.65407999999999,SONOMA,UNINCORPORATED,-122.65525804000001,38.365174709999998
6569062,2014,2016-05-28,9360,2014-07-12,2235,020565,,6,3,9,4900,0,1,2,,2,040,"RT 101","TODD RD",3168.00,N,N,A,-,Y,SON,4,101,-,-,17.420,H,-,S,Y,2,0,1,1,A,-,08,22107,,N,E,I,A,A,H,-,D,D,1,,,,,Y,,D,22,1,0,0,0,0,0,0,0,0,"- ","- ",38.398569999999999,-122.71634,SONOMA,UNINCORPORATED,-122.71623235,38.399038500000003
6573569,2014,2014-08-29,4907,2014-07-17,0658,SD2091,10704,4,5,2,4907,0,0,0,,0,SO1,"E MACARTHUR ST","AUSTIN AV",0.00,,Y,A,-,N,,,,,,,,,,Y,2,0,1,2,A,-,11,21954,A,N,G,B,D,A,H,-,A,D,0,Y,,,,Y,,N,60,1,0,0,0,1,0,0,0,0,"- ","- ",,,SONOMA,SONOMA,-122.45680994,38.284569990000001
6576150,2014,2016-05-14,9360,2014-08-01,2155,020565,,5,2,9,4900,0,1,3,,1,063,"RT 1","BEAN AV",1584.00,N,N,A,-,Y,SON,4,1,-,-,12.980,H,-,S,Y,2,0,2,1,A,-,01,23152,A,N,F,A,A,A,H,-,D,D,0,,,,,Y,Y,D,22,2,0,0,0,0,0,0,0,0,"- ","- ",38.357509999999998,-123.06711,SONOMA,UNINCORPORATED,-123.0670983,38.357368460000004
6579795,2014,2016-05-14,9360,2014-07-12,1820,020522,,6,2,9,4900,0,1,3,,1,041,"RT 12","PYTHIAN RD",440.00,W,N,A,-,Y,SON,4,12,-,-,24.540,H,-,W,Y,2,0,1,2,A,-,03,22350,,N,F,A,A,A,H,-,A,D,0,,,Y,,Y,,C,02,1,0,0,0,0,0,0,0,1,"- ","- ",38.260800000000003,-122.34399999999999,SONOMA,UNINCORPORATED,-122.5796816,38.436080150000002
6592908,2014,2014-09-03,9360,2014-07-31,1450,016000,,4,2,9,4900,0,3,5,,2,005,"TODD RD","OLD GRAVENSTEIN HWY",980.00,E,N,A,-,N,,,,,,,,,,Y,2,0,1,1,A,-,03,22350,,N,F,A,A,A,H,-,A,A,0,,,Y,,Y,,C,02,1,0,0,0,0,0,0,0,1,"- ","- ",38.371040000000001,-122.77983,SONOMA,UNINCORPORATED,-122.7815099,38.3709864
6606042,2014,2015-12-29,9360,2014-04-21,0245,20369,,1,3,9,4900,0,2,4,,1,042,"PETALUMA HILL RD","HUNTER LN",3168.00,N,N,A,-,N,,,,,,,,,,Y,1,2,1,1,A,-,08,22107,,N,E,I,A,A,H,-,D,D,0,,,,,Y,,A,01,1,0,0,0,0,0,0,0,0,"- ","- ",38.391640000000002,-122.69204999999999,SONOMA,UNINCORPORATED,-122.69229133,38.392160009999998
6606294,2014,2014-10-14,4908,2014-06-07,2207,1543,15,6,5,5,4908,0,0,0,,0,001,"LAKEVILLE HWY","S MCDOWELL BL ET",78.00,E,N,A,-,Y,SON,4,116,-,-,36.080,H,-,E,Y,1,1,2,2,A,-,01,23153,A,N,A,C,A,A,H,-,C,D,0,,,,,Y,Y,A,01,1,1,0,0,0,0,0,0,0,"- ","- ",,,SONOMA,PETALUMA,-122.59867752,38.234183420000001
6606297,2014,2014-10-13,9360,2014-06-16,1915,020369,,1,2,9,4900,0,2,4,,1,032,"RIVER RD","TRENTON RD",0.00,,Y,A,-,N,,,,,,,,,,Y,1,1,0,2,A,-,01,23152,A,N,A,C,A,A,H,-,A,D,0,,,Y,,Y,Y,C,02,0,0,0,0,0,0,0,1,0,"- ","- ",38.491160000000001,-122.88696,SONOMA,UNINCORPORATED,-122.89929993,38.495719989999998
6639084,2014,2014-11-04,9360,2014-09-14,0330,020136,,7,3,9,4900,0,2,4,,1,032,"RIVER RD","BISORDI LN",706.00,W,N,A,-,N,,,,,,,,,,Y,2,0,1,1,A,-,01,23152,A,N,E,I,A,A,H,-,D,D,0,,,,,Y,Y,A,01,1,0,0,0,0,0,0,0,0,"- ","- ",38.496099999999998,-122.78034,SONOMA,UNINCORPORATED,-122.78142894,38.495619779999998
6639100,2014,2014-11-04,9360,2014-09-07,1800,019359,,7,2,9,4900,0,2,4,,1,024,"CALISTOGA RD","PLUM RANCH RD",2534.00,S,N,A,-,N,,,,,,,,,,Y,2,0,1,1,A,-,08,22107,,N,F,A,A,A,H,-,A,D,0,,,Y,,Y,,C,02,1,0,0,0,0,0,0,0,1,"- ","- ",38.49136,-122.65852,SONOMA,UNINCORPORATED,-122.65627074,38.492397349999997
6639108,2014,2016-03-01,9360,2014-09-07,0950,020136,,7,1,9,4900,0,2,4,,1,034,"FULTON RD","B ST",0.00,,Y,A,-,N,,,,,,,,,,Y,2,0,1,2,A,-,08,22107,,N,B,C,A,A,H,-,A,A,0,,,Y,,Y,,A,01,1,0,0,0,0,0,0,0,1,"- ","- ",38.495829999999998,-122.76998,SONOMA,UNINCORPORATED,-122.77008996000001,38.495639990000001
6642997,2014,2014-11-14,4905,2014-10-05,1756,SR422,10603,7,5,6,4905,0,0,0,,0,003,"GUERNEVILLE RD","GAMAY ST",0.00,,Y,A,-,N,,,,,,,,,,Y,2,0,3,2,A,-,09,21801,A,N,D,C,A,A,H,-,A,A,0,,,,,Y,,A,01,1,0,2,0,0,0,0,0,0,"- ","- ",,,SONOMA,"SANTA ROSA",-122.75677994999999,38.452529939999998
6649145,2014,2014-10-28,9360,2014-09-19,1955,020522,,5,2,9,4900,0,2,4,,1,032,"RIVER RD","WOHLER RD",2640.00,E,N,A,-,N,,,,,,,,,,Y,2,0,1,2,A,-,09,21804,A,N,D,C,A,A,H,-,D,D,0,,,,Y,Y,,G,26,1,0,0,0,0,0,0,0,0,"- ","- ",38.292499999999997,-122.5227,SONOMA,UNINCORPORATED,-122.87442124,38.490362179999998
6653829,2014,2014-10-15,9360,2014-09-24,0240,018520,,3,3,9,4900,0,3,5,,2,003,"EASTSIDE RD","TRENTON-HEALDSBURG RD",582.00,N,N,A,-,N,,,,,,,,,,Y,2,0,1,1,A,-,01,23152,A,N,F,A,A,A,H,-,D,D,0,,,,,Y,Y,A,01,1,0,0,0,0,0,0,0,0,"- ","- ",38.504860000000001,-122.86100999999999,SONOMA,UNINCORPORATED,-122.86098867,38.504818
6656235,2014,2016-05-14,9360,2014-09-06,1252,18881,,6,1,9,4900,0,1,3,,1,063,"RT 1","BODEGA HWY",5544.00,S,N,A,-,Y,SON,4,1,-,-,4.290,H,-,S,N,2,0,1,2,B,-,22,,,N,H,G,A,A,H,-,A,D,0,,Y,,,Y,,J,48,1,0,0,0,0,0,1,0,0,"- ","- ",38.329859999999996,-122.96014,SONOMA,UNINCORPORATED,-122.96033337999999,38.32997864
6664762,2014,2014-12-30,9360,2014-10-04,0955,19366,,6,1,9,4900,0,2,4,,1,038,"BOHEMIAN HWY","BOHEMIAN LN",1056.00,N,N,A,-,N,,,,,,,,,,Y,2,0,2,2,A,-,05,21460,A,N,A,C,A,A,H,-,A,D,0,,,,,Y,,D,22,1,0,1,0,0,0,0,0,0,"- ","- ",38.394109999999998,-122.93821,SONOMA,UNINCORPORATED,-122.93691745,38.393025999999999
6664975,2014,2016-04-11,9360,2014-10-05,1325,19366,,7,1,9,4900,0,2,4,,1,044,"ADOBE RD","SONOMA MOUNTAIN RD",75.00,S,N,A,-,N,,,,,,,,,,Y,2,0,1,2,A,-,04,21703,,N,C,C,A,A,H,-,A,D,0,,,Y,,Y,,C,02,1,0,0,0,0,0,0,0,1,"- ","- ",38.275410000000001,-122.62042,SONOMA,UNINCORPORATED,-122.62076786,38.275499670000002
6666575,2014,2014-12-26,9360,2014-10-08,2303,14883,,3,3,9,4900,0,2,4,,1,042,"PETALUMA HILL RD","HUNTER LN",3696.00,N,N,A,-,N,,,,,,,,,,Y,2,0,3,2,A,-,03,22350,,N,A,C,A,A,H,-,D,D,0,,,,,Y,,A,01,1,2,0,0,0,0,0,0,0,"- ","- ",38.393520000000002,-122.69256,SONOMA,UNINCORPORATED,-122.69260420000001,38.39358927
6666924,2014,2014-10-22,9360,2014-09-26,0910,016076,,5,1,9,4900,0,2,4,,1,034,"FULTON RD","WOOD RD",16.00,S,N,A,-,N,,,,,,,,,,N,2,0,1,2,A,-,05,21650,1,N,H,G,A,A,H,-,A,D,0,,Y,,,Y,,L,04,1,0,0,0,0,0,1,0,0,"- ","- ",38.481569999999998,-122.76994000000001,SONOMA,UNINCORPORATED,-122.76982031,38.48159605
6678199,2017,2018-01-23,4908,2017-10-05,1017,2926,,4,5,5,4908,0,0,0,,0,015,"RT 116","PINE VIEW WY",0.00,,Y,A,-,Y,SON,4,116,-,-,36.920,I,5,E,Y,1,1,1,2,A,-,09,21802,A,N,D,C,A,A,H,-,A,D,0,,,,,Y,,A,01,0,1,0,0,0,0,0,0,0,"- ","- ",38.231259999999999,-122.58438,SONOMA,PETALUMA,-122.58496228999999,38.23166397
6694006,2014,2016-06-18,9350,2014-10-17,1640,018319,,5,2,9,4900,0,1,3,,2,237,"RT 37","NOBLE RD",1000.00,W,N,A,-,Y,SON,4,37,-,-,5.200,H,-,W,Y,2,0,1,2,A,-,03,22350,,N,C,C,A,A,H,-,A,D,0,,,Y,,Y,,C,02,1,0,0,0,0,0,0,0,1,"- ","- ",38.154119999999999,-122.43025,SONOMA,UNINCORPORATED,-122.42610934,38.154453459999999
6705887,2014,2015-01-12,9360,2014-11-03,1825,020565,,1,2,9,4900,0,2,4,,1,038,"GRATON RD","HARRISON GRADE RD",49.00,E,N,A,-,N,,,,,,,,,,Y,2,0,1,1,A,-,01,23152,A,N,E,I,A,A,H,-,D,D,0,,,,,Y,Y,A,01,1,0,0,0,0,0,0,0,0,"- ","- ",38.41657,-122.93796,SONOMA,UNINCORPORATED,-122.93779016000001,38.416646180000001