CASE_ID,ACCIDENT_YEAR,PROC_DATE,JURIS,COLLISION_DATE,COLLISION_TIME,OFFICER_ID,REPORTING_DISTRICT,DAY_OF_WEEK,CHP_SHIFT,POPULATION,CNTY_CITY_LOC,SPECIAL_COND,BEAT_TYPE,CHP_BEAT_TYPE,CITY_DIVISION_LAPD,CHP_BEAT_CLASS,BEAT_NUMBER,PRIMARY_RD,SECONDARY_RD,DISTANCE,DIRECTION,INTERSECTION,WEATHER_1,WEATHER_2,STATE_HWY_IND,CALTRANS_COUNTY,CALTRANS_DISTRICT,STATE_ROUTE,ROUTE_SUFFIX,POSTMILE_PREFIX,POSTMILE,LOCATION_TYPE,RAMP_INTERSECTION,SIDE_OF_HWY,TOW_AWAY,COLLISION_SEVERITY,NUMBER_KILLED,NUMBER_INJURED,PARTY_COUNT,PRIMARY_COLL_FACTOR,PCF_CODE_OF_VIOL,PCF_VIOL_CATEGORY,PCF_VIOLATION,PCF_VIOL_SUBSECTION,HIT_AND_RUN,TYPE_OF_COLLISION,MVIW,PED_ACTION,ROAD_SURFACE,ROAD_COND_1,ROAD_COND_2,LIGHTING,CONTROL_DEVICE,CHP_ROAD_TYPE,PEDESTRIAN_ACCIDENT,BICYCLE_ACCIDENT,MOTORCYCLE_ACCIDENT,TRUCK_ACCIDENT,NOT_PRIVATE_PROPERTY,ALCOHOL_INVOLVED,STWD_VEHTYPE_AT_FAULT,CHP_VEHTYPE_AT_FAULT,COUNT_SEVERE_INJ,COUNT_VISIBLE_INJ,COUNT_COMPLAINT_PAIN,COUNT_PED_KILLED,COUNT_PED_INJURED,COUNT_BICYCLIST_KILLED,COUNT_BICYCLIST_INJURED,COUNT_MC_KILLED,COUNT_MC_INJURED,PRIMARY_RAMP,SECONDARY_RAMP,LATITUDE,LONGITUDE,COUNTY,CITY,POINT_X,POINT_Y
6712715,2014,2014-12-23,4905,2014-10-10,1227,SR5959,10603,5,5,6,4905,0,0,0,,0,003,"WEST COLLEGE AV","KOWELL RD",250.00,E,N,A,-,N,,,,,,,,,,Y,2,0,4,2,A,-,09,21804,A,N,D,C,A,A,H,-,A,D,0,,,,,Y,,A,01,2,1,1,0,0,0,0,0,0,"- ","- ",,,SONOMA,"SANTA ROSA",-122.74173881999999,38.445346839999999
6712924,2014,2015-01-06,4905,2014-10-09,1119,SR8916,10606,4,5,6,4905,0,0,0,,0,006,"HOEN AV","MOORE RD",132.00,E,N,A,-,N,,,,,,,,,,N,2,0,1,2,A,-,08,22107,,N,C,E,A,A,H,-,A,D,0,,Y,,,Y,,L,04,1,0,0,0,0,0,1,0,0,"- ","- ",,,SONOMA,"SANTA ROSA",-122.67675121000001,38.437706630000001
6718440,2014,2016-01-14,9360,2014-08-14,0030,14883,,4,3,9,4900,0,1,2,,2,050,"RT 101","TODD RD",1056.00,S,N,A,-,Y,SON,4,101,-,-,16.320,H,-,S,Y,1,1,0,1,A,-,01,23152,E,N,E,I,A,A,H,-,D,D,1,,,,,Y,,A,07,0,0,0,0,0,0,0,0,0,"- ","- ",38.383760000000002,-122.71632,SONOMA,UNINCORPORATED,-122.71632974000001,38.383051289999997
6725540,2014,2015-01-13,9360,2014-11-10,0154,20457,,1,3,9,4900,0,3,5,,2,003,"STARR RD","REIMAN LN",2640.00,S,N,E,-,N,,,,,,,,,,Y,2,0,1,1,A,-,03,22350,,N,E,I,A,A,H,-,D,D,0,,,,,Y,,A,01,1,0,0,0,0,0,0,0,0,"- ","- ",38.529290000000003,-122.82594,SONOMA,UNINCORPORATED,-122.82614048000001,38.529138840000002
6754530,2014,2015-02-17,4905,2014-12-20,1759,SR468,10606,6,5,6,4905,0,0,0,,0,006,"MONTGOMERY DR","HALLIN LN",4171.00,E,N,C,-,N,,,,,,,,,,Y,2,0,2,2,A,-,03,22350,,N,A,C,A,B,H,-,D,D,0,,,,,Y,,D,22,1,0,1,0,0,0,0,0,0,"- ","- ",,,SONOMA,"SANTA ROSA",-122.65281795,38.460906479999998
6765718,2014,2016-06-18,4906,2014-11-19,1047,455,4906,3,5,2,4906,0,0,0,,0,,"RT 12","RT 116",20.00,N,N,C,-,Y,SON,4,12,-,-,9.230,I,5,E,N,2,0,1,2,A,-,10,21950,A,N,G,B,B,B,H,-,A,A,0,Y,,,,Y,,D,22,1,0,0,0,1,0,0,0,0,"- ","- ",38.402099999999997,-122.82526,SONOMA,SEBASTOPOL,-122.82420135,38.402107960000002
6780613,2014,2015-01-26,4905,2014-11-12,2111,SR484,10602,3,5,6,4905,0,0,0,,0,002,"FOUNTAINGROVE PKWY","ALTRURIA DR",850.00,E,N,B,-,N,,,,,,,,,,Y,2,0,1,1,A,-,03,22350,,N,E,I,A,B,H,-,C,D,0,,,,,Y,,A,07,1,0,0,0,0,0,0,0,0,"- ","- ",,,SONOMA,"SANTA ROSA",-122.72093913,38.478911740000001
6789437,2015,2015-02-26,9360,2015-01-05,1100,015420,,1,1,9,4900,0,2,4,,1,032,"RIVER RD","LAUGHLIN RD",3696.00,W,N,A,-,N,,,,,,,,,,Y,2,0,2,2,A,-,05,21650,,N,A,C,A,A,H,-,A,D,0,,,,Y,Y,,A,08,1,1,0,0,0,0,0,0,0,"- ","- ",38.490490000000001,-122.79835,SONOMA,UNINCORPORATED,-122.7998175,38.490251100000002
6797602,2015,2016-10-17,9360,2015-01-18,2320,20457,,7,3,9,4900,0,3,5,,2,005,"LLANO RD","RT 116",180.00,N,N,A,-,Y,SON,4,116,-,-,31.150,I,6,W,Y,2,0,1,1,A,-,01,23152,A,N,E,I,A,A,H,-,C,D,0,,,,,Y,Y,A,01,1,0,0,0,0,0,0,0,0,"- ","- ",38.358159999999998,-122.76942,SONOMA,UNINCORPORATED,-122.76991486,38.358172539999998
6806953,2015,2015-03-02,9360,2015-01-31,1640,20176,,6,2,9,4900,0,2,4,,1,038,"GRATON RD","HARRISON GRADE RD",45.00,E,N,A,-,N,,,,,,,,,,Y,2,0,1,1,A,-,01,23152,A,N,E,I,A,A,H,-,A,D,0,,,Y,,Y,Y,C,02,1,0,0,0,0,0,0,0,1,"- ","- ",38.416679999999999,-122.93765999999999,SONOMA,UNINCORPORATED,-122.93780402,38.416644859999998
6814314,2015,2015-03-16,4905,2015-01-01,0750,SR284,10606,4,5,6,4905,0,0,0,,0,006,"BROOKWOOD AV","SONOMA AV",0.00,,Y,A,-,N,,,,,,,,,,N,2,0,1,1,A,-,03,22350,,N,F,A,A,A,H,-,A,A,0,,,,,Y,,J,49,1,0,0,0,0,0,0,0,0,"- ","- ",,,SONOMA,"SANTA ROSA",-122.70282987,38.440379960000001
6842676,2015,2016-10-20,9360,2015-03-05,1715,016652,,4,2,6,4905,0,1,2,,2,040,"RT 101","BAKER AV",650.00,N,N,A,-,Y,SON,4,101,-,-,19.120,H,-,S,Y,2,0,1,2,A,-,03,22350,,N,C,C,A,A,H,-,A,D,1,,,Y,,Y,,C,02,1,0,0,0,0,0,0,0,1,"- ","- ",38.421559999999999,-122.71531,SONOMA,"SANTA ROSA",-122.71517863,38.423570699999999
6874308,2015,2015-04-10,9360,2015-03-15,2230,020329,,7,3,9,4900,0,3,5,,2,001,"CAZADERO HWY","KRAMER RD",528.00,S,N,A,-,N,,,,,,,,,,Y,2,0,1,1,A,-,01,23152,A,N,E,I,A,A,H,-,D,D,0,,,,,Y,Y,A,07,1,0,0,0,0,0,0,0,0,"- ","- ",38.523989999999998,-123.08606,SONOMA,UNINCORPORATED,-123.08837201999999,38.524332010000002
6883855,2015,2015-04-24,9360,2015-03-15,1730,019359,,7,2,9,4900,0,3,5,,2,002,"GEYSERS RD","PINE MOUNTAIN RD",30624.00,,N,B,-,N,,,,,,,,,,N,2,0,2,2,A,-,05,21650,,M,A,C,A,A,H,-,A,D,0,,,Y,,Y,,C,02,1,0,1,0,0,0,0,0,2,"- ","- ",38.826369999999997,-122.9158,SONOMA,UNINCORPORATED,-122.99658991,38.82652994
6888990,2015,2016-10-26,4905,2015-03-14,1614,SR383,10606,6,5,6,4905,0,0,0,,0,006,"RT 12","FAIRWAY DR",0.00,,Y,B,-,Y,SON,4,12,-,-,21.040,I,5,W,Y,2,0,2,2,A,-,09,21801,A,N,A,C,A,A,H,-,A,A,0,,,,,Y,,A,07,1,1,0,0,0,0,0,0,0,"- ","- ",,,SONOMA,"SANTA ROSA",-122.63761842,38.459517890000001
6898673,2015,2015-05-19,9360,2015-04-30,2240,14883,,4,3,9,4900,0,3,5,,2,005,"WILFRED AV","ARLINGTON AV",325.00,W,N,A,-,N,,,,,,,,,,Y,2,0,1,1,A,-,01,23152,A,N,E,I,A,A,H,-,D,A,0,,,Y,,Y,Y,C,02,1,0,0,0,0,0,0,0,1,"- ","- ",38.363030000000002,-122.75533,SONOMA,UNINCORPORATED,-122.75507371,38.363024359999997
6905640,2015,2015-07-22,9360,2015-04-12,1748,18790,,7,2,9,4900,0,2,4,,1,046,"BENNETT VALLEY RD","GRANGE RD",5280.00,W,N,A,-,N,,,,,,,,,,Y,1,1,1,2,A,-,01,23152,F,N,D,C,A,A,H,-,A,D,0,,,,,Y,Y,A,01,0,1,0,0,0,0,0,0,0,"- ","- ",,,SONOMA,UNINCORPORATED,-122.64610005,38.410790040000002
6907354,2015,2015-05-21,4908,2015-04-23,1716,1543,1,4,5,5,4908,0,0,0,,0,002,"WASHINGTON ST","PETALLUMA BLVD N",7.00,E,N,A,-,N,,,,,,,,,,N,2,0,1,2,A,-,01,23152,A,N,G,B,B,A,H,-,A,A,0,Y,,,,Y,Y,A,01,1,0,0,0,1,0,0,0,0,"- ","- ",,,SONOMA,PETALUMA,-122.64115676,38.23577581
6907502,2015,2015-08-19,9360,2015-04-20,1030,013440,9360,1,1,9,4900,0,3,5,,2,003,"FREI RD","RT 116",4224.00,E,N,B,-,N,,,,,,,,,,Y,2,0,1,1,A,-,08,22107,,N,H,I,A,A,H,-,A,D,0,,,,,Y,,D,22,1,0,0,0,0,0,0,0,0,"- ","- ",38.441719999999997,-122.84738,SONOMA,UNINCORPORATED,-122.84625113,38.442436450000002
6944703,2015,2016-06-16,9360,2015-05-16,1815,020085,,6,2,9,4900,0,2,4,,1,038,"BODEGA HWY","FREESTONE VALLEY FORD RD",5280.00,W,N,A,-,N,,,,,,,,,,Y,2,0,3,2,A,-,01,23152,A,N,A,C,A,A,H,-,A,D,0,,,,,Y,Y,A,01,1,2,0,0,0,0,0,0,0,"- ","- ",38.357309999999998,-122.9344,SONOMA,UNINCORPORATED,-122.93795049000001,38.356212509999999
6954089,2015,2015-07-14,9360,2015-06-07,1410,18859,,7,2,9,4900,0,2,4,,1,038,"OCCIDINTAL RD","FURLONG RD",2112.00,W,N,A,-,N,,,,,,,,,,N,2,0,1,1,A,-,03,22350,,N,E,H,A,A,H,-,A,D,0,,Y,,,Y,,L,04,1,0,0,0,0,0,1,0,0,"- ","- ",38.418219999999998,-122.87935,SONOMA,UNINCORPORATED,-122.90214593,38.408239760000001
6954701,2015,2015-07-03,4905,2015-03-08,2124,SR452,10608,7,5,6,4905,0,0,0,,0,008,"PETALUMA HILL RD","BREEZE WY",13.00,N,N,A,-,N,,,,,,,,,,Y,2,0,1,2,A,-,10,21950,A,N,G,B,B,A,H,-,E,A,0,Y,,,,Y,,A,01,1,0,0,0,1,0,0,0,0,"- ","- ",,,SONOMA,"SANTA ROSA",-122.70608632,38.42105909
6959138,2015,2015-06-30,9325,2015-06-06,2027,20261,,6,2,9,4900,0,2,4,,2,054,"ARNOLD DR","OLIVE AV",477.00,S,N,A,-,N,,,,,,,,,,Y,2,0,3,2,A,-,01,23152,A,N,A,C,A,A,H,-,D,D,0,,,,,Y,Y,A,01,1,2,0,0,0,0,0,0,0,"- ","- ",38.288269999999997,-122.49108,SONOMA,UNINCORPORATED,-122.4913497,38.28820297
6978449,2015,2016-12-09,9325,2015-06-27,1740,015176,1,6,2,9,4900,0,3,5,,2,001,"RT 121","RT 37",500.00,N,N,A,-,Y,SON,4,121,-,-,0.020,H,-,S,Y,2,0,1,1,A,-,03,22350,,N,F,A,A,A,H,-,A,D,0,,,Y,,Y,,C,02,1,0,0,0,0,0,0,0,1,TO,"- ",38.151009999999999,-122.44991,SONOMA,UNINCORPORATED,-122.4494851,38.151224319999997
6983721,2015,2015-07-25,9325,2015-06-15,2242,20257,,1,3,9,4900,0,2,4,,1,064,"ARNOLD DR","CRAIG AV",597.00,S,N,A,-,N,,,,,,,,,,Y,2,0,1,2,A,-,09,21801,A,N,D,C,A,A,H,-,D,D,0,,,Y,,Y,,A,01,1,0,0,0,0,0,0,0,1,"- ","- ",38.181069999999998,-122.29385000000001,SONOMA,UNINCORPORATED,-122.49394832999999,38.303001870000003
6993443,2015,2015-07-29,4908,2015-07-15,1709,849,2,3,5,5,4908,0,0,0,,0,002,"LAKEVILLE ST","LINDBERG LN",50.00,N,N,A,-,N,,,,,,,,,,N,2,0,1,2,A,-,05,21650,1,N,D,G,A,A,H,-,A,D,0,,Y,,,Y,,L,04,1,0,0,0,0,0,1,0,0,"- ","- ",,,SONOMA,PETALUMA,-122.62559,38.235480000000003
6997118,2015,2016-06-01,9360,2015-06-22,1831,18520,9360,1,2,9,4900,0,3,5,,2,005,"DUTTON AV","SOUTHWOOD DR",0.00,S,N,A,-,N,,,,,,,,,,Y,2,0,2,2,A,-,01,23152,A,F,B,E,A,A,H,-,A,D,0,,,,,Y,Y,A,01,1,1,0,0,0,0,0,0,0,"- ","- ",38.422559999999997,-122.72454999999999,SONOMA,UNINCORPORATED,-122.72388986999999,38.41822998
7006339,2015,2017-04-03,4905,2015-09-26,1340,SR394,10603,6,5,6,4905,0,0,0,,0,003,"NORTH DUTTON AV","GUAYMAS CT",0.00,,Y,A,-,N,,,,,,,,,,Y,1,1,0,2,A,-,03,22350,,N,F,A,A,A,H,-,A,D,0,,,Y,,Y,,C,02,0,0,0,0,0,0,0,1,0,"- ","- ",,,SONOMA,"SANTA ROSA",-122.73606993999999,38.453499989999997
7008520,2015,2015-08-10,9325,2015-07-04,0600,019590,,6,1,9,4900,0,3,5,,2,006,"MOON MOUNTAIN RD","ADOBE WY",2640.00,N,N,A,-,N,,,,,,,,,,Y,2,0,4,1,A,-,08,22107,,N,E,A,A,A,H,-,B,D,0,,,,,Y,,A,01,3,0,1,0,0,0,0,0,0,"- ","- ",38.336779999999997,-122.48648,SONOMA,UNINCORPORATED,-122.4849931,38.337785879999998
7010434,2015,2016-12-21,9360,2015-07-24,1535,018790,,5,2,6,4905,0,1,2,,2,040,"RT 101","RT 12",300.00,N,N,A,-,Y,SON,4,101,-,-,19.930,H,-,S,Y,2,0,2,1,A,-,08,22107,,N,F,A,A,A,H,-,A,D,1,,,,,Y,,A,07,1,1,0,0,0,0,0,0,0,"- ","- ",38.434170000000002,-122.71679,SONOMA,"SANTA ROSA",-122.71705172999999,38.435066339999999
7030886,2015,2016-11-03,4906,2015-05-10,0449,449,,7,5,2,4906,0,0,0,,0,,"N MAIN ST","WALLACE ST",0.00,,Y,A,-,Y,SON,4,116,-,-,26.510,H,-,E,Y,2,0,1,1,A,-,01,23152,F,N,F,I,A,A,H,-,C,A,0,,,,,Y,Y,A,01,1,0,0,0,0,0,0,0,0,"- ","- ",38.404330000000002,-122.82626,SONOMA,SEBASTOPOL,-122.82610941,38.405091849999998
7043903,2015,2016-12-21,4908,2015-08-02,0002,3189,13,7,5,5,4908,0,0,0,,0,001,"EAST WASHINGTON ST","RT 101",200.00,E,N,A,-,Y,SON,4,101,-,-,4.665,R,4,N,N,2,0,1,1,A,-,08,22107,,N,E,I,A,A,H,-,C,A,0,,,,,Y,,D,22,1,0,0,0,0,0,0,0,0,"- ","- ",,,SONOMA,PETALUMA,-122.62617705,38.246152789999996
7047633,2015,2016-01-13,4908,2015-09-09,0800,1543,4,3,5,5,4908,0,0,0,,0,002,"B ST","7TH ST",0.00,,Y,A,-,N,,,,,,,,,,N,2,0,1,2,A,-,09,21801,A,N,D,G,A,A,H,-,A,D,0,,Y,,,Y,,D,22,1,0,0,0,0,0,1,0,0,"- ","- ",,,SONOMA,PETALUMA,-122.6415999,38.229459980000001
7149655,2015,2017-01-28,4905,2015-12-02,2152,SR482,10604,3,5,6,4905,0,0,0,,0,004,"FARMERS LN","RT 12",0.00,,Y,A,-,Y,SON,4,12,-,T,17.680,I,5,W,Y,2,0,1,2,A,-,12,21453,A,N,D,C,A,A,H,-,C,A,0,,,,,Y,,A,01,1,0,0,0,0,0,0,0,0,"- ","- ",,,SONOMA,"SANTA ROSA",-122.68769890999999,38.437110590000003
7190685,2016,2016-12-27,4908,2016-10-27,2247,2747,15,4,5,5,4908,0,0,0,,0,001,"LAKEVIEW HWY","BROWNS LN",1052.00,W,N,C,-,Y,SON,4,116,-,-,37.440,H,-,E,Y,1,1,0,1,A,-,01,23152,A,N,A,I,A,B,H,-,D,D,0,,,,,Y,Y,A,01,0,0,0,0,0,0,0,0,0,"- ","- ",,,SONOMA,PETALUMA,-122.57696527,38.227206989999999
7209653,2016,2016-03-25,4908,2016-02-23,1658,2747,10,2,5,5,4908,0,0,0,,0,004,"PROFESSIONAL DR","NORTH MCDOWELL BL",0.00,,Y,A,-,N,,,,,,,,,,N,2,0,1,2,A,-,05,21650,1,N,D,G,A,A,H,-,A,A,0,,Y,,,Y,,L,04,1,0,0,0,0,0,1,0,0,"- ","- ",,,SONOMA,PETALUMA,-122.63459992999999,38.254129910000003
8002330,2016,2016-03-29,4905,2016-01-19,0732,SR514,10604,2,5,6,4905,0,0,0,,0,004,"CALISTOGA RD","PIEDMONT DR",0.00,,Y,C,-,N,,,,,,,,,,Y,2,0,3,2,A,-,17,24250,,N,D,C,A,B,H,-,B,D,0,,,,,Y,,A,07,1,0,2,0,0,0,0,0,0,"- ","- ",,,SONOMA,"SANTA ROSA",-122.65486998,38.476949920000003
8030605,2016,2016-05-04,4908,2016-04-16,1041,2937,6,6,5,5,4908,0,0,0,,0,003,"PETALLUMA BLVD N","SYCAMORE LN",129.00,N,N,A,-,N,,,,,,,,,,Y,2,0,1,2,A,-,03,22350,,N,C,C,A,A,H,-,A,D,0,,,Y,,Y,,C,02,1,0,0,0,0,0,0,0,1,"- ","- ",38.246589999999998,-122.64521999999999,SONOMA,PETALUMA,-122.64532205,38.24694684
8056492,2016,2016-06-09,4905,2016-05-22,0016,SR473,10605,7,5,6,4905,0,0,0,,0,005,"SEBASTOPOL AV","DUTTON AV",0.00,,Y,A,-,N,,,,,,,,,,N,2,0,1,2,A,-,17,21451,A,F,D,G,A,A,H,-,C,A,0,,Y,,,Y,,A,01,1,0,0,0,0,0,1,0,0,"- ","- ",,,SONOMA,"SANTA ROSA",-122.72529992,38.430619929999999
8065419,2016,2016-06-20,4906,2016-01-23,1935,449,,6,5,2,4906,0,0,0,,0,,"BODEGA AV","NELSON WY",6.00,E,N,A,-,N,,,,,,,,,,N,2,0,1,2,A,-,10,21950,A,N,G,B,B,A,H,-,C,A,0,Y,,,,Y,,A,01,1,0,0,0,1,0,0,0,0,"- ","- ",38.398200000000003,-122.83318,SONOMA,SEBASTOPOL,-122.83314907,38.398140529999999
8151385,2016,2016-10-27,4904,2016-09-12,0205,337,,1,5,4,4904,0,0,0,,0,,"GOLF COURSE DR","COUNTRY CLUB DR",228.00,W,N,B,-,N,,,,,,,,,,Y,2,0,2,1,A,-,01,23153,B,N,E,I,A,A,H,-,C,A,0,,,,,Y,Y,A,01,2,0,0,0,0,0,0,0,0,"- ","- ",38.362099999999998,-122.69474,SONOMA,"ROHNERT PARK",-122.69538521,38.361762149999997
8157906,2016,2016-11-03,4908,2016-10-26,0926,2747,7,3,5,5,4908,0,0,0,,0,004,"OLD REDWOOD HWY","REDWOOD WY",360.00,E,N,A,-,N,,,,,,,,,,N,2,0,1,2,A,-,08,22107,,N,D,G,A,B,H,-,A,D,0,,Y,,,Y,,L,04,1,0,0,0,0,0,1,0,0,"- ","- ",,,SONOMA,PETALUMA,-122.66858351,38.278747889999998
8166672,2016,2017-02-01,4900,2016-12-26,1310,SD1891,11101,1,5,3,4980,0,0,0,,0,WI1,"COLLEEN DR","ABBIE CT",210.00,N,N,A,-,N,,,,,,,,,,Y,1,1,1,2,A,-,08,22107,,N,B,E,A,A,H,-,A,D,0,,,,,Y,,A,07,0,0,1,0,0,0,0,0,0,"- ","- ",,,SONOMA,WINDSOR,-122.82264401,38.552361529999999
8166702,2016,2017-02-13,4904,2016-12-12,1418,493,,1,5,4,4904,0,0,0,,0,001,"ROHNERT PARK EXPWY","COUNTRY CLUB DR",250.00,W,N,B,-,N,,,,,,,,,,Y,1,1,0,2,A,-,05,21651,A,N,E,I,A,A,H,-,A,A,0,,,,,Y,,A,08,0,0,0,0,0,0,0,0,0,"- ","- ",38.348120000000002,-122.69611999999999,SONOMA,"ROHNERT PARK",-122.69701972,38.348219409999999
8167119,2017,2018-03-23,4905,2017-01-01,2300,SR469,10604,7,5,6,4905,0,0,0,,0,004,"MOUNTAIN HAWK","BRANCH OWL PL",41.00,S,N,A,-,N,,,,,,,,,,Y,1,1,1,1,A,-,01,23152,F,N,E,I,A,A,H,-,C,D,0,,,,,Y,Y,A,01,0,0,1,0,0,0,0,0,0,"- ","- ",,,SONOMA,"SANTA ROSA",-122.64251369999999,38.465554820000001
8167277,2017,2018-08-29,4905,2017-04-04,1814,SR394,10606,2,5,6,4905,0,0,0,,0,006,"MONTGOMERY DR","SPRING LAKE CT",2000.00,W,N,A,-,N,,,,,,,,,,Y,1,1,1,1,A,-,01,23152,A,N,E,I,A,A,H,-,A,D,0,,,,,Y,Y,A,07,1,0,0,0,0,0,0,0,0,"- ","- ",,,SONOMA,"SANTA ROSA",-122.65561855,38.462553010000001
8167522,2017,2018-03-07,4905,2017-12-31,0118,SR394,10608,7,5,6,4905,0,0,0,,0,008,"SANTA ROSA AV","BARHAM AV",25.00,S,N,A,-,N,,,,,,,,,,Y,1,1,0,1,A,-,01,23152,A,N,E,I,A,A,H,-,C,A,0,,,,,Y,Y,A,01,0,0,0,0,0,0,0,0,0,"- ","- ",,,SONOMA,"SANTA ROSA",-122.71325339000001,38.42713655
81747580,2022,2022-04-14,4904,2022-02-11,1556,1040556,4904,5,5,4,4904,0,0,0,,0,002,"ENTERPRISE DR","LIGHT POLE  1173",70.00,W,N,A,-,N,,,,,,,,,,N,2,0,1,2,A,-,11,21954,A,N,G,B,D,A,H,-,A,D,0,Y,,,,Y,,N,60,1,0,0,0,1,0,0,0,0,"- ","- ",,,SONOMA,"ROHNERT PARK",,
81796230,2022,2022-06-16,4904,2022-05-06,0516,1040493,,5,5,4,4904,0,0,0,,0,,"CAMINO COLEGIO","MAGILL LN",0.00,,Y,B,-,N,,,,,,,,,,N,2,0,1,1,A,-,01,23152,A,N,E,I,A,A,H,-,B,A,0,,,,,Y,Y,A,01,1,0,0,0,0,0,0,0,0,"- ","- ",38.332088470458984,-122.68675994873047,SONOMA,"ROHNERT PARK",-122.68691253662109,38.332115173339844
81801356,2022,2022-06-23,4904,2022-06-04,1857,1040579,4034,6,5,4,4904,0,0,0,,0,001,"GOLF COURSE DR","ROBERTS LAKE RD",0.00,,Y,A,-,N,,,,,,,,,,Y,2,0,2,2,A,-,12,21453,A,N,A,C,A,A,H,-,A,A,0,,,,,Y,,A,01,1,0,1,0,0,0,0,0,0,"- ","- ",38.363430023193359,-122.71060943603516,SONOMA,"ROHNERT PARK",-122.71060180664062,38.363319396972656
81824715,2022,2022-07-26,4905,2022-07-12,2052,1060473,,2,5,6,4905,0,0,0,,0,006,"SONOMA AV","COLORADO BL",30.00,W,N,A,-,N,,,,,,,,,,N,2,0,1,1,A,-,08,22107,,N,H,A,A,A,H,-,B,D,0,,,Y,,Y,,O,05,1,0,0,0,0,0,0,0,1,"- ","- ",,,SONOMA,"SANTA ROSA",-122.67539978027344,38.447902679443359
81834420,2022,2022-08-08,4905,2022-07-20,1255,1068714,,3,5,6,4905,0,0,0,,0,007,"STONY POINT RD","GIFFEN AV",0.00,,Y,A,-,N,,,,,,,,,,Y,2,0,2,2,A,-,12,21453,A,N,D,C,A,A,H,-,A,A,0,,,,,Y,,-,"- ",1,0,1,0,0,0,0,0,0,"- ","- ",,,SONOMA,"SANTA ROSA",-122.74018096923828,38.418109893798828
81844771,2022,2022-08-22,4905,2022-08-06,1209,1068708,4905,6,5,6,4905,0,0,0,,0,005,"SEBASTOPOL RD","CORPORATE CENTER PW",25.00,E,N,A,-,N,,,,,,,,,,N,2,0,1,2,A,-,08,22107,,N,D,G,A,A,H,-,A,A,0,,Y,,,Y,,L,04,1,0,0,0,0,0,1,0,0,"- ","- ",,,SONOMA,"SANTA ROSA",-122.75327301025391,38.425945281982422
8188922,2016,2016-12-14,4905,2016-10-08,2029,SR469,10602,6,5,6,4905,0,0,0,,0,002,"PACIFIC AV","MCDONALD AV",114.00,E,N,A,-,N,,,,,,,,,,N,2,0,1,2,A,-,11,21954,A,F,G,B,D,A,H,-,E,D,0,Y,,,,Y,,N,60,1,0,0,0,1,0,0,0,0,"- ","- ",,,SONOMA,"SANTA ROSA",-122.70345206,38.452998209999997
81899317,2022,2022-10-26,4904,2022-10-05,0719,1040573,,3,5,4,4904,0,0,0,,0,,"ROHNERT PARK EXPY","SAN SIMEON DR",25.00,W,N,A,-,N,,,,,,,,,,N,2,0,1,2,A,-,10,21950,A,N,G,B,B,A,H,-,A,A,0,Y,,,,Y,,A,01,1,0,0,0,1,0,0,0,0,"- ","- ",38.346668243408203,-122.69101715087891,SONOMA,"ROHNERT PARK",-122.69116973876953,38.346603393554688
81908325,2022,2022-11-03,4902,2022-10-15,0204,105347,,6,5,2,4902,0,0,0,,0,,"LA PLAZA","OLD REDWOOD HWY (N)",67.00,W,N,A,-,N,,,,,,,,,,N,2,0,1,2,A,-,01,23152,A,N,G,B,E,A,H,-,C,A,0,Y,,,Y,Y,Y,F,26,1,0,0,0,1,0,0,0,0,"- ","- ",,,SONOMA,COTATI,-122.70722961425781,38.327255249023438
81957166,2022,2023-01-02,4905,2022-08-25,1511,1060422,,4,5,6,4905,0,0,0,,0,008,"SANTA ROSA AV","POWDERHORN AV",370.00,N,N,A,-,N,,,,,,,,,,Y,2,0,2,2,A,-,09,21801,A,N,D,C,A,A,H,-,A,D,0,,,Y,,Y,,A,01,1,1,0,0,0,0,0,0,2,"- ","- ",,,SONOMA,"SANTA ROSA",-122.71347808837891,38.403865814208984
81967356,2022,2023-01-13,4905,2022-12-17,2151,1060541,4905,6,5,6,4905,0,0,0,,0,003,"PINER RD","KIRKHILL ST",110.00,E,N,A,-,N,,,,,,,,,,Y,2,0,1,4,A,-,01,23152,A,F,A,C,A,A,H,-,C,D,0,,,,,Y,Y,A,01,1,0,0,0,0,0,0,0,0,"- ","- ",,,SONOMA,"SANTA ROSA",-122.75674438476562,38.467140197753906
8199914,2016,2017-01-03,4904,2016-11-28,1545,493,,1,5,4,4904,0,0,0,,0,003,"SNYDER LN","ROSANA WY",7.00,N,N,A,-,N,,,,,,,,,,N,2,0,1,2,A,-,10,21950,A,N,G,B,B,A,H,-,A,A,0,Y,,,,Y,,A,01,1,0,0,0,1,0,0,0,0,"- ","- ",38.337859999999999,-122.68537999999999,SONOMA,"ROHNERT PARK",-122.68528916,38.337809219999997
82011063,2023,2023-03-07,4905,2023-02-17,"114 ",1060422,,5,5,6,4905,0,0,0,,0,003,"WEST STEELE LN","NORTHCOAST ST",50.00,E,N,A,-,N,,,,,,,,,,Y,2,0,1,1,A,-,01,23152,A,N,E,I,A,A,H,-,C,D,0,,,,,Y,Y,A,01,1,0,0,0,0,0,0,0,0,"- ","- ",,,SONOMA,"SANTA ROSA",-122.7413330078125,38.459907531738281
8201531,2017,2017-03-27,4900,2017-03-08,2008,SD2252,,3,5,3,4980,0,0,0,,0,WI1,"BROOKS RD SOUTH","GLENN MILLER DR",0.00,,Y,A,-,N,,,,,,,,,,Y,2,0,1,2,A,-,00,21453,,N,A,C,A,A,H,-,C,A,0,,,,,Y,,A,01,1,0,0,0,0,0,0,0,0,"- ","- ",,,SONOMA,WINDSOR,-122.80742991,38.55130999
82026217,2022,2023-03-23,4908,2022-02-01,0342,3509,11,2,5,5,4908,0,0,0,,0,004,"TURTLE CREEK WY","RAVEN WY",71.00,W,N,A,-,N,,,,,,,,,,N,2,0,1,1,A,-,01,23152,A,N,E,I,A,A,H,-,C,D,0,,,,,Y,Y,A,01,1,0,0,0,0,0,0,0,0,"- ","- ",38.259860992431641,-122.62238311767578,SONOMA,PETALUMA,-122.62251281738281,38.259719848632812