CASE_ID,ACCIDENT_YEAR,PROC_DATE,JURIS,COLLISION_DATE,COLLISION_TIME,OFFICER_ID,REPORTING_DISTRICT,DAY_OF_WEEK,CHP_SHIFT,POPULATION,CNTY_CITY_LOC,SPECIAL_COND,BEAT_TYPE,CHP_BEAT_TYPE,CITY_DIVISION_LAPD,CHP_BEAT_CLASS,BEAT_NUMBER,PRIMARY_RD,SECONDARY_RD,DISTANCE,DIRECTION,INTERSECTION,WEATHER_1,WEATHER_2,STATE_HWY_IND,CALTRANS_COUNTY,CALTRANS_DISTRICT,STATE_ROUTE,ROUTE_SUFFIX,POSTMILE_PREFIX,POSTMILE,LOCATION_TYPE,RAMP_INTERSECTION,SIDE_OF_HWY,TOW_AWAY,COLLISION_SEVERITY,NUMBER_KILLED,NUMBER_INJURED,PARTY_COUNT,PRIMARY_COLL_FACTOR,PCF_CODE_OF_VIOL,PCF_VIOL_CATEGORY,PCF_VIOLATION,PCF_VIOL_SUBSECTION,HIT_AND_RUN,TYPE_OF_COLLISION,MVIW,PED_ACTION,ROAD_SURFACE,ROAD_COND_1,ROAD_COND_2,LIGHTING,CONTROL_DEVICE,CHP_ROAD_TYPE,PEDESTRIAN_ACCIDENT,BICYCLE_ACCIDENT,MOTORCYCLE_ACCIDENT,TRUCK_ACCIDENT,NOT_PRIVATE_PROPERTY,ALCOHOL_INVOLVED,STWD_VEHTYPE_AT_FAULT,CHP_VEHTYPE_AT_FAULT,COUNT_SEVERE_INJ,COUNT_VISIBLE_INJ,COUNT_COMPLAINT_PAIN,COUNT_PED_KILLED,COUNT_PED_INJURED,COUNT_BICYCLIST_KILLED,COUNT_BICYCLIST_INJURED,COUNT_MC_KILLED,COUNT_MC_INJURED,PRIMARY_RAMP,SECONDARY_RAMP,LATITUDE,LONGITUDE,COUNTY,CITY,POINT_X,POINT_Y
82026239,2022,2023-03-23,4908,2022-03-15,1457,3383,14,2,5,5,4908,0,0,0,,0,001,"ELY BL SOUTH","CASA GRANDE RD",0.00,,Y,A,-,N,,,,,,,,,,N,2,0,1,2,A,-,09,21803,A,N,B,C,A,A,H,-,A,A,0,,,,,Y,,A,07,1,0,0,0,0,0,0,0,0,"- ","- ",38.243518829345703,-122.59584808349609,SONOMA,PETALUMA,-122.59578704833984,38.243366241455078
82026266,2022,2023-03-23,4908,2022-05-08,1244,3555,2,7,5,5,4908,0,0,0,,0,002,"EAST WASHINGTON ST","EDITH ST",178.00,E,N,A,-,N,,,,,,,,,,Y,2,0,1,2,A,-,03,22350,,N,C,C,A,A,H,-,A,D,0,,,Y,,Y,,C,02,1,0,0,0,0,0,0,0,1,"- ","- ",38.240058898925781,-122.63430023193359,SONOMA,PETALUMA,-122.63395690917969,38.240455627441406
82026283,2022,2023-03-23,4908,2022-05-21,1655,3458,6,6,5,5,4908,0,0,0,,0,003,"LYNCH CREEK TRAIL","NORTH WATER STREET",242.00,E,N,A,-,N,,,,,,,,,,N,2,0,1,1,B,-,22,,,N,H,A,A,A,H,-,A,D,0,,Y,,,Y,Y,L,04,1,0,0,0,0,0,1,0,0,"- ","- ",,,SONOMA,PETALUMA,,
82026301,2022,2023-03-29,4908,2022-06-19,2002,3383,6,7,5,5,4908,0,0,0,,0,003,"W PAYRAN ST","PETALUMA BL NORTH",564.00,E,N,A,-,N,,,,,,,,,,Y,1,1,0,1,A,-,01,23152,G,N,E,I,A,A,H,-,B,D,0,,,Y,,Y,Y,C,02,0,0,0,0,0,0,0,1,0,"- ","- ",38.244941711425781,-122.64478302001953,SONOMA,PETALUMA,-122.64279937744141,38.245006561279297
82026318,2022,2023-03-23,4908,2022-08-08,0603,3611,15,1,5,5,4908,0,0,0,,0,001,"LAKEVILLE HW","BROWNS LN",1028.00,W,N,A,-,Y,SON,,116,,,37.641,H,,R,Y,2,0,2,2,A,-,05,21650,,N,A,C,A,A,H,-,B,D,0,,,,,Y,,A,01,2,0,0,0,0,0,0,0,0,"- ","- ",38.225498199462891,-122.57386016845703,SONOMA,PETALUMA,-122.57388305664062,38.225479125976562
82026343,2022,2023-03-23,4908,2022-09-24,1307,2747,9,6,5,5,4908,0,0,0,,0,004,"CORONA RD","SONOMA MOUNTAIN PW",0.00,,Y,A,-,N,,,,,,,,,,N,2,0,1,1,A,-,08,22107,,N,H,A,A,A,H,-,A,D,0,,Y,,,Y,,L,04,1,0,0,0,0,0,1,0,0,"- ","- ",38.268909454345703,-122.654541015625,SONOMA,PETALUMA,-122.65448760986328,38.268966674804688
82026353,2022,2023-03-23,4908,2022-10-04,1710,2641,7,2,5,5,4908,0,0,0,,0,004,"OLD REDWOOD HW","N MCDOWELL BL (N)",75.00,S,N,A,-,Y,,,,,,,,,,Y,2,0,2,2,A,-,09,21804,A,N,D,C,A,A,H,-,A,A,0,,,,,Y,,A,01,1,0,1,0,0,0,0,0,0,"- ","- ",38.280479431152344,-122.668212890625,SONOMA,PETALUMA,-122.66934204101562,38.275417327880859
82026357,2022,2023-03-23,4908,2022-10-05,1748,3367,6,3,5,5,4908,0,0,0,,0,003,"W PAYRAN ST","PETALUMA BL NORTH",329.00,E,N,A,-,N,,,,,,,,,,Y,2,0,1,2,A,-,09,21801,A,N,D,C,A,A,H,-,A,A,0,,,,,Y,,A,01,1,0,0,0,0,0,0,0,0,"- ","- ",38.244701385498047,-122.64505004882812,SONOMA,PETALUMA,-122.64361572265625,38.244991302490234
82109060,2023,2023-07-04,4905,2023-03-31,1814,1060576,4905,5,5,6,4905,0,0,0,,0,008,"SANTA ROSA AV","PINE ST",0.00,,Y,A,-,N,,,,,,,,,,Y,2,0,1,2,A,-,09,21801,A,N,D,C,A,A,H,-,A,D,0,,,Y,,Y,,A,01,1,0,0,0,0,0,0,0,1,"- ","- ",,,SONOMA,"SANTA ROSA",-122.71163177490234,38.433052062988281
82109115,2023,2023-07-04,4905,2023-05-18,1707,1060422,,4,5,6,4905,0,0,0,,0,001,"WEST STEELE LN","MCBRIDE LN",30.00,W,N,A,-,N,,,,,,,,,,N,2,0,1,2,A,-,05,21202,A,N,C,G,A,A,H,-,A,D,0,,Y,,,Y,,L,04,1,0,0,0,0,0,1,0,0,"- ","- ",,,SONOMA,"SANTA ROSA",-122.73033142089844,38.459987640380859
82141370,2023,2023-08-11,4905,2023-07-30,"232 ",1060587,,7,5,6,4905,0,0,0,,0,009,"RAILROAD ST","3RD ST",350.00,S,N,A,-,N,,,,,,,,,,Y,2,0,1,2,A,-,01,23153,A,F,B,C,A,A,H,-,C,A,0,,,,,Y,Y,A,01,1,0,0,0,0,0,0,0,0,"- ","- ",,,SONOMA,"SANTA ROSA",-122.72008514404297,38.435661315917969
82150407,2023,2024-03-11,4904,2023-07-28,1239,1040519,,5,5,4,4904,0,0,0,,0,,"COMMERCE BLVD","STATE FARM DR",730.00,S,N,A,-,N,,,,,,,,,,N,1,1,0,2,A,-,09,21804,A,N,D,G,A,A,H,-,A,D,0,,Y,,,Y,,A,01,0,0,0,0,0,1,0,0,0,"- ","- ",38.357490539550781,-122.71248626708984,SONOMA,"ROHNERT PARK",-122.71250152587891,38.355415344238281
82166615,2023,2023-09-11,4905,2023-08-28,1820,1060618,4905,1,5,6,4905,0,0,0,,0,008,"SANTA ROSA AV","COLGAN AV",185.00,S,N,A,-,N,,,,,,,,,,Y,2,0,3,5,A,-,01,23152,A,N,C,D,A,A,H,-,A,A,0,,,,,Y,Y,A,01,2,1,0,0,0,0,0,0,0,"- ","- ",,,SONOMA,"SANTA ROSA",-122.71353912353516,38.420661926269531
82222125,2023,2023-10-30,4908,2023-10-23,"830 ",3383,10,1,5,5,4908,0,0,0,,0,004,"MONROE ST","SONOMA MOUNTAIN PW",290.00,W,N,A,-,N,,,,,,,,,,N,2,0,1,2,A,-,10,21952,,N,G,B,F,A,H,-,A,D,0,Y,,,,Y,,A,01,1,0,0,0,1,0,0,0,0,"- ","- ",38.259361267089844,-122.62487030029297,SONOMA,PETALUMA,-122.62528228759766,38.259048461914062
82257968,2023,2023-12-12,4905,2023-11-09,1713,1060550,,4,5,6,4905,0,0,0,,0,007,"FINLEY AV","WRIGHT RD",108.00,E,N,A,-,N,,,,,,,,,,N,2,0,1,2,A,-,11,21950,B,N,G,B,E,A,H,-,B,A,0,Y,,,,Y,Y,N,60,1,0,0,0,1,0,0,0,0,"- ","- ",,,SONOMA,"SANTA ROSA",-122.76853179931641,38.419807434082031
82320996,2024,2024-02-23,4904,2024-02-04,1628,1040618,,7,5,4,4904,0,0,0,,0,,"GOLF COURSE DR","COUNTRY CLUB DR",15.00,E,N,C,G,N,,,,,,,,,,Y,2,0,1,2,A,-,08,22107,,N,B,C,A,B,H,-,A,A,0,,,,,Y,,I,11,1,0,0,0,0,0,0,0,0,"- ","- ",38.362098693847656,-122.69474029541016,SONOMA,"ROHNERT PARK",-122.69465637207031,38.362102508544922
82322403,2024,2024-02-26,4905,2024-02-04,"5   ",1060541,,7,5,6,4905,0,0,0,,0,008,"SANTA ROSA AV","BELLEVUE AV",0.00,,Y,C,-,N,,,,,,,,,,Y,2,0,3,2,A,-,01,23152,A,N,A,C,A,B,H,-,C,A,0,,,,,Y,Y,A,01,1,2,0,0,0,0,0,0,0,"- ","- ",,,SONOMA,"SANTA ROSA",-122.71350860595703,38.401866912841797
82363940,2024,2024-04-15,4905,2024-01-03,1136,1060541,,3,5,6,4905,0,0,0,,0,007,"STONY POINT RD","GARDNER AV",35.00,S,N,B,-,N,,,,,,,,,,N,2,0,1,2,A,-,11,21954,A,N,G,B,D,A,H,-,A,D,0,Y,,,,Y,,N,60,1,0,0,0,1,0,0,0,0,"- ","- ",,,SONOMA,"SANTA ROSA",-122.74083709716797,38.423282623291016
82388889,2024,2024-05-31,4905,2024-03-23,1805,1060550,,6,5,6,4905,0,0,0,,0,005,"STONY POINT RD","OCCIDENTAL RD",109.00,S,N,B,-,N,,,,,,,,,,N,2,0,4,2,A,-,00,23103,A,N,A,C,A,A,H,-,A,A,0,,,,,Y,,A,01,2,0,2,0,0,0,0,0,0,"- ","- ",,,SONOMA,"SANTA ROSA",-122.74192047119141,38.431491851806641
82391142,2024,2024-05-16,4905,2024-05-03,2219,1060531,,5,5,6,4905,0,0,0,,0,001,"GUERNEVILLE RD","CLEVELAND AV",5.00,E,N,A,-,N,,,,,,,,,,Y,2,0,1,2,A,-,01,23153,A,F,C,C,A,A,H,-,C,A,0,,,,,Y,Y,A,01,1,0,0,0,0,0,0,0,0,"- ","- ",,,SONOMA,"SANTA ROSA",-122.72836303710938,38.4598388671875
82397661,2024,2024-05-28,4905,2024-03-24,"712 ",1060541,,7,5,6,4905,0,0,0,,0,006,"PARKTRAIL DR","SUMMERFIELD RD",8.00,E,N,B,-,N,,,,,,,,,,Y,2,0,1,2,A,-,10,21950,A,N,G,B,B,B,H,-,B,A,0,Y,,,,Y,,A,01,1,0,0,0,1,0,0,0,0,"- ","- ",,,SONOMA,"SANTA ROSA",-122.66000366210938,38.439075469970703
82436659,2024,2024-12-30,4904,2024-06-30,1924,1040613,,7,5,4,4904,0,0,0,,0,002,"REDWOOD DR","LAGUNA DR",1056.00,S,N,A,-,N,,,,,,,,,,Y,2,0,1,1,A,-,01,23152,A,N,E,I,A,A,H,-,A,A,0,,,,,Y,Y,A,01,1,0,0,0,0,0,0,0,0,"- ","- ",38.345779418945312,-122.71575164794922,SONOMA,"ROHNERT PARK",-122.71334838867188,38.343574523925781
8281354,2016,2017-01-19,4904,2016-12-01,1747,402,,4,5,4,4904,0,0,0,,0,003,"SNYDER LN","ROSANA WY",0.00,,Y,A,-,N,,,,,,,,,,N,2,0,1,2,A,-,10,21950,A,N,D,G,A,A,H,-,C,D,0,,Y,,,Y,,A,01,1,0,0,0,0,0,1,0,0,"- ","- ",,,SONOMA,"ROHNERT PARK",-122.68528986,38.337789950000001
8314107,2017,2017-03-10,4905,2017-01-28,1933,SR473,10608,6,5,6,4905,0,0,0,,0,008,"BAKER AV","SANTA ROSA AV",0.00,,Y,A,-,N,,,,,,,,,,Y,2,0,4,2,A,-,01,23152,A,N,D,C,A,A,H,-,C,A,0,,,,,Y,Y,D,22,1,1,2,0,0,0,0,0,0,"- ","- ",,,SONOMA,"SANTA ROSA",-122.71354993,38.421169890000002
8314115,2017,2017-08-04,4905,2017-01-31,0249,SR494,10601,2,5,6,4905,0,0,0,,0,001,"STEELE LN","RT 101",0.00,,Y,C,-,Y,SON,4,101,-,-,21.593,R,4,N,N,2,0,1,2,A,-,11,21954,A,N,D,B,D,B,H,-,C,A,0,Y,,,,Y,,N,60,1,0,0,0,1,0,0,0,0,"- ",SF,,,SONOMA,"SANTA ROSA",-122.72598696999999,38.457597640000003
8314966,2016,2017-03-10,4905,2016-11-19,2227,SR502,,6,5,6,4905,0,0,0,,0,009,"BROOKWOOD AV","VALLEJO ST",0.00,,Y,A,-,N,,,,,,,,,,Y,2,0,2,2,A,-,03,22350,,N,D,C,A,B,H,-,C,D,0,,,,,Y,,A,01,1,0,1,0,0,0,0,0,0,"- ","- ",,,SONOMA,"SANTA ROSA",-122.70144985,38.4375499
8322806,2017,2018-02-06,4907,2017-02-22,1521,SD1440,,3,5,2,4907,0,0,0,,0,SO1,"RT 12","RT 12 19150",0.00,,N,C,-,Y,SON,4,12,-,-,36.110,H,-,W,N,2,0,1,2,D,-,00,,,N,G,G,A,B,H,-,A,D,0,,Y,,,Y,,-,"- ",1,0,0,0,0,0,1,0,0,"- ","- ",,,SONOMA,SONOMA,-122.47492677,38.300598049999998
83491192,2024,2024-08-05,4905,2024-04-06,2106,1060541,,6,5,6,4905,0,0,0,,0,007,"CORPORATE CENTER PW","CHALLENGER WY (N)",19.00,N,N,A,-,N,,,,,,,,,,N,1,1,0,2,A,-,11,21954,A,N,G,B,D,A,H,-,C,D,0,Y,,Y,,Y,Y,N,60,0,0,0,1,0,0,0,0,0,"- ","- ",,,SONOMA,"SANTA ROSA",-122.75332641601562,38.424991607666016
8353401,2017,2017-04-28,4905,2017-03-23,1842,SR473,,4,5,6,4905,0,0,0,,0,005,"FULTON RD","HALL RD",120.00,N,N,C,-,N,,,,,,,,,,Y,2,0,1,1,A,-,01,23152,A,N,E,I,A,B,H,-,A,D,0,,,,,Y,Y,A,01,1,0,0,0,0,0,0,0,0,"- ","- ",,,SONOMA,"SANTA ROSA",-122.77037301999999,38.438348879999999
8393111,2017,2017-06-29,4905,2017-05-01,1220,SR394,10608,1,5,6,4905,0,0,0,,0,008,"SANTA ROSA AV","COLGAN AV",185.00,S,N,A,-,N,,,,,,,,,,N,2,0,1,2,A,-,09,21804,A,N,D,G,A,A,H,-,A,A,0,,Y,,,Y,,L,04,1,0,0,0,0,0,1,0,0,"- ","- ",,,SONOMA,"SANTA ROSA",-122.71354023000001,38.420661879999997
8404539,2017,2019-04-09,4904,2017-08-23,1756,498,4904,3,5,4,4904,0,0,0,,0,003,"SNYDER LN","SOUTHWEST BL",200.00,S,N,A,-,N,,,,,,,,,,Y,1,1,0,2,A,-,01,23152,B,N,D,C,A,A,H,-,A,D,0,,,Y,,Y,Y,D,22,0,0,0,0,0,0,0,1,0,"- ","- ",38.339700000000001,-122.68546000000001,SONOMA,"ROHNERT PARK",-122.68545775,38.339075690000001
8428930,2017,2017-08-24,4905,2017-07-30,0357,SR469,10603,7,5,6,4905,0,0,0,,0,003,"PINER RD","BAY VILLAGE CIR",82.00,W,N,A,-,N,,,,,,,,,,Y,2,0,1,1,A,-,01,23152,A,N,E,I,A,A,H,-,C,D,0,,,,,Y,Y,D,22,1,0,0,0,0,0,0,0,0,"- ","- ",,,SONOMA,"SANTA ROSA",-122.74891905,38.467203779999998
8432142,2017,2017-08-23,4900,2017-08-04,0239,SD2499,11101,5,5,3,4980,0,0,0,,0,WI1,"ERIKA DR","WELLINGTON CIR",55.00,N,N,A,-,N,,,,,,,,,,Y,2,0,1,2,A,-,03,22350,,F,D,E,A,A,H,-,C,D,0,,,,,Y,,D,22,1,0,0,0,0,0,0,0,0,"- ","- ",,,SONOMA,WINDSOR,-122.83066805999999,38.550781069999999
84394078,2024,2024-09-16,4905,2024-09-02,1406,1068927,,1,5,6,4905,0,0,0,,0,007,"HEARN AV","WEST AV",394.00,E,N,A,-,N,,,,,,,,,,Y,2,0,1,2,A,-,09,21804,A,N,D,C,A,A,H,-,A,D,0,,,Y,,Y,,A,01,1,0,0,0,0,0,0,0,1,"- ","- ",,,SONOMA,"SANTA ROSA",-122.72563171386719,38.414299011230469
8447731,2017,2018-05-21,4908,2017-08-04,2255,2641,13,5,5,5,4908,0,0,0,,0,001,"RT 101","EAST WASHINGTON ST",4.00,S,N,B,-,Y,SON,4,101,-,-,4.665,R,4,N,N,2,0,1,2,A,-,10,21950,A,N,G,B,B,A,H,-,C,A,0,Y,,,,Y,,A,01,1,0,0,0,1,0,0,0,0,NF,"- ",,,SONOMA,PETALUMA,-122.626907,38.247762000000002
84522652,2024,2025-01-02,4913,2024-12-11,1642,1102272,,3,5,3,4980,0,0,0,,0,008,"WINDSOR RIVER RD","MARKET ST",253.00,E,N,A,-,N,,,,,,,,,,N,2,0,1,2,A,-,10,21954,B,F,G,B,D,A,H,-,C,A,0,Y,,,,Y,,A,07,1,0,0,0,1,0,0,0,0,"- ","- ",38.547389984130859,-122.81368255615234,SONOMA,WINDSOR,-122.81285858154297,38.547332763671875
84560248,2024,2025-02-03,4905,2024-11-04,"803 ",1060639,,1,5,6,4905,0,0,0,,0,007,"WESTWOOD DR","SOUTHWOOD DR",0.00,,Y,A,-,N,,,,,,,,,,N,2,0,1,2,A,-,12,22450,A,N,D,C,A,A,H,-,A,A,0,,,Y,,Y,,C,03,1,0,0,0,0,0,0,0,1,"- ","- ",,,SONOMA,"SANTA ROSA",-122.73039245605469,38.416969299316406
84560909,2024,2025-02-03,4905,2024-12-13,1658,1060563,,5,5,6,4905,0,0,0,,0,008,"KAWANA SPRINGS RD","MEADOW WY (E)",150.00,W,N,C,-,N,,,,,,,,,,N,2,0,1,2,A,-,11,21954,A,N,G,B,D,B,H,-,C,D,0,Y,,,,Y,,N,60,1,0,0,0,1,0,0,0,0,"- ","- ",,,SONOMA,"SANTA ROSA",-122.70853424072266,38.416481018066406
84561030,2025,2025-02-03,4905,2025-01-02,1515,1060474,,4,5,6,4905,0,0,0,,0,004,"HWY 12","MIDDLE RINCON RD",0.00,,Y,B,-,N,,,,,,,,,,N,2,0,1,2,A,-,08,21717,,N,B,G,A,A,H,-,A,D,0,,Y,,,Y,,A,01,1,0,0,0,0,0,1,0,0,"- ","- ",,,SONOMA,"SANTA ROSA",-122.66499328613281,38.463893890380859
84579252,2025,2025-02-17,4905,2025-02-02,2354,1060561,,7,5,6,4905,0,0,0,,0,005,"SHOREHAM WY","YORKSHIRE DR",163.00,E,N,C,-,N,,,,,,,,,,N,2,0,1,2,A,-,01,23152,A,F,G,B,E,B,H,-,C,D,0,Y,,,,Y,Y,A,01,1,0,0,0,1,0,0,0,0,"- ","- ",,,SONOMA,"SANTA ROSA",-122.76756286621094,38.447147369384766
84580627,2025,2025-02-17,4905,2025-02-01,2018,1060561,,6,5,6,4905,0,0,0,,0,009,"BROOKWOOD AV","SONOMA AV",0.00,,Y,C,-,N,,,,,,,,,,Y,2,0,2,2,D,-,00,,,N,D,C,A,B,H,-,C,A,0,,,,,Y,,-,"- ",1,0,1,0,0,0,0,0,0,"- ","- ",,,SONOMA,"SANTA ROSA",-122.70283508300781,38.440376281738281
8465395,2017,2018-09-19,4908,2017-05-01,1342,2926,4,1,5,5,4908,0,0,0,,0,002,"B ST","EL ROSE DR",0.00,,Y,A,-,N,,,,,,,,,,N,1,1,0,1,A,-,03,22350,,N,F,J,A,A,H,-,-,A,0,,Y,,,Y,,L,04,0,0,0,0,0,1,0,0,0,"- ","- ",38.223080000000003,-122.64549,SONOMA,PETALUMA,-122.64553986999999,38.223050000000001
8465672,2018,2019-03-18,4905,2018-04-24,1128,SR394,10603,2,5,6,4905,0,0,0,,0,003,"FULTON RD","TEDESCHI DR",0.00,,Y,A,-,N,,,,,,,,,,Y,1,1,1,2,A,-,09,21802,A,N,D,C,A,A,H,-,A,A,0,,,,,Y,,D,22,1,0,0,0,0,0,0,0,0,"- ","- ",,,SONOMA,"SANTA ROSA",-122.76978302001953,38.476539611816406
84700704,2025,2025-06-25,4904,2025-04-29,"830 ",1040631,,2,5,4,4904,0,0,0,,0,003,"BODWAY PKY","CAMINO COLEGIO",0.00,,Y,A,-,N,,,,,,,,,,Y,2,0,1,4,A,-,09,21801,A,N,D,E,A,A,H,-,A,D,0,,,,Y,Y,,A,01,1,0,0,0,0,0,0,0,0,"- ","- ",38.325050354003906,-122.67616271972656,SONOMA,"ROHNERT PARK",-122.67620849609375,38.325267791748047
84734147,2024,2025-06-23,4904,2024-07-28,2000,1040613,,7,5,4,4904,0,0,0,,0,002,"ROHNERT PARK EXPY","COMMERCE BLVD",140.00,E,N,A,-,N,,,,,,,,,,N,2,0,1,2,A,-,04,21703,,N,C,C,A,A,H,-,A,D,0,,,Y,,Y,,O,05,1,0,0,0,0,0,0,0,0,"- ","- ",38.34844970703125,-122.70960998535156,SONOMA,"ROHNERT PARK",-122.70912170410156,38.348541259765625
8504384,2017,2018-06-08,4900,2017-12-03,2021,SD2164,11101,7,5,3,4980,0,0,0,,0,WI1,"OLD REDWOOD HWY","WINDSOR RD",0.00,,Y,A,-,N,,,,,,,,,,Y,2,0,1,1,A,-,01,23152,A,M,E,I,A,A,H,-,C,-,0,,,,,Y,Y,A,07,1,0,0,0,0,0,0,0,0,"- ","- ",,,SONOMA,WINDSOR,-122.81668997,38.552749980000002
8560115,2018,2018-02-23,4903,2018-02-07,1221,1448,1,3,5,3,4903,0,0,0,,0,,"DRY CREEK RD","GROVE ST",0.00,,Y,A,-,N,,,,,,,,,,Y,2,0,5,2,A,-,09,21801,A,N,D,C,A,A,H,-,A,A,0,,,,,Y,,A,01,1,0,4,0,0,0,0,0,0,"- ","- ",38.626258850097656,-122.87576293945312,SONOMA,HEALDSBURG,-122.87577056884766,38.626270294189453
8563951,2018,2018-03-12,4905,2018-02-02,0300,SR508,10606,5,5,6,4905,0,0,0,,0,006,"BROOKWOOD AV","SONOMA AV",8.00,S,N,A,-,N,,,,,,,,,,Y,2,0,1,1,A,-,01,23152,A,N,A,I,A,A,H,-,C,A,0,,,,,Y,Y,D,22,1,0,0,0,0,0,0,0,0,"- ","- ",,,SONOMA,"SANTA ROSA",-122.70281982421875,38.440361022949219
8567728,2018,2019-08-22,4900,2018-01-28,1846,SD2223,11101,7,5,3,4980,0,0,0,,0,WI1,"STARR RD","WINDSOR RIVER RD",0.00,,Y,A,-,N,,,,,,,,,,N,1,1,0,2,A,-,10,21950,A,N,G,B,B,A,H,-,C,D,0,Y,,,,Y,,D,22,0,0,0,1,0,0,0,0,0,"- ","- ",,,SONOMA,WINDSOR,-122.82605743408203,38.547321319580078
8580809,2018,2018-03-23,4908,2018-03-02,2012,2939,3,5,5,5,4908,0,0,0,,0,002,"D ST","5TH ST",0.00,,Y,C,-,N,,,,,,,,,,N,2,0,1,2,A,-,10,21950,A,N,G,B,B,B,H,-,C,A,0,Y,,,,Y,,A,01,1,0,0,0,1,0,0,0,0,"- ","- ",38.230949401855469,-122.63787841796875,SONOMA,PETALUMA,-122.63784790039062,38.230918884277344
8614550,2018,2018-04-27,4905,2018-03-31,0016,SR525,10605,6,5,6,4905,0,0,0,,0,005,"OCCIDENTAL RD","STONY POINT RD",0.00,,Y,A,-,N,,,,,,,,,,Y,2,0,3,2,A,-,01,23153,A,N,D,C,A,A,H,-,C,A,0,,,,,Y,Y,D,22,1,1,1,0,0,0,0,0,0,"- ","- ",,,SONOMA,"SANTA ROSA",-122.74195861816406,38.431789398193359
8614714,2018,2019-03-14,4905,2018-03-19,0205,SR508,10601,1,5,6,4905,0,0,0,,0,001,"BICENTENNIAL WY","RANGE AV",12.00,W,N,A,-,N,,,,,,,,,,Y,1,1,0,1,A,-,01,23152,A,N,E,I,A,A,H,-,C,A,0,,,,,Y,Y,A,01,0,0,0,0,0,0,0,0,0,"- ","- ",,,SONOMA,"SANTA ROSA",-122.73249053955078,38.470840454101562
8635975,2018,2018-07-10,4905,2018-05-11,0739,SR440,1060,5,5,6,4905,0,0,0,,0,008,"PETALUMA HILL RD","KAWANA SPRINGS RD",12.00,N,N,A,-,N,,,,,,,,,,N,2,0,1,2,A,-,10,21950,A,N,G,B,B,A,H,-,A,A,0,Y,,,,Y,,A,01,1,0,0,0,1,0,0,0,0,"- ","- ",,,SONOMA,"SANTA ROSA",-122.70426940917969,38.416534423828125
8648540,2018,2019-01-25,4905,2018-10-20,2119,SR383,10604,6,5,6,4905,0,0,0,,0,004,"RT 12","S BOAS DR",400.00,W,N,A,-,Y,SON,4,12,-,-,19.760,H,-,E,Y,1,1,0,2,A,-,01,23152,G,N,C,C,A,A,H,-,C,D,0,,,Y,,Y,Y,C,02,0,0,0,0,0,0,0,1,0,"- ","- ",,,SONOMA,"SANTA ROSA",-122.65904235839844,38.465007781982422
8704505,2018,2018-10-05,4908,2018-09-16,1629,3251,9,7,5,5,4908,0,0,0,,0,004,"NORTH MCDOWELL BL","SOUTHPOINT BL",1428.00,N,N,A,-,N,,,,,,,,,,N,2,0,1,1,A,-,03,22350,,N,F,I,A,A,H,-,A,D,0,,Y,,,Y,,L,04,1,0,0,0,0,0,1,0,0,"- ","- ",38.261310577392578,-122.64746856689453,SONOMA,PETALUMA,,
8707513,2018,2018-10-11,4900,2018-09-27,2306,SD2502,11101,4,5,3,4980,0,0,0,,0,WI1,"FOOTHILL DR","VALLE VISTA ST",259.00,W,N,A,-,N,,,,,,,,,,Y,2,0,1,2,A,-,01,23152,A,M,G,E,A,A,H,-,C,D,0,,,,,Y,Y,A,01,1,0,0,0,0,0,0,0,0,"- ","- ",,,SONOMA,WINDSOR,-122.79541015625,38.558704376220703
8731852,2018,2018-11-20,4905,2018-08-31,2000,SR383,10605,5,5,6,4905,0,0,0,,0,005,"UMLAND DR","LINK LN",200.00,W,N,A,-,N,,,,,,,,,,N,2,0,1,1,A,-,01,23152,A,N,F,A,A,A,H,-,B,D,0,,,Y,,Y,Y,C,02,1,0,0,0,0,0,0,0,1,"- ","- ",,,SONOMA,"SANTA ROSA",-122.73408508300781,38.436019897460938
8735185,2018,2018-11-06,4905,2018-09-20,1325,SR284,10602,4,5,6,4905,0,0,0,,0,002,"ELLIOTT AV","SCHOLARS DR",57.00,W,N,A,-,N,,,,,,,,,,Y,2,0,1,2,A,-,08,22107,,N,D,C,A,A,H,-,A,D,0,,,Y,,Y,,C,02,1,0,0,0,0,0,0,0,1,"- ","- ",,,SONOMA,"SANTA ROSA",-122.72157287597656,38.456886291503906
8754028,2018,2018-12-12,4905,2018-10-16,0747,SR533,10606,2,5,6,4905,0,0,0,,0,006,"HOEN AV","CYPRESS WY",0.00,,Y,A,-,N,,,,,,,,,,Y,2,0,1,2,A,-,06,21755,,N,D,C,A,A,H,-,A,A,0,,,Y,,Y,,C,02,1,0,0,0,0,0,0,0,1,"- ","- ",,,SONOMA,"SANTA ROSA",-122.68174743652344,38.437580108642578
8754036,2018,2018-12-12,4905,2018-10-28,1407,SR532,10605,7,5,6,4905,0,0,0,,0,005,"LINK LN","TROWBRIDGE ST",0.00,,Y,A,-,N,,,,,,,,,,N,2,0,1,2,A,-,03,22350,,N,D,C,A,A,H,-,A,A,0,,,Y,,Y,,C,03,1,0,0,0,0,0,0,0,1,"- ","- ",,,SONOMA,"SANTA ROSA",-122.73368072509766,38.438510894775391
8754469,2018,2019-01-17,4905,2018-11-26,1443,SR440,10607,1,5,6,4905,0,0,0,,0,007,"STONY POINT RD","BARNDANCE LN",293.00,N,N,A,-,N,,,,,,,,,,Y,2,0,4,4,A,-,03,22350,,N,C,C,A,A,H,-,A,A,0,,,,,Y,,A,07,1,0,3,0,0,0,0,0,0,"- ","- ",,,SONOMA,"SANTA ROSA",-122.74143218994141,38.410076141357422