CASE_ID,ACCIDENT_YEAR,PROC_DATE,JURIS,COLLISION_DATE,COLLISION_TIME,OFFICER_ID,REPORTING_DISTRICT,DAY_OF_WEEK,CHP_SHIFT,POPULATION,CNTY_CITY_LOC,SPECIAL_COND,BEAT_TYPE,CHP_BEAT_TYPE,CITY_DIVISION_LAPD,CHP_BEAT_CLASS,BEAT_NUMBER,PRIMARY_RD,SECONDARY_RD,DISTANCE,DIRECTION,INTERSECTION,WEATHER_1,WEATHER_2,STATE_HWY_IND,CALTRANS_COUNTY,CALTRANS_DISTRICT,STATE_ROUTE,ROUTE_SUFFIX,POSTMILE_PREFIX,POSTMILE,LOCATION_TYPE,RAMP_INTERSECTION,SIDE_OF_HWY,TOW_AWAY,COLLISION_SEVERITY,NUMBER_KILLED,NUMBER_INJURED,PARTY_COUNT,PRIMARY_COLL_FACTOR,PCF_CODE_OF_VIOL,PCF_VIOL_CATEGORY,PCF_VIOLATION,PCF_VIOL_SUBSECTION,HIT_AND_RUN,TYPE_OF_COLLISION,MVIW,PED_ACTION,ROAD_SURFACE,ROAD_COND_1,ROAD_COND_2,LIGHTING,CONTROL_DEVICE,CHP_ROAD_TYPE,PEDESTRIAN_ACCIDENT,BICYCLE_ACCIDENT,MOTORCYCLE_ACCIDENT,TRUCK_ACCIDENT,NOT_PRIVATE_PROPERTY,ALCOHOL_INVOLVED,STWD_VEHTYPE_AT_FAULT,CHP_VEHTYPE_AT_FAULT,COUNT_SEVERE_INJ,COUNT_VISIBLE_INJ,COUNT_COMPLAINT_PAIN,COUNT_PED_KILLED,COUNT_PED_INJURED,COUNT_BICYCLIST_KILLED,COUNT_BICYCLIST_INJURED,COUNT_MC_KILLED,COUNT_MC_INJURED,PRIMARY_RAMP,SECONDARY_RAMP,LATITUDE,LONGITUDE,COUNTY,CITY,POINT_X,POINT_Y
8776398,2018,2019-01-23,4905,2018-11-28,1314,SR440,10606,3,5,6,4905,0,0,0,,0,006,"OAKMONT DR","CLIFFWOOD DR",161.00,S,N,B,-,N,,,,,,,,,,Y,2,0,3,2,A,-,05,21650,,N,A,C,A,A,H,-,A,D,0,,,,,Y,,A,01,1,1,1,0,0,0,0,0,0,"- ","- ",,,SONOMA,"SANTA ROSA",-122.59393310546875,38.432498931884766
8778743,2018,2019-02-04,4908,2018-12-20,1730,2932,2,4,5,5,4908,0,0,0,,0,002,"LAKEVILLE ST","WILSON ST",71.00,E,N,A,-,N,,,,,,,,,,Y,2,0,1,2,A,-,07,21658,A,N,B,C,A,A,H,-,C,D,0,,,Y,,Y,Y,D,22,1,0,0,0,0,0,0,0,1,"- ","- ",38.235530853271484,-122.62935638427734,SONOMA,PETALUMA,-122.62916564941406,38.235610961914062
8780111,2018,2019-02-19,4905,2018-11-07,1708,SR394,10604,3,5,6,4905,0,0,0,,0,004,"RT 12","BOAS DR",5.00,E,N,A,-,Y,SON,4,12,-,-,19.840,H,-,E,Y,2,0,1,2,A,-,09,21804,A,N,D,G,A,A,H,-,C,A,0,,Y,,,Y,,L,04,1,0,0,0,0,0,1,0,0,"- ","- ",,,SONOMA,"SANTA ROSA",-122.65768432617188,38.465000152587891
8808421,2019,2019-08-14,4900,2019-07-12,1720,SD2224,11101,5,5,3,4980,0,0,0,,0,WI1,"OLD REDWOOD HWY",GODFREY,179.00,N,N,A,-,N,,,,,,,,,,N,1,1,0,2,A,-,09,21804,A,N,G,B,D,A,H,-,A,D,0,Y,,,,Y,,D,22,0,0,0,1,0,0,0,0,0,"- ","- ",,,SONOMA,WINDSOR,-122.81809234619141,38.554618835449219
8812020,2019,2019-03-01,4905,2019-01-14,0658,SR545,10608,1,5,6,4905,0,0,0,,0,008,"SANTA ROSA AV","BELLEVUE AV",8.00,N,N,B,-,N,,,,,,,,,,N,2,0,1,2,A,-,10,21950,A,N,G,B,B,A,H,-,B,A,0,Y,,,,Y,,A,01,1,0,0,0,1,0,0,0,0,"- ","- ",,,SONOMA,"SANTA ROSA",-122.71350860595703,38.401893615722656
8812092,2019,2019-02-28,4905,2019-01-26,2233,SR509,10601,6,5,6,4905,0,0,0,,0,001,"PINER RD","AIRWAY DR",50.00,W,N,A,-,N,,,,,,,,,,N,2,0,1,2,A,-,03,22350,,F,C,G,A,A,H,-,C,D,0,,Y,,,Y,,A,01,1,0,0,0,0,0,1,0,0,"- ","- ",,,SONOMA,"SANTA ROSA",-122.73826599121094,38.472011566162109
8863026,2019,2019-08-26,4906,2019-04-02,1412,451,4906,2,5,2,4906,0,0,0,,0,,"RT 116","MURPHY AV",33.00,W,N,B,-,Y,SON,4,116,-,-,26.120,H,-,E,Y,2,0,1,2,A,-,05,21650,,N,E,I,F,A,H,-,A,A,0,Y,,,,Y,,D,23,1,0,0,0,1,0,0,0,0,"- ","- ",38.405078887939453,-122.83312225341797,SONOMA,SEBASTOPOL,-122.83155059814453,38.405284881591797
8865615,2019,2019-06-04,4905,2019-04-06,0526,SR531,10602,6,5,6,4905,0,0,0,,0,002,"MENDOCINO AV","STEELE LN",250.00,S,N,C,-,N,,,,,,,,,,Y,2,0,1,2,A,-,01,23153,A,N,A,C,A,B,H,-,C,D,0,,,,,Y,Y,D,22,1,0,0,0,0,0,0,0,0,"- ","- ",,,SONOMA,"SANTA ROSA",-122.71714782714844,38.4603271484375
8890862,2019,2019-07-12,4908,2019-06-25,1234,3301,12,2,5,5,4908,0,0,0,,0,001,"CASA GRANDE RD","ALLEN ST",0.00,,Y,A,-,N,,,,,,,,,,N,2,0,1,1,A,-,07,21658,A,N,E,I,A,A,H,-,A,B,0,,,Y,,Y,,C,02,1,0,0,0,0,0,0,0,1,"- ","- ",38.247318267822266,-122.59246063232422,SONOMA,PETALUMA,-122.59239959716797,38.247310638427734
8892153,2019,2019-09-17,4907,2019-06-30,2153,SD2310,,7,5,2,4907,0,0,0,,0,SO1,"RT 12","MAXWELL VILLAGE  SHOPPING CENTER",295.00,,N,A,-,Y,SON,4,12,-,-,36.110,H,-,E,Y,2,0,2,2,A,-,01,23153,A,F,B,C,A,A,H,-,C,D,0,,,,,Y,Y,A,01,1,0,1,0,0,0,0,0,0,"- ","- ",,,SONOMA,SONOMA,-122.47492980957031,38.30059814453125
8896196,2019,2019-09-17,4907,2019-06-30,2154,SD2310,10701,7,5,2,4907,0,0,0,,0,S01,"RT 12","LYON ST",253.00,N,N,A,-,Y,SON,4,12,-,-,36.310,H,-,E,Y,1,1,0,1,A,-,01,23153,A,N,E,I,A,A,H,-,C,D,0,,,,,Y,Y,A,01,0,0,0,0,0,0,0,0,0,"- ","- ",,,SONOMA,SONOMA,-122.47537994384766,38.297458648681641
8923639,2019,2019-08-26,4905,2019-06-25,2139,SR526,10607,2,5,6,4905,0,0,0,,0,007,"LUDWIG AV","DANIEL'S AV",1370.00,W,N,A,-,N,,,,,,,,,,Y,2,0,1,2,A,-,09,21804,A,N,A,C,A,A,H,-,D,D,0,,,Y,,Y,,A,01,1,0,0,0,0,0,0,0,1,"- ","- ",,,SONOMA,"SANTA ROSA",-122.76321411132812,38.403518676757812
8926598,2019,2019-08-27,4905,2019-05-31,2355,SR422,10607,5,5,6,4905,0,0,0,,0,007,"CORPORATE CENTER  PKWY","NORTHPOINT  PKWY",140.00,N,N,A,-,N,,,,,,,,,,Y,2,0,1,1,A,-,03,22350,,N,E,I,A,A,H,-,C,D,0,,,,,Y,Y,A,01,1,0,0,0,0,0,0,0,0,"- ","- ",,,SONOMA,"SANTA ROSA",-122.75406646728516,38.416091918945312
8939600,2019,2020-02-13,4905,2019-10-14,0259,SR473,10606,1,5,6,4905,0,0,0,,0,006,"HOEN AV","CYPRESS WY",149.00,W,N,A,-,N,,,,,,,,,,Y,1,1,1,4,A,-,01,23152,A,F,C,E,A,A,H,-,C,D,0,,,,,Y,Y,A,01,0,1,0,0,0,0,0,0,0,"- ","- ",,,SONOMA,"SANTA ROSA",-122.681884765625,38.437969207763672
8948243,2019,2019-10-03,4905,2019-08-07,2209,SR383,10606,3,5,6,4905,0,0,0,,0,006,"FARMERS LN","HOEN AV",150.00,N,N,A,-,N,,,,,,,,,,Y,2,0,1,2,A,-,11,21954,A,N,G,B,E,A,H,-,C,D,0,Y,,,,Y,Y,N,60,1,0,0,0,1,0,0,0,0,"- ","- ",,,SONOMA,"SANTA ROSA",-122.68714141845703,38.439285278320312
8973312,2019,2019-11-12,4905,2019-09-28,2127,SR552,10603,6,5,6,4905,0,0,0,,0,003,"WEST COLLEGE AV","CLOVER DR",70.00,E,N,A,-,N,,,,,,,,,,N,2,0,1,2,A,-,11,21954,A,N,G,B,D,A,H,-,C,A,0,Y,,,,Y,,N,60,1,0,0,0,1,0,0,0,0,"- ","- ",,,SONOMA,"SANTA ROSA",-122.73918914794922,38.4454345703125
8992043,2019,2020-01-18,4908,2019-11-04,1302,1944,6,1,5,5,4908,0,0,0,,0,003,"CORONA RD","INDUSTRIAL AV",0.00,,Y,A,-,N,,,,,,,,,,N,2,0,1,2,A,-,09,21802,A,N,H,G,A,A,H,-,A,D,0,,Y,,,Y,,A,01,1,0,0,0,0,0,1,0,0,"- ","- ",38.262149810791016,-122.66033935546875,SONOMA,PETALUMA,-122.66033172607422,38.262161254882812
90007375,2015,2015-10-19,9360,2015-07-30,1600,018859,,4,2,9,4900,0,3,5,,2,005,"CHILENO VALLEY RD","SPRING HILL RD",4752.00,S,N,A,-,N,,,,,,,,,,Y,2,0,1,1,A,-,08,22107,,N,F,A,A,A,H,-,A,D,0,,,Y,,Y,,C,02,1,0,0,0,0,0,0,0,1,"- ","- ",38.211289999999998,-122.66631,SONOMA,UNINCORPORATED,-122.66626617999999,38.211507509999997
90008612,2015,2015-10-19,9360,2015-08-08,1135,015420,,6,1,9,4900,0,3,5,,2,002,"IDA CLAYTON RD",SR-128,15840.00,N,N,A,-,N,,,,,,,,,,N,2,0,1,1,A,-,08,22107,,N,F,G,A,A,H,-,A,D,0,,Y,,,Y,,L,04,1,0,0,0,0,0,1,0,0,"- ","- ",38.661149999999999,-122.66767,SONOMA,UNINCORPORATED,-122.66762631,38.66160532
90012414,2015,2015-10-19,9360,2015-08-21,1340,020764,,5,1,9,4900,0,1,3,,1,013,SR-116,"MOSCOW RD",10560.00,W,N,A,-,Y,,,,,,,,,,N,2,0,1,2,A,-,08,22107,,N,F,G,A,A,H,-,A,D,0,,Y,,,Y,,L,04,1,0,0,0,0,0,1,0,0,"- ","- ",38.264319999999998,-123.45424,SONOMA,UNINCORPORATED,-123.08405787,38.446332839999997
90012815,2015,2015-10-19,9360,2015-08-23,1848,018828,,7,2,9,4900,0,1,2,,1,010,"US-101 N/B","CANYON RD",9240.00,N,N,A,-,Y,,,101,,,,,,N,Y,2,0,1,1,A,-,01,23152,A,N,E,I,A,A,H,-,A,D,0,,,,,Y,Y,A,01,1,0,0,0,0,0,0,0,0,"- ","- ",38.731059999999999,-122.94262999999999,SONOMA,UNINCORPORATED,-122.9427091,38.731010830000002
90018628,2015,2015-10-19,9325,2015-09-07,1455,019067,,1,2,9,4900,0,1,3,,1,063,SR-12,"AGUA CALIENTE ROAD",402.00,E,N,A,-,Y,,,12,,,,,,,Y,2,0,3,2,A,-,05,21460,A,N,A,C,A,A,H,-,A,D,0,,,,,Y,,D,22,1,0,2,0,0,0,0,0,0,"- ","- ",38.324640000000002,-122.48784000000001,SONOMA,UNINCORPORATED,-122.48787458,38.324629760000001
90030722,2015,2015-10-19,9360,2015-09-19,2138,020819,,6,2,9,4900,0,3,5,,2,004,"LAWNDALE RD",SR-12,2218.00,W,N,A,-,N,,,,,,,,,,Y,2,0,2,1,A,-,01,23152,A,N,E,I,A,A,H,-,D,D,0,,,,,Y,Y,D,22,1,1,0,0,0,0,0,0,0,"- ","- ",38.424190000000003,-122.56788,SONOMA,UNINCORPORATED,,
90030912,2015,2015-10-19,9360,2015-10-03,0850,016076,,6,1,9,4900,0,2,4,,1,038,"SULLIVAN RD","GRATON RD",590.00,S,N,A,-,N,,,,,,,,,,N,2,0,1,1,A,-,03,22350,,N,F,A,A,A,H,-,A,A,0,,Y,,,Y,,L,04,1,0,0,0,0,0,1,0,0,"- ","- ",38.434040000000003,-122.88198,SONOMA,UNINCORPORATED,-122.88189395000001,38.434189359999998
90030940,2015,2015-10-19,9360,2015-10-03,1519,016076,,6,2,9,4900,0,2,4,,1,038,"GRATON RD","GREEN HILL RD",9504.00,W,N,A,-,N,,,,,,,,,,N,2,0,1,1,A,-,03,22350,,N,F,A,A,A,H,-,A,A,0,,Y,,,Y,,L,04,1,0,0,0,0,0,1,0,0,"- ","- ",38.256,-122.5424,SONOMA,UNINCORPORATED,-122.93427010000001,38.416512269999998
90042235,2015,2015-11-02,9360,2015-10-12,1245,014773,,1,1,9,4900,0,3,5,,2,003,"OCCIDENTAL ROAD",SR-116,275.00,E,N,A,-,N,,,,,,,,,,Y,2,0,3,4,A,-,05,21460,,N,A,C,A,A,H,-,A,D,0,,,,,Y,,A,07,1,0,2,0,0,0,0,0,0,"- ","- ",38.426099999999998,-122.84811999999999,SONOMA,UNINCORPORATED,-122.847308,38.425652999999997
90056620,2015,2015-11-20,9360,2015-11-08,1115,019824,,7,1,9,4900,0,3,5,,2,005,"D ST","WINDSOR DR",4752.00,S,N,B,C,N,,,,,,,,,,Y,2,0,5,2,A,-,03,22350,,N,D,C,A,B,H,-,A,D,0,,,,,Y,,A,01,1,1,3,0,0,0,0,0,0,"- ","- ",38.209040000000002,-122.64685,SONOMA,UNINCORPORATED,-122.64690088,38.209004890000003
90062468,2015,2015-12-01,9360,2015-10-18,0430,020567,,7,3,9,4900,0,3,5,,2,003,"EASTSIDE RD","WINDSOR RIVER RD",1056.00,S,N,A,-,N,,,,,,,,,,Y,1,1,0,1,A,-,01,23152,A,N,E,I,A,A,H,-,D,D,0,,,,,Y,Y,A,07,0,0,0,0,0,0,0,0,0,"- ","- ",38.546059999999997,-122.84621,SONOMA,UNINCORPORATED,-122.84621392,38.544629890000003
90073050,2015,2015-12-15,9360,2015-12-05,2500,015420,,6,4,9,4900,0,1,3,,1,021,SR-128,"CHALK HILL RD",2640.00,E,N,B,-,Y,,,128,,,,,,,Y,2,0,1,1,A,-,08,22107,,N,E,I,A,B,H,-,D,D,0,,,,,Y,,A,01,1,0,0,0,0,0,0,0,0,"- ","- ",38.640790000000003,-122.75978000000001,SONOMA,UNINCORPORATED,-122.75975836000001,38.640815490000001
90075748,2015,2015-12-16,9360,2015-11-26,1055,018520,,4,1,9,4900,0,2,4,,1,054,"BODEGA AVE","MIDDLE TWO ROCK RD",528.00,W,N,A,-,N,,,,,,,,,,Y,2,0,1,1,A,-,08,22107,,N,F,A,A,A,H,-,A,D,0,,,,Y,Y,,G,25,1,0,0,0,0,0,0,0,0,"- ","- ",38.242350000000002,-122.67941,SONOMA,UNINCORPORATED,-122.75237989999999,38.260221360000003
90089059,2015,2016-01-06,9360,2015-12-19,0830,019405,,6,1,9,4900,0,1,3,,1,063,SR-1,SR-116,5280.00,S,N,B,C,Y,,,1,,,,,,,Y,2,0,4,1,A,-,03,22350,,N,E,I,A,B,H,-,A,D,0,,,,,Y,,A,01,1,2,1,0,0,0,0,0,0,"- ","- ",38.431759999999997,-123.10852,SONOMA,UNINCORPORATED,-123.10855285,38.43181268
90099024,2015,2016-01-20,9360,2015-11-08,0825,017693,,7,1,9,4900,0,2,4,,1,024,"PORTER CREEK RD","CALISTOGA RD",7920.00,W,N,B,C,N,,,,,,,,,,Y,1,1,2,2,A,-,05,21460,A,N,D,C,A,B,H,-,A,D,0,,,,,Y,,A,01,0,0,2,0,0,0,0,0,0,"- ","- ",38.549469999999999,-122.66952000000001,SONOMA,UNINCORPORATED,-122.67035636999999,38.549798709999997
90103587,2015,2016-01-27,9360,2015-12-06,2306,020566,,7,3,9,4900,0,1,2,,2,030,"US-101 N/B","SHILOH ROAD O/C",466.00,S,N,E,-,Y,,,101,,,,,,N,N,1,1,0,4,A,-,11,21954,A,N,G,B,E,B,H,-,D,D,0,Y,,,Y,Y,Y,N,60,0,0,0,1,0,0,0,0,0,"- ","- ",38.524720000000002,-122.78879999999999,SONOMA,UNINCORPORATED,-122.78886079999999,38.524664280000003
90115480,2015,2016-02-16,9360,2015-12-12,1345,019405,,6,1,9,4900,0,1,3,,1,013,SR-116,"E ST",82.00,E,N,A,-,Y,,,116,,,,,,,Y,2,0,1,2,A,-,01,23152,A,N,D,C,A,A,H,-,A,D,0,,,,,Y,Y,D,22,1,0,0,0,0,0,0,0,0,"- ","- ",38.468130000000002,-123.00913,SONOMA,UNINCORPORATED,-123.0091583,38.468173970000002
90134877,2016,2016-03-11,9360,2016-03-03,2120,020764,,4,2,9,4900,0,3,5,,2,003,"MOSCOW RD","RIVER WAY",4752.00,W,N,B,-,N,,,,,,,,,,Y,2,0,1,1,A,-,08,22107,,N,E,I,A,B,H,-,D,D,0,,,,,Y,Y,A,01,1,0,0,0,0,0,0,0,0,"- ","- ",38.46564,-123.03522,SONOMA,UNINCORPORATED,-123.03811844000001,38.46338918
90137492,2016,2016-03-16,9360,2016-02-18,1925,018667,,4,2,9,4900,0,2,4,,1,022,"OLD REDWOOD HWY","PACIFIC HEIGHTS DRIVE",370.00,N,N,C,-,N,,,,,,,,,,Y,2,0,1,1,A,-,03,22350,,N,E,I,A,B,H,-,C,D,0,,,Y,,Y,,C,02,1,0,0,0,0,0,0,0,1,"- ","- ",38.500979999999998,-122.75113,SONOMA,UNINCORPORATED,-122.75047202,38.500583679999998
9016001,2020,2020-08-03,4901,2020-05-12,0543,107,4901,2,5,2,4901,0,0,0,,0,,"SOUTH CLOVERDALE BL","SOUTH CLOVERDALE BL",0.00,,Y,C,-,N,,,,,,,,,,Y,2,0,1,2,A,-,08,22107,,N,A,C,A,B,H,-,B,D,0,,,,,Y,,A,01,1,0,0,0,0,0,0,0,0,"- ","- ",38.784671783447266,-123.01302337646484,SONOMA,CLOVERDALE,,
90161580,2016,2016-04-20,9360,2016-04-10,2210,020565,,7,3,9,4900,0,1,3,,1,021,"SR-128 E/B","MOODY LN",2112.00,E,N,A,-,Y,,,128,,,,,,E,Y,2,0,3,1,A,-,01,23152,A,N,E,I,A,A,H,-,D,D,0,,,,,Y,Y,A,01,1,0,2,0,0,0,0,0,0,"- ","- ",38.712519999999998,-122.88737,SONOMA,UNINCORPORATED,-122.88737033,38.712529279999998
90165685,2016,2016-06-23,9360,2016-04-11,0004,020234,,1,3,9,4900,0,2,4,,1,032,"RIVER ROAD","OLD TRENTON RD.",98.00,W,N,B,-,Y,,,,,,,,,,Y,2,0,1,1,A,-,01,23153,A,N,F,I,A,A,H,-,D,D,0,,,,,Y,Y,A,08,1,0,0,0,0,0,0,0,0,"- ","- ",38.482869999999998,-122.82916,SONOMA,UNINCORPORATED,-122.82901716000001,38.482982739999997
90167649,2016,2016-04-28,9360,2016-04-19,1455,018667,,2,2,9,4900,0,1,3,,1,051,"SR-12 W/B","LLANO RD",509.00,W,N,A,-,Y,,,12,,,,,,W,Y,2,0,1,3,A,-,03,22350,,N,C,C,A,A,H,-,A,D,0,,,Y,,Y,,C,02,1,0,0,0,0,0,0,0,1,"- ","- ",38.411769999999997,-122.7953,SONOMA,UNINCORPORATED,-122.79518516,38.411582039999999
90185075,2016,2016-05-23,9360,2016-05-20,2055,018859,,5,2,9,4900,0,2,4,,1,038,"BODEGA HIGHWAY","VALLEY FORD FREESTONE ROAD",4752.00,W,N,B,-,N,,,,,,,,,,Y,2,0,1,1,A,-,01,23152,A,N,E,I,A,A,H,-,D,D,0,,,,,Y,Y,A,01,1,0,0,0,0,0,0,0,0,"- ","- ",38.357599999999998,-122.93346,SONOMA,UNINCORPORATED,-122.93622763,38.356783659999998
90198382,2016,2016-06-09,9360,2016-06-01,1310,014773,,3,1,4,4904,0,1,2,,2,050,"US 101 S/B","GOLF COURSE DR",45.00,N,N,A,-,Y,,,,,,,,,,Y,2,0,1,1,A,-,01,23152,F,N,E,I,A,A,H,-,A,A,0,,,,,Y,Y,A,01,1,0,0,0,0,0,0,0,0,"- ","- ",38.367100000000001,-122.71210000000001,SONOMA,"ROHNERT PARK",-122.71279994,38.363382600000001
90211488,2016,2016-06-28,9360,2016-06-06,0208,020234,,1,3,9,4900,0,1,2,,2,040,"US-101 S/B","TODD RD. O/C",1531.00,N,N,B,-,Y,,,101,,,,,,S,Y,2,0,2,1,A,-,01,23152,A,F,E,I,A,A,H,-,C,D,0,,,,,Y,Y,D,22,2,0,0,0,0,0,0,0,0,"- ","- ",38.390250000000002,-122.71644000000001,SONOMA,UNINCORPORATED,-122.71628226,38.390249769999997
90211784,2016,2016-06-29,9360,2016-06-10,1040,019862,,5,1,9,4900,0,2,4,,1,032,"RIVER RD","TRENTON HEALDSBURG RD",0.00,,Y,A,-,N,,,,,,,,,,N,2,0,1,2,A,-,09,21802,A,N,D,G,A,A,H,-,A,A,0,,Y,,,Y,,D,22,1,0,0,0,0,0,1,0,0,"- ","- ",38.488390000000003,-122.85504,SONOMA,UNINCORPORATED,-122.85510994000001,38.488269989999999
90221342,2016,2016-07-12,9360,2016-07-01,1530,020234,,5,2,5,4908,0,1,2,,1,060,"US-101 N/B","CAULFIELD LN. O/C",730.00,S,N,A,-,Y,,,101,,,,,,N,Y,2,0,1,2,A,-,07,21658,A,N,B,C,A,A,H,-,A,D,0,,,Y,,Y,,D,22,1,0,0,0,0,0,0,0,1,"- ","- ",38.235779999999998,-122.61904,SONOMA,PETALUMA,-122.61906354,38.235767690000003
90226915,2016,2016-07-20,9360,2016-05-11,1517,015240,,3,2,9,4900,0,3,5,,2,001,"ARMSTRONG WOODS RD","BROOKDALE DR",122.00,S,N,A,-,N,,,,,,,,,,Y,1,1,0,1,A,-,03,22350,,N,E,I,A,A,H,-,A,D,0,,,,,Y,,D,22,0,0,0,0,0,0,0,0,0,"- ","- ",38.518160000000002,-122.99578,SONOMA,UNINCORPORATED,-122.9959619,38.517875179999997
90228314,2016,2016-07-22,9360,2016-07-09,1012,018881,,6,1,9,4900,0,2,4,,1,038,"BOHEMIAN HIGHWAY","FREESTONE STREET",1056.00,N,N,A,-,N,,,,,,,,,,N,2,0,2,3,A,-,05,21460,A,N,A,G,A,A,H,-,A,D,0,,Y,,,Y,,A,01,1,0,1,0,0,0,2,0,0,"- ","- ",38.37462,-122.91949,SONOMA,UNINCORPORATED,-122.92050012,38.375083570000001
90231943,2016,2016-08-18,9360,2016-07-15,1705,019083,,5,2,9,4900,0,1,3,,1,061,SR-1,"WILLIG DR",2640.00,S,N,B,-,Y,,,1,,,,,,,N,2,0,1,1,D,-,00,,,N,F,A,A,A,H,-,A,D,0,,Y,,,Y,,-,"- ",1,0,0,0,0,0,1,0,0,"- ","- ",38.444009999999999,-123.11058,SONOMA,UNINCORPORATED,-123.110632,38.443976450000001
90235561,2016,2016-08-23,9360,2016-05-22,0220,018520,,7,3,9,4900,0,3,5,,2,005,"LLANO RD","DOYLE RD",195.00,N,N,A,-,N,,,,,,,,,,Y,1,1,1,1,A,-,01,23152,A,N,E,I,A,A,H,-,D,D,0,,,,,Y,Y,D,22,1,0,0,0,0,0,0,0,0,"- ","- ",38.401510000000002,-122.78815,SONOMA,UNINCORPORATED,-122.78817496000001,38.401597549999998
90236248,2016,2016-08-03,9360,2016-07-18,1220,015812,,1,1,6,4905,0,1,2,,2,030,"US-101 N/B","MENDOCINO AVENUE (O/C)",2112.00,N,N,A,-,Y,,,101,,,,,,N,Y,2,0,1,2,A,-,03,22350,,N,C,C,A,A,H,-,A,D,0,,,Y,,Y,,C,02,1,0,0,0,0,0,0,0,1,"- ","- ",38.481160000000003,-122.73495,SONOMA,"SANTA ROSA",-122.73494001,38.481173079999998
90237268,2016,2016-08-04,9360,2016-07-20,0025,020329,,3,3,9,4900,0,1,2,,2,050,"GOLF COURSE DRIVE","LABATH AVENUE",491.00,E,N,A,-,N,,,,,,,,,,N,2,0,1,2,A,-,11,21954,A,N,G,B,E,A,H,-,C,D,0,Y,,,,Y,Y,N,60,1,0,0,0,1,0,0,0,0,"- ","- ",38.363289999999999,-122.7195,SONOMA,UNINCORPORATED,-122.71953696999999,38.363264770000001
90241142,2016,2016-08-09,9360,2016-07-22,1700,018859,,5,2,2,4906,0,2,S,,2,901,"PLEASANT HILL AVENUE NORTH","VALENTINE AVE",0.00,,Y,A,-,N,,,,,,,,,,Y,2,0,1,2,A,-,12,22450,A,N,D,C,A,A,H,-,A,A,0,,,Y,,Y,,C,02,1,0,0,0,0,0,0,0,1,"- ","- ",38.40222,-122.84007,SONOMA,SEBASTOPOL,-122.83999,38.402209900000003
90246027,2016,2016-08-16,9360,2016-08-03,2205,018482,,3,3,3,4980,0,1,2,,2,020,"US-101 S/B","ARATA LN",1056.00,N,N,A,-,Y,,,101,,,,,,S,Y,2,0,1,1,A,-,08,22107,,N,E,I,A,A,H,-,D,D,0,,,,,Y,,A,01,1,0,0,0,0,0,0,0,0,"- ","- ",38.563389999999998,-122.82474999999999,SONOMA,WINDSOR,-122.82471183,38.56342703
90260109,2016,2016-09-02,9360,2016-08-22,1045,016652,,1,1,5,4908,0,1,2,,1,060,"US-101 N/B","E. WASHINGTON ST.",2068.00,N,N,A,-,Y,,,101,,,,,,N,Y,2,0,3,3,A,-,03,22350,,N,C,C,A,A,H,-,A,D,0,,,Y,Y,Y,,C,02,1,0,2,0,0,0,0,0,1,"- ","- ",38.250050000000002,-122.63368,SONOMA,PETALUMA,-122.63368469,38.250040869999999
90264232,2016,2016-09-08,9360,2016-08-31,0735,013440,9360,3,1,9,4900,0,2,4,,1,032,"RIVER RD","ODD FELLOWS PARK RD",1056.00,W,N,A,-,N,,,,,,,,,,N,2,0,1,1,A,-,08,22107,,N,F,A,A,A,H,-,B,D,0,,,Y,,Y,,C,03,1,0,0,0,0,0,0,0,1,"- ","- ",38.506790000000002,-122.96496,SONOMA,UNINCORPORATED,-122.96489892,38.50693974
90274943,2016,2016-09-23,9360,2016-08-12,2110,018520,9360,5,2,9,4900,0,2,4,,1,034,"FULTON RD","PARNELL RD",288.00,N,N,A,-,N,,,,,,,,,,N,1,1,0,2,A,-,11,21954,A,N,G,B,E,A,H,-,D,D,0,Y,,,,Y,,N,60,0,0,0,1,0,0,0,0,0,"- ","- ",38.490319999999997,-122.77018,SONOMA,UNINCORPORATED,-122.77012989000001,38.490021069999997
90281033,2016,2016-09-30,9360,2016-08-10,0955,013911,,3,1,9,4900,0,2,4,,1,023,"ALEXANDER VALLEY RD.","WEST SODA ROCK RD.",1056.00,E,N,A,-,N,,,,,,,,,,Y,1,1,1,3,A,-,05,21460,A,N,B,C,A,A,H,-,A,D,0,,,,,Y,,A,01,1,0,0,0,0,0,0,0,0,"- ","- ",38.661169999999998,-122.82631000000001,SONOMA,UNINCORPORATED,-122.82904909,38.659125520000003
90281300,2016,2016-09-30,9360,2016-09-11,1640,020326,,7,2,9,4900,0,3,5,,2,003,"SLUSSER ROAD","LAUGHLIN RD",520.00,S,N,A,-,N,,,,,,,,,,Y,2,0,1,2,A,-,08,22105,,N,C,C,A,A,H,-,A,D,0,,,Y,,Y,,A,01,1,0,0,0,0,0,0,0,1,"- ","- ",38.498100000000001,-122.82617999999999,SONOMA,UNINCORPORATED,-122.82581,38.49892174
90294303,2016,2016-10-18,9325,2016-10-01,1615,019659,,6,2,9,4900,0,1,3,,1,072,"SR-121 N/B","BURNDALE RD",97.00,S,N,A,-,Y,,,121,,,,,,N,Y,1,1,0,2,A,-,03,22350,,N,C,C,A,A,H,-,A,D,0,,,Y,,Y,,C,02,0,0,0,0,0,0,0,1,0,"- ","- ",38.246450000000003,-122.42209,SONOMA,UNINCORPORATED,-122.4220899,38.246445700000002