CASE_ID,ACCIDENT_YEAR,PROC_DATE,JURIS,COLLISION_DATE,COLLISION_TIME,OFFICER_ID,REPORTING_DISTRICT,DAY_OF_WEEK,CHP_SHIFT,POPULATION,CNTY_CITY_LOC,SPECIAL_COND,BEAT_TYPE,CHP_BEAT_TYPE,CITY_DIVISION_LAPD,CHP_BEAT_CLASS,BEAT_NUMBER,PRIMARY_RD,SECONDARY_RD,DISTANCE,DIRECTION,INTERSECTION,WEATHER_1,WEATHER_2,STATE_HWY_IND,CALTRANS_COUNTY,CALTRANS_DISTRICT,STATE_ROUTE,ROUTE_SUFFIX,POSTMILE_PREFIX,POSTMILE,LOCATION_TYPE,RAMP_INTERSECTION,SIDE_OF_HWY,TOW_AWAY,COLLISION_SEVERITY,NUMBER_KILLED,NUMBER_INJURED,PARTY_COUNT,PRIMARY_COLL_FACTOR,PCF_CODE_OF_VIOL,PCF_VIOL_CATEGORY,PCF_VIOLATION,PCF_VIOL_SUBSECTION,HIT_AND_RUN,TYPE_OF_COLLISION,MVIW,PED_ACTION,ROAD_SURFACE,ROAD_COND_1,ROAD_COND_2,LIGHTING,CONTROL_DEVICE,CHP_ROAD_TYPE,PEDESTRIAN_ACCIDENT,BICYCLE_ACCIDENT,MOTORCYCLE_ACCIDENT,TRUCK_ACCIDENT,NOT_PRIVATE_PROPERTY,ALCOHOL_INVOLVED,STWD_VEHTYPE_AT_FAULT,CHP_VEHTYPE_AT_FAULT,COUNT_SEVERE_INJ,COUNT_VISIBLE_INJ,COUNT_COMPLAINT_PAIN,COUNT_PED_KILLED,COUNT_PED_INJURED,COUNT_BICYCLIST_KILLED,COUNT_BICYCLIST_INJURED,COUNT_MC_KILLED,COUNT_MC_INJURED,PRIMARY_RAMP,SECONDARY_RAMP,LATITUDE,LONGITUDE,COUNTY,CITY,POINT_X,POINT_Y
90294806,2016,2016-10-18,9360,2016-08-23,2025,018482,,2,2,9,4900,0,3,5,,2,003,"EASTSIDE RD","WINDSOR RIVER RD",365.00,N,N,B,-,N,,,,,,,,,,Y,1,1,0,1,A,-,01,23152,F,N,E,I,A,A,H,-,D,D,0,,,,,Y,Y,A,01,0,0,0,0,0,0,0,0,0,"- ","- ",38.548349999999999,-122.84629,SONOMA,UNINCORPORATED,-122.84629914999999,38.548525329999997
90301799,2016,2016-10-26,9360,2016-10-24,1929,016045,,1,2,5,4908,0,1,2,,1,060,"U.S.-101 N/B","CORONA RD O/C",2640.00,N,N,B,C,Y,,,,,,,,,,Y,2,0,3,1,A,-,01,23152,A,N,F,I,A,B,H,-,C,D,0,,,,,Y,Y,A,01,2,1,0,0,0,0,0,0,0,"- ","- ",38.266939999999998,-122.66356999999999,SONOMA,PETALUMA,-122.66572718,38.268765119999998
90308766,2016,2016-11-01,9360,2016-10-28,1420,018196,,5,2,9,4900,0,2,4,,1,046,"BENNETT VALLEY ROAD","CARRITHERS RD",2640.00,W,N,C,-,N,,,,,,,,,,Y,2,0,1,1,A,-,01,23152,A,N,E,I,A,A,H,-,A,D,0,,,,,Y,,A,01,1,0,0,0,0,0,0,0,0,"- ","- ",38.412480000000002,-122.6512,SONOMA,UNINCORPORATED,-122.64400999999999,38.408079999999998
90313718,2016,2016-11-08,9360,2016-09-21,0825,014998,,3,1,9,4900,0,2,4,,1,032,"RIVER RD","SOMMERS ST",1040.00,E,N,A,-,N,,,,,,,,,,N,1,1,0,3,A,-,08,22107,,N,B,J,A,A,H,-,A,D,0,,Y,,Y,Y,,L,04,0,0,0,0,0,1,0,0,0,"- ","- ",38.30048,-122.71420999999999,SONOMA,UNINCORPORATED,-122.76542954999999,38.496450000000003
90313750,2016,2016-11-08,9360,2016-10-27,2220,014883,,4,3,6,4905,0,1,2,,2,040,"US-101 S/B",SR-12,528.00,N,N,B,C,Y,,,101,,,,,,S,Y,2,0,1,2,A,-,03,22350,,N,G,C,A,B,C,-,C,D,0,,,,,Y,,A,01,1,0,0,0,0,0,0,0,0,"- ","- ",38.431739999999998,-122.71571,SONOMA,"SANTA ROSA",-122.7157472,38.431725290000003
90326918,2016,2016-11-22,9360,2016-11-14,2240,020819,,1,3,9,4900,0,3,5,,2,001,"CAZADERO HWY",SR-116,135.00,N,N,A,-,N,,,,,,,,,,Y,2,0,1,1,A,-,01,23152,A,N,E,I,A,A,H,-,D,D,0,,,,,Y,Y,A,01,1,0,0,0,0,0,0,0,0,"- ","- ",38.467370000000003,-123.05108,SONOMA,UNINCORPORATED,-123.05101000000001,38.467392140000001
90328704,2016,2016-11-23,9360,2016-11-20,2500,018881,,7,4,9,4900,0,1,3,,1,061,SR-1,"MEYERS GRADE ROAD",3168.00,N,N,E,-,Y,,,1,,,,,,,Y,2,0,1,1,A,-,08,22107,,N,F,A,A,B,H,-,D,D,0,,,,,Y,,A,01,1,0,0,0,0,0,0,0,0,"- ","- ",38.482640000000004,-123.17448,SONOMA,UNINCORPORATED,-123.17448133000001,38.482691469999999
90338259,2016,2016-12-06,9360,2016-12-01,1050,020522,,4,1,9,4900,0,3,5,,2,001,"WESTSIDE RD","RIO VISTA RD",5808.00,E,N,A,-,N,,,,,,,,,,Y,2,0,2,1,A,-,03,22350,,N,E,I,A,A,H,-,A,D,0,,,,,Y,,A,01,2,0,0,0,0,0,0,0,0,"- ","- ",38.509,-122.9083,SONOMA,UNINCORPORATED,-122.90921168,38.509407840000001
90347062,2016,2016-12-16,9360,2016-12-08,1821,015434,,4,2,9,4900,0,1,2,,2,030,"US 101 S/B","FULTON RD. O/C",1300.00,S,N,C,-,Y,,,,,,,,,,Y,2,0,3,3,A,-,01,23152,A,N,C,C,A,B,H,-,C,D,0,,,,,Y,Y,A,01,2,1,0,0,0,0,0,0,0,"- ","- ",38.503869999999999,-122.7666,SONOMA,UNINCORPORATED,-122.76670489999999,38.504040969999998
90355427,2016,2016-12-27,9360,2016-12-22,2340,020329,,4,3,9,4900,0,2,4,,1,038,"MAIN STREET","FIR ROAD",2640.00,S,N,B,-,N,,,,,,,,,,Y,2,0,1,1,A,-,01,23152,A,N,A,I,A,A,H,-,D,D,0,,,,,Y,Y,A,07,1,0,0,0,0,0,0,0,0,"- ","- ",38.457749999999997,-123.01094000000001,SONOMA,UNINCORPORATED,-123.0096772,38.457141419999999
90356786,2016,2016-12-28,9360,2016-12-23,1735,018196,,5,2,9,4900,0,3,5,,2,005,"PRIMROSE AVE","TODD RD",1584.00,N,N,A,-,N,,,,,,,,,,Y,2,0,1,2,A,-,09,21801,A,N,A,C,A,B,H,-,D,D,0,,,,,Y,,D,22,1,0,0,0,0,0,0,0,0,"- ","- ",38.393380000000001,-122.73535,SONOMA,UNINCORPORATED,-122.73533895,38.391511129999998
90357026,2016,2017-01-25,9360,2016-12-27,2055,014998,,2,2,9,4900,0,1,3,,1,041,SR-12,"SYLVIA DR",0.00,,Y,A,-,Y,,,12,,,,,,,Y,2,0,2,2,A,-,01,23152,A,N,A,C,A,A,H,-,C,D,0,,,,,Y,Y,A,01,1,1,0,0,0,0,0,0,0,"- ","- ",38.383800000000001,-122.51709,SONOMA,UNINCORPORATED,-122.51704891999999,38.383825549999997
90358136,2016,2016-12-30,9360,2016-12-19,0025,021005,,1,3,9,4900,0,2,4,,1,024,"MARK WEST SPRINGS RD","MEADOW VISTA TRL",1584.00,E,N,A,-,N,,,,,,,,,,Y,2,0,2,1,A,-,08,22107,,N,E,I,A,C,H,-,D,D,0,,,,,Y,,D,22,1,0,1,0,0,0,0,0,0,"- ","- ",38.528280000000002,-122.72243,SONOMA,UNINCORPORATED,-122.71911288,38.520081019999999
90362511,2016,2017-01-05,9360,2016-10-09,0150,020839,,7,3,9,4900,0,1,3,,1,063,SR-1,"BAY HILL RD",938.00,N,N,A,-,Y,,,1,,,,,,,Y,1,1,1,1,A,-,08,22107,,N,E,I,A,A,H,-,D,D,0,,,,,Y,,A,01,1,0,0,0,0,0,0,0,0,"- ","- ",38.332050000000002,-122.99478000000001,SONOMA,UNINCORPORATED,-122.99479131,38.332055179999998
90363535,2017,2017-03-07,9360,2017-01-02,1948,020819,,1,2,9,4900,0,3,5,,2,004,"SANTA ROSA AVE","E. ROBLES AVE",350.00,N,N,C,-,N,,,,,,,,,,N,2,0,1,2,A,-,11,21954,A,F,G,B,D,B,H,-,C,D,0,Y,,,,Y,Y,N,60,1,0,0,0,1,0,0,0,0,"- ","- ",38.395389999999999,-122.71344000000001,SONOMA,UNINCORPORATED,-122.71354048000001,38.395361389999998
90385287,2017,2017-02-03,9360,2017-02-01,1240,018667,,3,1,9,4900,0,1,3,,1,013,SR-116,"MONTE CRISTO AVE",402.00,E,N,A,-,Y,,,,,,,,,,Y,2,0,1,1,A,-,01,23152,A,N,E,I,A,A,H,-,A,D,0,,,,,Y,Y,A,01,1,0,0,0,0,0,0,0,0,"- ","- ",38.477809999999998,-122.02451000000001,SONOMA,UNINCORPORATED,-123.01988882000001,38.476157190000002
90388174,2017,2017-02-08,9360,2017-01-31,2323,020731,,2,3,9,4900,0,1,2,,2,050,"US-101 S/B","WEST SIERRA AVENUE U/C",700.00,N,N,A,-,Y,,,101,,,,,,S,Y,2,0,2,2,A,-,03,22350,,F,C,C,A,A,H,-,D,D,0,,,,,Y,,A,07,1,1,0,0,0,0,0,0,0,"- ","- ",38.32349,-122.71317999999999,SONOMA,UNINCORPORATED,-122.71319192999999,38.32349224
90388305,2017,2017-02-08,9360,2017-01-31,0030,014998,,2,3,9,4900,0,1,2,,1,060,"US 101 (N/B)","PETALUMA BLVDS",6336.00,S,N,A,-,Y,,,,,,,,,,Y,2,0,2,1,A,-,01,23152,A,N,E,I,A,A,H,-,D,D,0,,,,,Y,Y,A,01,1,1,0,0,0,0,0,0,0,"- ","- ",38.205590000000001,-122.59824999999999,SONOMA,UNINCORPORATED,,
90400336,2017,2017-02-27,9360,2017-02-17,1011,020386,,5,1,9,4900,0,2,4,,1,047,"LAKEVILLE RD","OLD LAKEVILLE ROAD NO 1",423.00,S,N,C,G,N,,,,,,,,,,Y,2,0,3,2,A,-,05,21460,A,N,B,C,A,B,H,-,A,D,0,,,,Y,Y,,G,25,1,1,1,0,0,0,0,0,0,"- ","- ",38.201030000000003,-122.54731,SONOMA,UNINCORPORATED,-122.54764249,38.202087200000001
90404239,2017,2017-03-02,9360,2017-02-27,2110,020329,,1,2,9,4900,0,1,3,,1,041,"SR-12 E/B","OAKMONT DR",10.00,W,N,A,-,Y,,,12,,,,,,E,Y,2,0,1,1,C,-,18,,,N,H,H,A,A,H,-,C,A,0,,,Y,,Y,,-,"- ",1,0,0,0,0,0,0,0,1,"- ","- ",38.445239999999998,-122.60514999999999,SONOMA,UNINCORPORATED,-122.60512441,38.445291300000001
90407056,2017,2017-03-07,9360,2017-02-27,2230,020329,,1,3,9,4900,0,2,4,,1,024,"CALISTOGA RD","ST. HELENA RD.",1056.00,S,N,A,-,N,,,,,,,,,,Y,2,0,4,1,A,-,01,23152,A,N,E,I,A,A,H,-,D,D,0,,,,,Y,Y,A,01,2,0,2,0,0,0,0,0,0,"- ","- ",38.502099999999999,-122.65022999999999,SONOMA,UNINCORPORATED,-122.65028681,38.50221552
90421047,2017,2017-03-27,9360,2017-03-03,2330,020565,,5,3,9,4900,0,1,2,,1,010,"US-101 S/B",SR-128,3168.00,N,N,A,-,Y,,,101,,,,,,S,Y,2,0,3,1,A,-,08,22107,,N,E,I,A,A,H,-,D,D,0,,,,,Y,,D,22,3,0,0,0,0,0,0,0,0,"- ","- ",38.83484,-123.0202,SONOMA,UNINCORPORATED,-123.02015738999999,38.834872900000001
90450475,2017,2017-05-08,9360,2017-04-29,2136,021614,,6,2,9,4900,0,1,3,,1,013,"SR-116 (MAIN ST.)","BROOKSIDE LN",0.00,,Y,A,-,N,,,116,,,,,,,N,2,0,1,2,A,-,10,21950,A,N,G,B,B,A,H,-,C,D,0,Y,,,,Y,Y,A,01,1,0,0,0,1,0,0,0,0,"- ","- ",38.501989999999999,-123.00194999999999,SONOMA,UNINCORPORATED,-123.00194999999999,38.501970960000001
90455538,2017,2017-05-15,9325,2017-05-11,1945,018599,,4,2,9,4900,0,3,5,,2,005,"VINEYARD CIR","MISSION DR",206.00,N,N,A,-,N,,,,,,,,,,Y,2,0,1,1,A,-,08,22107,,N,E,I,A,A,H,-,A,D,0,,,,,Y,,A,01,1,0,0,0,0,0,0,0,0,"- ","- ",38.265070000000001,-122.49361,SONOMA,UNINCORPORATED,-122.49218095000001,38.265440509999998
90458312,2017,2017-05-18,9360,2017-05-10,1400,015812,,3,2,9,4900,0,2,4,,1,024,"MARK WEST SPRINGS ROAD","MICHELE WAY",1584.00,E,N,B,-,N,,,,,,,,,,Y,2,0,1,1,A,-,08,22107,,N,E,I,A,A,H,-,A,D,0,,,,,Y,,A,07,1,0,0,0,0,0,0,0,0,"- ","- ",38.52129,-122.71836,SONOMA,UNINCORPORATED,-122.71884807000001,38.513636529999999
90462425,2016,2017-05-24,9360,2016-12-24,2203,021005,,6,3,9,4900,0,2,4,,1,042,"PETALUMA HILL RD","CRANE RANCH RD",0.00,,Y,A,-,N,,,,,,,,,,Y,1,1,0,2,A,-,09,21804,A,N,D,C,A,A,H,-,D,D,0,,,Y,,Y,,D,22,0,0,0,0,0,0,0,1,0,"- ","- ",38.357979999999998,-122.66701,SONOMA,UNINCORPORATED,-122.66703988,38.357949929999997
90467309,2017,2017-05-30,9360,2017-05-19,1750,018196,,5,2,9,4900,0,3,5,,2,002,"AIRPORT BLVD","FULTON ROAD",140.00,E,N,A,-,N,,,,,,,,,,Y,2,0,1,2,A,-,03,22350,,N,C,C,A,A,H,-,A,D,0,,,Y,,Y,,A,01,1,0,0,0,0,0,0,0,0,"- ","- ",38.511150000000001,-122.7692,SONOMA,UNINCORPORATED,-122.76942056,38.511159999999997
90481435,2017,2017-06-20,9325,2017-06-11,1640,019972,,7,2,9,4900,0,1,3,,1,051,SR-121,"MANGEL RANCH RD",4224.00,N,N,A,-,Y,,,121,,,,,,,Y,2,0,3,2,A,-,01,23152,A,N,A,C,A,A,H,-,A,A,0,,,,,Y,Y,A,01,1,2,0,0,0,0,0,0,0,"- ","- ",38.183320000000002,-122.44271000000001,SONOMA,UNINCORPORATED,-122.44281074,38.183386259999999
90487445,2017,2017-06-26,9360,2017-06-17,1230,015420,,6,1,9,4900,0,3,5,,2,002,"GEYSERS RD","RED WINERY RD",17424.00,E,N,A,-,N,,,,,,,,,,N,2,0,1,1,A,-,03,22350,,N,F,A,A,A,H,-,A,A,0,,Y,,,Y,,L,04,1,0,0,0,0,0,1,0,0,"- ","- ",38.723660000000002,-122.82447999999999,SONOMA,UNINCORPORATED,-122.83213000000001,38.693809999999999
90508196,2017,2017-07-25,9360,2017-07-18,0525,021614,,2,3,9,4900,0,1,2,,1,010,"US-101 N/B","ASTI POST OFFICE RD",2112.00,N,N,B,-,Y,,,101,,,,,,N,Y,2,0,2,1,A,-,08,22107,,N,E,I,A,A,H,-,B,D,0,,,,,Y,,A,01,1,0,1,0,0,0,0,0,0,"- ","- ",38.76144,-122.98281,SONOMA,UNINCORPORATED,-122.98282485999999,38.761392370000003
90520090,2017,2017-08-09,9360,2017-07-18,1916,020285,,2,2,6,4905,0,1,2,,2,030,"US-101 N/B","MENDOCINO AVE O/C",1929.00,N,N,A,-,Y,,,101,,,,,,N,Y,2,0,1,2,A,-,08,22107,,N,C,C,A,A,H,-,A,D,0,,,,,Y,,A,01,1,0,0,0,0,0,0,0,0,"- ","- ",38.480170000000001,-122.73352,SONOMA,"SANTA ROSA",-122.73371029,38.480013919999998
9052848,2019,2020-02-27,4905,2019-10-15,0743,SR422,10607,2,5,6,4905,0,0,0,,0,007,"SOUTH WRIGHT RD","PRICE AV",0.00,,Y,B,-,N,,,,,,,,,,Y,2,0,2,2,A,-,09,21802,A,N,D,C,A,A,H,-,A,A,0,,,,,Y,,A,01,1,0,1,0,0,0,0,0,0,"- ","- ",,,SONOMA,"SANTA ROSA",-122.76891326904297,38.419559478759766
90536465,2017,2017-08-29,9360,2017-08-27,0545,019824,,7,3,9,4900,0,1,3,,1,021,SR-128,"MASON RANCH RD",2640.00,W,N,A,-,N,,,128,,,,,,,Y,2,0,1,1,A,-,08,22107,,N,E,I,A,A,H,-,B,D,0,,,,,Y,,A,01,1,0,0,0,0,0,0,0,0,"- ","- ",38.648240000000001,-122.74092,SONOMA,UNINCORPORATED,-122.74093468,38.648259299999999
90541324,2017,2017-09-06,9360,2017-08-26,1317,020266,,6,1,9,4900,0,3,5,,2,001,"EASTSIDE ROAD","WOHLER ROAD",22.00,E,N,A,-,N,,,,,,,,,,N,2,0,1,1,A,-,03,22350,,N,E,I,A,A,H,-,A,A,0,,Y,,,Y,,L,04,1,0,0,0,0,0,1,0,0,"- ","- ",38.496839999999999,-122.87761999999999,SONOMA,UNINCORPORATED,-122.87771461,38.496908099999999
90541700,2017,2017-09-06,9360,2017-09-01,1240,021567,,5,1,9,4900,0,2,4,,1,034,"GUERNEVILLE RD","ABRAMSON RD",638.00,E,N,A,-,N,,,,,,,,,,Y,2,0,1,1,A,-,08,22107,,N,E,I,A,A,H,-,A,A,0,,,,,Y,,A,01,1,0,0,0,0,0,0,0,0,"- ","- ",38.45261,-122.78155,SONOMA,UNINCORPORATED,-122.78135134,38.45256002
90561046,2017,2017-10-02,9360,2017-09-24,1653,020326,,7,2,9,4900,0,1,2,,2,040,"US-101 S/B","TODD RD",2640.00,N,N,A,-,Y,,,101,,,,,,S,Y,2,0,1,2,A,-,03,22350,,N,C,C,A,A,H,-,A,D,0,,,,,Y,,A,01,1,0,0,0,0,0,0,0,0,"- ","- ",38.394039999999997,-122.7163,SONOMA,UNINCORPORATED,-122.71626309,38.394039669999998
90575728,2017,2017-10-23,9360,2017-10-08,0015,020831,,7,3,9,4900,0,1,2,,2,020,"US-101 NORTHBOUND","LYTTON SPRINGS ROAD",1890.00,N,N,A,-,Y,,,101,,,,,,N,Y,2,0,1,1,A,-,08,22107,,N,F,A,A,A,H,-,D,D,0,,,,,Y,,A,01,1,0,0,0,0,0,0,0,0,"- ","- ",38.6646,-122.87608,SONOMA,UNINCORPORATED,-122.87615547999999,38.664581439999999
90575768,2017,2017-10-23,9360,2017-09-30,1130,016076,,6,1,9,4900,0,3,5,,2,006,"KING RIDGE RD","TIN BARN RD",10032.00,E,N,A,-,N,,,,,,,,,,N,2,0,1,1,A,-,08,22107,,N,E,I,A,A,H,-,A,D,0,,Y,,,Y,,L,04,1,0,0,0,0,0,1,0,0,"- ","- ",38.554740000000002,-124.06632999999999,SONOMA,UNINCORPORATED,-123.25091121,38.62140823
90575773,2017,2017-10-23,9360,2017-09-23,1635,020038,,6,2,9,4900,0,3,5,,2,001,"WEST DRY CREEK RD","CHEMISE RD",4224.00,S,N,A,-,N,,,,,,,,,,Y,2,0,1,2,A,-,09,21804,A,N,D,C,A,A,H,-,A,D,0,,,Y,,Y,,D,22,1,0,0,0,0,0,0,0,1,"- ","- ",38.645530000000001,-122.91864,SONOMA,UNINCORPORATED,-122.91818508,38.644735500000003
90577675,2017,2017-10-24,9325,2017-10-16,1234,017659,,1,1,9,4900,0,1,3,,1,072,SR-121,"FREMONT RD",280.00,S,N,A,-,Y,,,121,,,,,,,Y,2,0,2,2,A,-,05,21460,A,N,B,C,A,A,H,-,A,D,0,,,,,Y,,D,22,1,0,1,0,0,0,0,0,0,"- ","- ",38.24389,-122.44718,SONOMA,UNINCORPORATED,-122.44723732,38.243953640000001
90583273,2017,2017-10-31,9360,2017-10-21,1450,021815,,6,2,9,4900,0,1,3,,1,053,SR-116,"HESSEL RD.",819.00,E,N,A,-,Y,,,116,,,,,,,Y,2,0,2,2,A,-,09,21801,A,N,D,C,A,A,H,-,A,D,0,,,Y,,Y,,A,08,1,1,0,0,0,0,0,0,1,"- ","- ",38.360810000000001,-122.77573,SONOMA,UNINCORPORATED,-122.77574482999999,38.36077805
90588104,2017,2017-11-06,9360,2017-10-29,0045,020831,,7,3,9,4900,0,1,3,,1,021,"SR-128 E/B","BLAU RD",485.00,W,N,A,-,Y,,,128,,,,,,E,Y,2,0,1,1,A,-,03,22350,,N,A,H,A,A,H,-,D,D,0,,,Y,,Y,,C,02,1,0,0,0,0,0,0,0,1,"- ","- ",38.642870000000002,-122.7046,SONOMA,UNINCORPORATED,-122.70460754,38.642838599999997
90589517,2017,2017-11-07,9360,2017-11-02,0100,014998,,4,3,9,4900,0,2,4,,1,034,"GUERNEVILLE RD","ABRAMSON RD",528.00,W,N,A,-,N,,,,,,,,,,Y,2,0,3,1,A,-,08,22107,,N,E,I,A,A,H,-,D,D,0,,,,,Y,,A,01,3,0,0,0,0,0,0,0,0,"- ","- ",38.452629999999999,-122.7881,SONOMA,UNINCORPORATED,-122.7854244,38.452564559999999
90593007,2017,2017-11-13,9325,2017-10-09,0310,015478,,1,3,9,4900,0,2,4,,1,055,"NAPA ROAD","DAVITTO ROAD",830.00,W,N,F,G,N,,,,,,,,,,Y,2,0,1,2,C,-,18,,,N,A,C,A,A,C,-,D,A,0,,,,,Y,,-,"- ",1,0,0,0,0,0,0,0,0,"- ","- ",38.264499999999998,-122.4974,SONOMA,UNINCORPORATED,-122.4076,38.264519999999997
90601036,2017,2017-11-22,9360,2017-07-30,2500,020803,,7,4,9,4900,0,3,5,,2,006,"CAZADERO HWY","OLD DUNCANS GRADE ROAD",0.00,,N,A,-,N,,,,,,,,,,Y,1,1,0,1,A,-,01,23152,A,N,E,I,A,A,H,-,D,D,0,,,,,Y,Y,D,22,0,0,0,0,0,0,0,0,0,"- ","- ",38.472920000000002,-123.04752999999999,SONOMA,UNINCORPORATED,-123.04726998,38.471299909999999
90627921,2017,2017-12-27,9360,2017-12-21,1040,015187,,4,1,9,4900,0,3,5,,2,001,"SWEETWATER SPRINGS RD","WESTSIDE RD.",30624.00,W,N,A,-,N,,,,,,,,,,Y,2,0,1,1,A,-,03,22350,,N,F,A,A,A,H,-,A,D,0,,,Y,,Y,,C,02,1,0,0,0,0,0,0,0,1,"- ","- ",38.549349999999997,-122.96292,SONOMA,UNINCORPORATED,-122.96228847,38.549514500000001
90644132,2018,2018-01-22,9360,2018-01-11,1700,019862,,4,2,9,4900,0,3,5,,2,003,"VINE HILL RD","GUERNEVILLE RD",528.00,N,N,B,-,N,,,,,,,,,,N,2,0,1,1,A,-,03,22350,,N,F,A,A,B,A,-,B,D,0,,Y,,,Y,,L,04,1,0,0,0,0,0,1,0,0,"- ","- ",38.451190948486328,-122.86180877685547,SONOMA,UNINCORPORATED,-122.86241149902344,38.451725006103516
90646487,2018,2018-01-24,9360,2018-01-20,2500,020092,,6,4,9,4900,0,2,4,,1,024,"MARK WEST SPRINGS RD","MICHELLE WAY",4224.00,E,N,A,-,N,,,,,,,,,,Y,2,0,1,1,A,-,08,22107,,N,F,I,A,A,H,-,D,D,0,,,,,Y,,D,22,1,0,0,0,0,0,0,0,0,"- ","- ",38.528209686279297,-122.72334289550781,SONOMA,UNINCORPORATED,-122.72057342529297,38.507457733154297
90647560,2018,2018-01-25,9360,2018-01-19,0740,019824,,5,1,6,4905,0,1,2,,2,040,"US-101 N/B",SR-12,580.00,N,N,B,E,Y,,,101,,,,,,N,Y,2,0,1,4,A,-,07,21658,A,N,B,C,A,A,H,-,A,D,0,,,Y,,Y,,D,22,1,0,0,0,0,0,0,0,1,"- ","- ",38.432861328125,-122.71602630615234,SONOMA,"SANTA ROSA",-122.71595764160156,38.432888031005859
90647588,2018,2018-01-25,9360,2018-01-14,2240,021896,,7,3,9,4900,0,1,3,,1,053,SR-116,"OLD GRAVENSTEIN HWY",0.00,,Y,A,-,Y,,,116,,,,,,,Y,2,0,2,3,A,-,01,23152,A,N,D,C,A,A,H,-,C,A,0,,,,,Y,Y,A,01,1,1,0,0,0,0,0,0,0,"- ","- ",38.369148254394531,-122.78397369384766,SONOMA,UNINCORPORATED,-122.7840576171875,38.369068145751953
90655695,2018,2018-11-27,9360,2018-01-28,1330,019794,,7,1,9,4900,0,3,5,,2,005,"LYNCH RD","MACFARLANE AVENUE",710.00,E,N,A,-,N,,,,,,,,,,Y,2,0,1,2,A,-,08,22107,,F,G,B,F,A,H,-,A,D,0,Y,,,,Y,,D,22,1,0,0,0,1,0,0,0,0,"- ","- ",38.38800048828125,-122.82192993164062,SONOMA,UNINCORPORATED,-122.82234191894531,38.387863159179688
90659655,2018,2018-02-12,9360,2018-02-05,1628,011631,,1,2,9,4900,0,2,4,,1,047,"LAKEVILLE ROAD (7600 BLOCK)","OLD LAKEVILLE ROAD #3 (SOUTH END)",82.00,N,N,A,-,N,,,,,,,,,,Y,2,0,1,1,A,-,08,22107,,N,E,I,A,A,H,-,A,D,0,,,,,Y,,A,01,1,0,0,0,0,0,0,0,0,"- ","- ",38.158931732177734,-122.50009918212891,SONOMA,UNINCORPORATED,-122.52333831787109,38.173458099365234
90660964,2018,2018-02-14,9360,2018-02-06,2012,018667,,2,2,9,4900,0,2,4,,1,038,"BITTNER ROAD","BOHEMIAN HWY",140.00,W,N,A,-,N,,,,,,,,,,Y,2,0,1,1,A,-,01,23152,A,N,E,I,A,A,H,-,C,D,0,,,,,Y,Y,A,07,1,0,0,0,0,0,0,0,0,"- ","- ",38.405941009521484,-122.94792175292969,SONOMA,UNINCORPORATED,-122.94805908203125,38.405841827392578
90662270,2018,2018-02-15,9360,2018-02-08,1517,019703,,4,2,9,4900,0,1,2,,2,030,"US-101 SOUTHBOUND","RIVER RD",375.00,N,N,A,-,Y,,,101,,,,,,S,Y,2,0,3,3,A,-,03,22350,,N,C,C,A,A,H,-,A,D,0,,,,,Y,,D,22,1,2,0,0,0,0,0,0,0,"- ","- ",38.497211456298828,-122.75801086425781,SONOMA,UNINCORPORATED,-122.75796508789062,38.497268676757812
90663724,2018,2018-02-26,9350,2018-01-23,0835,013814,,2,1,9,4900,0,1,3,,2,137,"SR-37 E/B","LAKEVILLE HWY",540.00,W,N,E,-,Y,,,37,,,,,,E,Y,2,0,3,7,A,-,03,22350,,N,B,C,A,A,H,-,A,D,0,,,,Y,Y,,G,27,1,1,1,0,0,0,0,0,0,"- ","- ",38.134151458740234,-122.4764404296875,SONOMA,UNINCORPORATED,-122.47637176513672,38.134067535400391
90674374,2018,2018-03-05,9360,2018-02-20,0800,021896,,2,1,9,4900,0,1,3,,1,013,SR-116,"MARTINELLI RD",8976.00,W,N,A,-,Y,,,116,,,,,,,Y,2,0,1,1,A,-,08,22107,,N,E,I,A,A,H,-,A,D,0,,,,,Y,,A,07,1,0,0,0,0,0,0,0,0,"- ","- ",38.477188110351562,-122.93544769287109,SONOMA,UNINCORPORATED,-122.93544769287109,38.477203369140625
9068154,2020,2020-08-14,4904,2020-03-12,1311,359,,4,5,4,4904,0,0,0,,0,,"GOLF COURSE DR","COUNTRY CLUB DR",0.00,E,N,A,-,N,,,,,,,,,,Y,2,0,1,2,A,-,01,23152,A,N,A,C,A,D,H,-,A,D,0,,,,,Y,,I,11,1,0,0,0,0,0,0,0,0,"- ","- ",38.362098693847656,-122.69474029541016,SONOMA,"ROHNERT PARK",-122.6947021484375,38.362079620361328
90690962,2018,2018-04-09,9360,2018-03-17,1659,015420,,6,2,9,4900,0,1,2,,1,010,"US-101 N/B","SR-128 WEST U/C",4224.00,N,N,A,B,Y,,,101,,,,,,N,Y,2,0,4,3,A,-,03,22350,,N,C,C,A,A,H,-,A,D,0,,,,Y,Y,,A,01,1,3,0,0,0,0,0,0,0,"- ","- ",38.836860656738281,-123.02065277099609,SONOMA,UNINCORPORATED,-123.02058410644531,38.836860656738281