CASE_ID,ACCIDENT_YEAR,PROC_DATE,JURIS,COLLISION_DATE,COLLISION_TIME,OFFICER_ID,REPORTING_DISTRICT,DAY_OF_WEEK,CHP_SHIFT,POPULATION,CNTY_CITY_LOC,SPECIAL_COND,BEAT_TYPE,CHP_BEAT_TYPE,CITY_DIVISION_LAPD,CHP_BEAT_CLASS,BEAT_NUMBER,PRIMARY_RD,SECONDARY_RD,DISTANCE,DIRECTION,INTERSECTION,WEATHER_1,WEATHER_2,STATE_HWY_IND,CALTRANS_COUNTY,CALTRANS_DISTRICT,STATE_ROUTE,ROUTE_SUFFIX,POSTMILE_PREFIX,POSTMILE,LOCATION_TYPE,RAMP_INTERSECTION,SIDE_OF_HWY,TOW_AWAY,COLLISION_SEVERITY,NUMBER_KILLED,NUMBER_INJURED,PARTY_COUNT,PRIMARY_COLL_FACTOR,PCF_CODE_OF_VIOL,PCF_VIOL_CATEGORY,PCF_VIOLATION,PCF_VIOL_SUBSECTION,HIT_AND_RUN,TYPE_OF_COLLISION,MVIW,PED_ACTION,ROAD_SURFACE,ROAD_COND_1,ROAD_COND_2,LIGHTING,CONTROL_DEVICE,CHP_ROAD_TYPE,PEDESTRIAN_ACCIDENT,BICYCLE_ACCIDENT,MOTORCYCLE_ACCIDENT,TRUCK_ACCIDENT,NOT_PRIVATE_PROPERTY,ALCOHOL_INVOLVED,STWD_VEHTYPE_AT_FAULT,CHP_VEHTYPE_AT_FAULT,COUNT_SEVERE_INJ,COUNT_VISIBLE_INJ,COUNT_COMPLAINT_PAIN,COUNT_PED_KILLED,COUNT_PED_INJURED,COUNT_BICYCLIST_KILLED,COUNT_BICYCLIST_INJURED,COUNT_MC_KILLED,COUNT_MC_INJURED,PRIMARY_RAMP,SECONDARY_RAMP,LATITUDE,LONGITUDE,COUNTY,CITY,POINT_X,POINT_Y
90692429,2018,2018-03-29,9360,2018-03-21,0620,014455,,3,1,9,4900,0,1,2,,2,050,"US-101 N/B","OLD REDWOOD HIGHWAY O/C",7920.00,N,N,B,C,Y,,,101,,,,,,N,Y,2,0,1,1,A,-,08,22107,,N,E,I,A,B,H,-,B,D,0,,,,,Y,,A,01,1,0,0,0,0,0,0,0,0,"- ","- ",38.288181304931641,-122.69049072265625,SONOMA,UNINCORPORATED,-122.69059753417969,38.288043975830078
90711710,2017,2018-04-24,9360,2017-12-18,2245,021354,,1,3,9,4900,0,2,4,,1,034,"GUERNEVILLE RD","ABRAMSON RD",920.00,W,N,A,-,N,,,,,,,,,,N,1,1,0,2,A,-,17,21200,,N,C,G,A,A,H,-,D,D,0,,Y,,,Y,,L,04,0,0,0,0,0,1,0,0,0,"- ","- ",38.45261,-122.78716,SONOMA,UNINCORPORATED,-122.78679372000001,38.452567940000002
90711786,2018,2018-04-24,9360,2018-04-16,1245,013838,,1,1,9,4900,0,2,4,,1,046,"BENNETT VALLEY RD","YULUPA AVE",5808.00,E,N,B,-,N,,,,,,,,,,Y,2,0,1,1,A,-,03,22350,,N,E,I,A,B,H,-,A,D,0,,,,,Y,Y,A,01,1,0,0,0,0,0,0,0,0,"- ","- ",38.412361145019531,-122.65061950683594,SONOMA,UNINCORPORATED,-122.64720916748047,38.411434173583984
90718214,2018,2018-05-02,9325,2018-04-23,1355,015786,,1,1,9,4900,0,1,3,,1,063,SR-12,"TRINITY RD",0.00,,Y,A,-,Y,,,12,,,,,,,N,2,0,1,2,A,-,09,21801,A,N,D,G,A,A,H,-,A,D,0,,Y,,,Y,,B,07,1,0,0,0,0,0,1,0,0,"- ","- ",38.379230499267578,-122.51415252685547,SONOMA,UNINCORPORATED,-122.51422119140625,38.379188537597656
90725721,2018,2018-05-14,9360,2018-05-06,1513,017693,,7,2,9,4900,0,2,4,,1,024,"CALISTOGA ROAD","PORTER CREEK ROAD",2640.00,S,N,A,-,N,,,,,,,,,,Y,2,0,2,2,A,-,05,21460,A,N,B,C,A,A,H,-,A,D,0,,,Y,,Y,,C,02,2,0,0,0,0,0,0,0,2,"- ","- ",38.544689178466797,-122.65164947509766,SONOMA,UNINCORPORATED,-122.65213012695312,38.544975280761719
90727762,2017,2018-05-16,9360,2017-11-05,2109,020779,,7,2,9,4900,0,2,4,,1,047,"LAKEVILLE RD",SR-37,5925.00,N,N,A,-,N,,,,,,,,,,Y,1,1,6,5,A,-,01,23152,A,N,A,C,A,A,H,-,D,D,0,,,,,Y,Y,D,22,1,3,2,0,0,0,0,0,0,"- ","- ",38.148350000000001,-122.48703999999999,SONOMA,UNINCORPORATED,-122.47631,38.140059999999998
90730081,2018,2018-05-21,9360,2018-05-11,1515,020831,,5,2,9,4900,0,1,3,,1,037,SR-116,"POCKET DRIVE",530.00,E,N,A,-,Y,,,116,,,,,,,N,2,0,1,2,A,-,05,21460,A,F,B,C,A,A,H,-,A,D,0,,,Y,,Y,,-,99,1,0,0,0,0,0,0,0,1,"- ","- ",38.490020751953125,-122.96108245849609,SONOMA,UNINCORPORATED,-122.96109771728516,38.490020751953125
90730541,2018,2018-05-21,9360,2018-05-13,1309,015420,,7,1,9,4900,0,2,4,,1,012,"DRY CREEK RD","STEWARTS POINT-SKAGGS SPRINGS RD",1.00,S,N,A,B,N,,,,,,,,,,N,2,0,1,1,A,-,03,22350,,N,E,I,A,A,H,-,A,A,0,,,Y,,Y,,C,02,1,0,0,0,0,0,0,0,1,"- ","- ",38.720230102539062,-122.99871826171875,SONOMA,UNINCORPORATED,-122.99923706054688,38.719501495361328
90735975,2018,2018-05-29,9360,2018-05-17,1055,022113,,4,1,9,4900,0,2,4,,1,024,"PETRIFIED FOREST RD","SHARP ROAD",0.00,,Y,A,-,N,,,,,,,,,,Y,2,0,2,2,A,-,05,21460,A,N,A,C,A,A,H,-,A,D,0,,,,Y,Y,,A,01,1,1,0,0,0,0,0,0,0,"- ","- ",38.561599731445312,-122.62380218505859,SONOMA,UNINCORPORATED,-122.62503814697266,38.559921264648438
90738759,2017,2018-10-15,9360,2017-10-25,0334,016669,,3,3,6,4905,0,1,2,,2,040,"US-101 N/B","SR-12 O/C",1540.00,S,N,A,-,Y,,,101,,,,,,N,Y,1,1,0,2,A,-,01,23152,F,N,C,C,A,A,H,-,D,D,0,,,,Y,Y,,A,01,0,0,0,0,0,0,0,0,0,"- ","- ",38.426659999999998,-122.71485,SONOMA,"SANTA ROSA",-122.71493778,38.42665994
90741983,2018,2018-06-06,9360,2018-05-29,0745,015240,,2,1,9,4900,0,2,4,,1,038,"BODEGA HWY","BOHEMIAN HWY",528.00,E,N,A,-,N,,,,,,,,,,Y,2,0,1,1,A,-,08,22107,,N,E,I,A,A,H,-,A,D,0,,,,,Y,,D,22,1,0,0,0,0,0,0,0,0,"- ","- ",38.374458312988281,-122.90966796875,SONOMA,UNINCORPORATED,-122.90972137451172,38.374366760253906
90750981,2018,2018-06-19,9360,2018-06-11,0030,020326,,1,3,9,4900,0,3,5,,2,005,"CHILENO VALLEY RD","GOATLEY RD",390.00,W,N,A,-,N,,,,,,,,,,Y,2,0,1,1,A,-,08,22107,,N,E,I,A,A,H,-,D,D,0,,,,,Y,,A,01,1,0,0,0,0,0,0,0,0,"- ","- ",38.205509185791016,-122.68724060058594,SONOMA,UNINCORPORATED,-122.68708038330078,38.205558776855469
90754570,2018,2018-06-25,9360,2018-06-17,2130,020839,,7,2,9,4900,0,3,5,,2,004,"MOUNTAIN VIEW RD.","SNYDER LN",0.00,,Y,A,-,N,,,,,,,,,,Y,2,0,1,1,A,-,01,23152,A,N,E,I,A,A,H,-,C,D,0,,,,,Y,Y,D,22,1,0,0,0,0,0,0,0,0,"- ","- ",38.379459381103516,-122.685791015625,SONOMA,UNINCORPORATED,-122.68589782714844,38.379489898681641
90757718,2018,2018-06-28,9360,2018-06-20,1455,013838,,3,2,6,4905,0,1,2,,2,040,"US-101 S/B","HEARN AVENUE",528.00,N,N,A,-,Y,,,101,,,,,,S,Y,2,0,1,1,A,-,03,22350,,N,F,A,A,A,H,-,A,D,0,,,Y,,Y,,C,02,1,0,0,0,0,0,0,0,1,"- ","- ",38.416229248046875,-122.71608734130859,SONOMA,"SANTA ROSA",-122.71613311767578,38.416229248046875
90760598,2018,2018-09-14,9360,2018-06-17,1352,017693,,7,1,9,4900,0,1,2,,2,050,"US-101 S/B","WEST SIERRA AVE",1056.00,N,N,A,-,Y,,,101,,,,,,S,Y,2,0,5,3,A,-,01,23152,A,N,B,C,A,A,H,-,A,D,0,,,,,Y,Y,A,01,1,4,0,0,0,0,0,0,0,"- ","- ",38.325580596923828,-122.71295928955078,SONOMA,UNINCORPORATED,-122.71290588378906,38.325576782226562
90761433,2018,2018-07-03,9360,2018-06-24,1655,021904,,7,2,9,4900,0,2,4,,1,032,"RIVER ROAD","WOHLER RD.",0.00,,Y,A,-,N,,,,,,,,,,Y,2,0,1,2,A,-,09,21801,A,N,D,C,A,A,H,-,A,D,0,,,,,Y,,A,07,1,0,0,0,0,0,0,0,0,"- ","- ",38.490711212158203,-122.88356018066406,SONOMA,UNINCORPORATED,-122.88352203369141,38.49066162109375
90765255,2018,2018-07-09,9360,2018-06-30,2300,022063,,6,3,9,4900,0,3,5,,2,003,"EASTSIDE ROAD","RICHARDSON ROAD",25.00,N,N,A,-,N,,,,,,,,,,Y,2,0,1,1,A,-,01,23152,A,N,E,I,A,A,H,-,D,D,0,,,,,Y,Y,A,01,1,0,0,0,0,0,0,0,0,"- ","- ",38.532188415527344,-122.84834289550781,SONOMA,UNINCORPORATED,-122.84859299999999,38.532184999999998
90790784,2018,2018-08-15,9360,2018-08-03,2130,021195,,5,2,9,4900,0,2,4,,1,038,"BOHEMIAN HWY","FREESTONE RD",742.00,N,N,A,-,N,,,,,,,,,,Y,2,0,1,1,A,-,08,22107,,N,E,I,A,A,H,-,D,D,0,,,Y,,Y,Y,C,02,1,0,0,0,0,0,0,0,1,"- ","- ",38.374759674072266,-122.91954803466797,SONOMA,UNINCORPORATED,-122.91956329345703,38.374767303466797
90792784,2018,2018-08-17,9360,2018-08-07,1545,022113,,2,2,9,4900,0,2,4,,1,052,"STONY POINT RD","TODD ROAD",1056.00,N,N,A,-,N,,,,,,,,,,Y,2,0,1,2,A,-,09,21804,A,N,D,C,A,A,H,-,A,D,0,,,Y,,Y,,D,22,1,0,0,0,0,0,0,0,1,"- ","- ",38.390590667724609,-122.7415771484375,SONOMA,UNINCORPORATED,-122.74152374267578,38.390041351318359
90796527,2018,2018-08-23,9360,2018-08-08,0710,011631,,3,1,9,4900,0,2,4,,1,047,"LAKEVILLE ROAD",SR-37,6706.00,N,N,B,-,N,,,,,,,,,,Y,2,0,2,3,A,-,05,21460,,N,B,C,A,A,H,-,A,D,0,,,,Y,Y,,A,01,1,0,1,0,0,0,0,0,0,"- ","- ",38.150138854980469,-122.48844909667969,SONOMA,UNINCORPORATED,-122.47631072998047,38.140060424804688
90799571,2018,2018-08-28,9360,2018-08-13,1825,021314,,1,2,9,4900,0,2,4,,1,044,"OLD ADOBE ROAD","LYNCH ROAD",475.00,S,N,A,-,N,,,,,,,,,,N,2,0,1,2,A,-,03,22350,,F,B,G,A,A,H,-,A,D,0,,Y,,,Y,,D,22,1,0,0,0,0,0,1,0,0,"- ","- ",38.278278350830078,-122.62566375732422,SONOMA,UNINCORPORATED,-122.62572479248047,38.278236389160156
90805532,2018,2018-09-05,9360,2018-08-26,0654,020613,,7,1,9,4900,0,1,3,,1,063,"STATE ROUTE 1 (SR-1)","FREESTONE VALLEY FORD RD",3696.00,N,N,B,-,Y,,,1,,,,,,,Y,2,0,1,1,A,-,08,22107,,N,E,I,A,A,H,-,A,D,0,,,,,Y,,A,01,1,0,0,0,0,0,0,0,0,"- ","- ",38.325729370117188,-122.94036102294922,SONOMA,UNINCORPORATED,-122.94035339355469,38.325778961181641
90805872,2018,2018-09-05,9360,2018-08-28,1035,014998,,2,1,9,4900,0,3,5,,2,005,"BODEGA AVE","MIDDLE TWO ROCK RD",3696.00,E,N,A,-,N,,,,,,,,,,Y,2,0,1,2,A,-,05,21650,,N,A,C,A,A,H,-,A,D,0,,,,Y,Y,,A,01,1,0,0,0,0,0,0,0,0,"- ","- ",38.265449523925781,-122.73697662353516,SONOMA,UNINCORPORATED,-122.73930358886719,38.265148162841797
90810905,2018,2018-09-12,9360,2018-09-01,0620,019862,,6,1,9,4900,0,2,4,,1,022,"OLD REDWOOD HWY","DONNA DR",1056.00,N,N,A,-,Y,,,,,,,,,,Y,2,0,2,2,A,-,01,23152,F,N,A,C,A,A,H,-,B,D,0,,,,,Y,,A,01,1,0,1,0,0,0,0,0,0,"- ","- ",38.519218444824219,-122.77337646484375,SONOMA,UNINCORPORATED,-122.77294158935547,38.518848419189453
90813339,2018,2018-09-14,9360,2018-09-08,1757,022115,,6,2,9,4900,0,2,4,,1,032,"RIVER RD","TRENTON RD",0.00,,Y,A,-,N,,,,,,,,,,Y,2,0,1,2,A,-,05,21460,A,N,B,C,A,A,H,-,A,D,0,,,Y,,Y,,C,02,1,0,0,0,0,0,0,0,1,"- ","- ",38.484588623046875,-122.84326934814453,SONOMA,UNINCORPORATED,-122.89929962158203,38.495719909667969
90813557,2018,2018-12-05,9360,2018-05-25,0749,017693,,5,1,9,4900,0,2,4,,1,046,"BENNETT VALLEY ROAD","CARRITHERS ROAD",403.00,E,N,B,C,N,,,,,,,,,,Y,1,1,1,2,A,-,03,22350,,N,D,C,A,B,H,-,A,D,0,,,,,Y,,A,01,0,1,0,0,0,0,0,0,0,"- ","- ",37.407001495361328,-122.64369964599609,SONOMA,UNINCORPORATED,-122.64401245117188,38.4080810546875
90814293,2018,2018-10-01,9360,2018-08-29,1206,013911,,3,1,9,4900,0,1,3,,1,021,SR-128,"MAACAMA CREEK",2112.00,W,N,A,-,Y,,,128,,,,,,,Y,2,0,2,2,A,-,05,21460,A,N,A,C,A,A,H,-,A,D,0,,,Y,,Y,,C,02,2,0,0,0,0,0,0,0,1,"- ","- ",38.639671325683594,-122.75417327880859,SONOMA,UNINCORPORATED,-122.75416564941406,38.639652252197266
90819495,2018,2018-09-24,9360,2018-09-12,1357,020225,,3,1,9,4900,0,2,4,,1,054,"BODEGA AVE","ROHDE LN",1056.00,E,N,A,-,N,,,,,,,,,,Y,2,0,1,2,A,-,05,21460,A,N,D,C,A,A,H,-,A,D,0,,,Y,,Y,,C,02,1,0,0,0,0,0,0,0,1,"- ","- ",38.246070861816406,-122.68740844726562,SONOMA,UNINCORPORATED,-122.68717956542969,38.245964050292969
90819927,2018,2018-09-24,9360,2018-09-15,1357,022115,,6,1,9,4900,0,1,3,,1,021,SR-128,"CHALK HILL RD",0.00,,Y,A,-,Y,,,128,,,,,,,Y,2,0,1,2,A,-,05,21460,A,N,B,C,A,A,H,-,A,D,0,,,Y,,Y,,C,02,1,0,0,0,0,0,0,0,1,"- ","- ",38.638988494873047,-122.76959991455078,SONOMA,UNINCORPORATED,-122.76957702636719,38.639064788818359
90837776,2018,2019-01-23,9360,2018-07-10,1613,019218,,2,2,9,4900,0,2,4,,1,032,"RIVER RD","ORCHARD RD",43.50,E,N,A,-,N,,,,,,,,,,Y,1,1,1,2,A,-,11,21954,A,N,G,B,D,A,H,-,A,D,0,Y,,Y,,Y,,N,60,0,1,0,1,0,0,0,0,1,"- ","- ",38.510101318359375,-122.98567199707031,SONOMA,UNINCORPORATED,-122.98573303222656,38.510009765625
90849323,2018,2018-10-31,9360,2018-10-19,1245,013838,,5,1,6,4905,0,1,2,,2,040,US-101,SR-12,509.00,N,N,A,-,Y,,,101,,,,,,,Y,2,0,1,1,A,-,08,22107,,N,E,I,A,A,H,-,A,D,0,,,,,Y,,A,01,1,0,0,0,0,0,0,0,0,"- ","- ",38.432758331298828,-122.71630096435547,SONOMA,"SANTA ROSA",-122.71617126464844,38.432811737060547
90854978,2018,2018-11-07,9360,2018-11-06,0745,015187,,2,1,9,4900,0,1,2,,2,020,"US-101 S/B","LIMERICK LN",3168.00,S,N,A,-,Y,,,101,,,,,,S,Y,2,0,1,1,A,-,06,21750,A,N,F,A,A,A,H,-,A,D,0,,,,,Y,,D,22,1,0,0,0,0,0,0,0,0,"- ","- ",38.578891754150391,-122.83792877197266,SONOMA,UNINCORPORATED,-122.8377685546875,38.579010009765625
90859060,2018,2018-11-13,9360,2018-11-06,1155,022115,,2,1,9,4900,0,3,5,,2,003,"CENTURY COURT","REGIONAL PARKWAY",528.00,E,N,A,-,N,,,,,,,,,,N,2,0,1,2,A,-,13,22515,A,N,G,B,E,A,H,-,A,D,0,Y,,,,Y,,N,60,1,0,0,0,1,0,0,0,0,"- ","- ",38.507900238037109,-122.7855224609375,SONOMA,UNINCORPORATED,-122.78541564941406,38.50799560546875
90862750,2018,2018-11-19,9360,2018-11-11,0143,019092,,7,3,9,4900,0,2,4,,1,047,"LAKEVILLE RD","OLD LAKEVILLE NO 3 RD",2112.00,N,N,F,-,N,,,,,,,,,,Y,2,0,1,1,A,-,01,23152,F,N,E,I,A,A,H,-,D,A,0,,,,,Y,,A,01,1,0,0,0,0,0,0,0,0,"- ","- ",38.162239074707031,-122.50533294677734,SONOMA,UNINCORPORATED,-122.52830505371094,38.177417755126953
90880506,2018,2018-12-11,9360,2018-12-08,1326,021815,,6,1,9,4900,0,2,4,,1,046,"CRANE CANYON RD","ALTA MONTE DR",1056.00,E,N,A,-,N,,,,,,,,,,Y,2,0,1,1,A,-,08,22107,,N,E,I,A,A,H,-,A,D,0,,,Y,,Y,,C,02,1,0,0,0,0,0,0,0,1,"- ","- ",38.371688842773438,-122.63867950439453,SONOMA,UNINCORPORATED,-122.63880920410156,38.371623992919922
90891054,2018,2018-12-27,9360,2018-12-27,0215,015434,,4,3,9,4900,0,2,4,,1,046,"BENNETT VALLEY RD","GRANGE RD",3168.00,W,N,A,-,N,,,,,,,,,,Y,2,0,1,1,A,-,08,22107,,N,E,I,A,A,H,-,D,D,0,,,Y,,Y,,C,02,1,0,0,0,0,0,0,0,1,"- ","- ",38.407829284667969,-122.64404296875,SONOMA,UNINCORPORATED,-122.64293670654297,38.405841827392578
90895638,2018,2019-01-02,9360,2018-12-29,1540,021314,,6,2,9,4900,0,3,5,,2,005,"PEPPER ROAD","MEACHAM ROAD",767.00,E,N,A,-,N,,,,,,,,,,Y,2,0,1,2,A,-,09,21801,A,N,D,C,A,A,H,-,A,D,0,,,Y,,Y,,A,07,1,0,0,0,0,0,0,0,1,"- ","- ",38.285388946533203,-122.74458312988281,SONOMA,UNINCORPORATED,-122.74462890625,38.285408020019531
90897532,2018,2019-01-04,9360,2018-06-16,2350,020831,,6,3,9,4900,0,1,2,,2,030,"US-101 N/B","MARK WEST SPRINGS ROAD",3432.00,N,N,B,-,Y,,,101,,,,,,N,Y,1,1,2,2,A,-,01,23152,A,F,C,C,A,A,H,-,D,D,0,,,,,Y,Y,A,01,1,1,0,0,0,0,0,0,0,"- ","- ",38.502738952636719,-122.76476287841797,SONOMA,UNINCORPORATED,-122.76476287841797,38.502742767333984
90900514,2018,2019-03-25,9360,2018-08-03,0010,021567,,5,3,9,4900,0,1,2,,2,030,"US-101 N/B","SHILOH RD.",2640.00,S,N,A,-,Y,,,101,,,,,,N,Y,1,1,3,5,A,-,01,23152,F,N,A,C,A,A,H,-,D,D,0,,,Y,,Y,,A,01,1,2,0,0,0,0,0,1,0,"- ","- ",38.519821166992188,-122.78450775146484,SONOMA,UNINCORPORATED,-122.78445434570312,38.519866943359375
90928407,2019,2019-02-19,9360,2019-02-08,0714,022146,,5,1,9,4900,0,3,5,,2,002,"SANTA ROSA AVE","W ROBLES",810.00,S,N,A,-,N,,,,,,,,,,Y,2,0,1,1,A,-,08,22107,,N,E,I,A,A,H,-,B,D,0,,,,,Y,,A,01,1,0,0,0,0,0,0,0,0,"- ","- ",38.392158508300781,-122.71340942382812,SONOMA,UNINCORPORATED,-122.71356964111328,38.392173767089844
90930307,2019,2019-02-20,9360,2019-02-17,0501,020386,,7,3,6,4905,0,1,2,,2,040,"US-101 N/B",SR-12,2112.00,S,N,B,-,Y,,,101,,,,,,N,Y,2,0,1,1,A,-,01,23152,A,N,E,I,A,B,H,-,D,D,0,,,,,Y,Y,A,01,1,0,0,0,0,0,0,0,0,"- ","- ",38.425899505615234,-122.71502685546875,SONOMA,"SANTA ROSA",-122.71493530273438,38.425899505615234
90930756,2018,2019-03-25,9360,2018-12-12,0529,020225,,3,3,9,4900,0,3,5,,2,003,"OCCIDENTAL RD","PIEZZI RD",528.00,W,N,B,E,N,,,,,,,,,,Y,1,1,1,3,A,-,06,21751,,N,A,C,A,B,H,-,D,D,0,,,,Y,Y,,D,22,1,0,0,0,0,0,0,0,0,"- ","- ",38.423320770263672,-122.800048828125,SONOMA,UNINCORPORATED,-122.79915618896484,38.423290252685547
90933503,2019,2019-02-25,9360,2019-02-16,1835,022115,,6,2,6,4905,0,1,2,,2,040,"US-101 S/B","COLLEGE AVE",80.00,N,N,A,-,Y,,,101,,,,,,S,N,2,0,1,2,A,-,21,22106,,F,E,B,E,A,H,-,C,D,0,Y,,,,Y,Y,A,01,1,0,0,0,1,0,0,0,0,"- ","- ",38.445991516113281,-122.72463989257812,SONOMA,"SANTA ROSA",-122.72434997558594,38.446174621582031
90954277,2019,2019-03-27,9360,2019-03-20,1518,018828,,3,2,6,4905,0,1,2,,2,030,"US-101 N/B","STEELE LN",1584.00,N,N,A,-,Y,,,101,,,,,,N,Y,2,0,1,1,A,-,08,22107,,N,E,I,A,A,H,-,A,D,0,,,,,Y,,A,01,1,0,0,0,0,0,0,0,0,"- ","- ",38.46453857421875,-122.72669219970703,SONOMA,"SANTA ROSA",-122.72671508789062,38.464534759521484
90972489,2019,2019-04-22,9360,2019-03-28,2115,020828,,4,2,9,4900,0,2,4,,1,042,"PETALUMA HILL RD","CURTIS DR",129.00,N,N,B,-,N,,,,,,,,,,Y,1,1,0,2,A,-,11,21954,A,N,G,B,E,A,H,-,D,D,0,Y,,,,Y,,N,60,0,0,0,1,0,0,0,0,0,"- ","- ",38.334400177001953,-122.66677856445312,SONOMA,UNINCORPORATED,-122.66678619384766,38.333724975585938
90975388,2019,2019-05-01,9360,2019-01-13,0058,021904,,7,3,3,4903,0,1,2,,2,030,"US-101 SOUTHBOUND","HEALDSBURG AVE",1500.00,N,N,B,C,Y,,,101,,,,,,S,Y,1,1,3,3,A,-,01,23152,F,N,A,C,A,A,H,-,D,D,0,,,,,Y,,A,01,0,3,0,0,0,0,0,0,0,"- ","- ",38.597148895263672,-122.85755157470703,SONOMA,HEALDSBURG,-122.85755157470703,38.597141265869141
90979999,2019,2019-05-01,9360,2019-04-20,1720,022146,,6,2,9,4900,0,3,5,,2,002,"CAZADERO HWY","HUCKLEBERRY HEIGHTS",1056.00,N,N,A,-,N,,,,,,,,,,Y,2,0,3,2,A,-,05,21460,A,N,A,C,A,A,H,-,A,D,0,,,,,Y,,A,01,1,2,0,0,0,0,0,0,0,"- ","- ",38.491008758544922,-123.06233978271484,SONOMA,UNINCORPORATED,-123.06219482421875,38.490566253662109
90982199,2019,2019-05-06,9360,2019-04-25,1620,019083,,4,2,9,4900,0,1,3,,1,061,SR-1,"TIMBER COVE RD",5280.00,S,N,B,-,Y,,,1,,,,,,,Y,2,0,1,1,A,-,03,22350,,N,F,A,A,A,D,-,A,D,0,,,Y,,Y,,C,02,1,0,0,0,0,0,0,0,1,"- ","- ",38.524551391601562,-123.2646484375,SONOMA,UNINCORPORATED,-123.26466369628906,38.524578094482422
90993583,2019,2019-05-22,9360,2019-05-15,1850,019083,,3,2,9,4900,0,1,3,,1,061,SR-1,"NAVIGATORS REACH",1056.00,N,N,B,C,Y,,,,,,,,,,Y,2,0,1,1,A,-,08,22107,,N,E,I,A,B,H,-,D,D,0,,,,,Y,,A,07,1,0,0,0,0,0,0,0,0,"- ","- ",38.36370849609375,-123.441162109375,SONOMA,UNINCORPORATED,,
9100614,2020,2020-06-29,4905,2020-03-25,0629,408,10604,3,5,6,4905,0,0,0,,0,004,"CHANTE RD","TERRA LINDA DR",345.00,W,N,A,-,N,,,,,,,,,,N,2,0,1,1,A,-,03,22350,,N,E,I,A,-,H,-,D,D,0,,,Y,,Y,,C,02,1,0,0,0,0,0,0,0,1,"- ","- ",,,SONOMA,"SANTA ROSA",-122.71295166015625,38.467567443847656
91013751,2019,2019-06-20,9360,2019-06-12,1540,018828,,3,2,9,4900,0,1,2,,2,030,"US-101 S/B","RIVER ROAD",3432.00,S,N,A,-,Y,,,101,,,,,,S,Y,2,0,2,2,A,-,07,21658,A,N,C,C,A,A,H,-,A,D,0,,,,,Y,,A,07,1,1,0,0,0,0,0,0,0,"- ","- ",38.489681243896484,-122.7471923828125,SONOMA,UNINCORPORATED,-122.74722290039062,38.489635467529297
91016511,2019,2019-06-24,9360,2019-06-16,1810,021314,,7,2,9,4900,0,1,3,,1,013,SR-116,"MONTE CRISTO AVENUE",95.00,W,N,A,-,Y,,,116,,,,,,,Y,2,0,5,2,A,-,05,21460,A,F,A,C,A,A,H,-,A,D,0,,,,,Y,,A,01,2,0,3,0,0,0,0,0,0,"- ","- ",38.475688934326172,-123.0194091796875,SONOMA,UNINCORPORATED,-123.01943206787109,38.475658416748047
91034813,2019,2019-07-22,9360,2019-07-13,0725,022289,,6,1,9,4900,0,2,4,,1,024,"CALISTOGA RD","GATES RD",1056.00,N,N,A,-,N,,,,,,,,,,Y,2,0,2,2,A,-,05,21460,A,N,A,C,A,A,H,-,A,D,0,,,,,Y,,D,22,1,1,0,0,0,0,0,0,0,"- ","- ",38.539638519287109,-122.64685821533203,SONOMA,UNINCORPORATED,-122.64722442626953,38.53985595703125
91034924,2019,2019-07-22,9325,2019-07-13,0825,019590,,6,1,9,4900,0,3,5,,2,005,"LOVALL VALLEY RD","WOOD VALLEY RD",1100.00,S,N,A,-,N,,,,,,,,,,N,2,0,1,1,A,-,03,22350,,N,F,A,A,A,A,-,A,D,0,,Y,,,Y,,L,04,1,0,0,0,0,0,1,0,0,"- ","- ",38.295551300048828,-122.41938018798828,SONOMA,UNINCORPORATED,-122.41905975341797,38.295696258544922
91041551,2019,2019-08-02,9360,2019-07-23,1950,016652,,2,2,9,4900,0,1,3,,1,021,SR-128,"IDA CLAYTON RD",13728.00,W,N,A,-,Y,,,128,,,,,,,Y,2,0,1,1,A,-,03,22350,,N,E,A,A,A,H,-,A,D,0,,,,,Y,,A,01,1,0,0,0,0,0,0,0,0,"- ","- ",38.648460388183594,-122.71826934814453,SONOMA,UNINCORPORATED,-122.71827697753906,38.648403167724609
91042793,2019,2019-07-31,9360,2019-07-09,0702,020266,,2,1,9,4900,0,3,5,,2,003,"OAK GROVE AVE",SR-116,1068.00,W,N,A,-,N,,,,,,,,,,Y,1,1,0,1,A,-,08,22107,,N,E,I,A,A,H,-,A,D,0,,,,,Y,,D,23,0,0,0,0,0,0,0,0,0,"- ","- ",38.432159423828125,-122.85993194580078,SONOMA,UNINCORPORATED,-122.85977200000001,38.432088999999998