CASE_ID,ACCIDENT_YEAR,PROC_DATE,JURIS,COLLISION_DATE,COLLISION_TIME,OFFICER_ID,REPORTING_DISTRICT,DAY_OF_WEEK,CHP_SHIFT,POPULATION,CNTY_CITY_LOC,SPECIAL_COND,BEAT_TYPE,CHP_BEAT_TYPE,CITY_DIVISION_LAPD,CHP_BEAT_CLASS,BEAT_NUMBER,PRIMARY_RD,SECONDARY_RD,DISTANCE,DIRECTION,INTERSECTION,WEATHER_1,WEATHER_2,STATE_HWY_IND,CALTRANS_COUNTY,CALTRANS_DISTRICT,STATE_ROUTE,ROUTE_SUFFIX,POSTMILE_PREFIX,POSTMILE,LOCATION_TYPE,RAMP_INTERSECTION,SIDE_OF_HWY,TOW_AWAY,COLLISION_SEVERITY,NUMBER_KILLED,NUMBER_INJURED,PARTY_COUNT,PRIMARY_COLL_FACTOR,PCF_CODE_OF_VIOL,PCF_VIOL_CATEGORY,PCF_VIOLATION,PCF_VIOL_SUBSECTION,HIT_AND_RUN,TYPE_OF_COLLISION,MVIW,PED_ACTION,ROAD_SURFACE,ROAD_COND_1,ROAD_COND_2,LIGHTING,CONTROL_DEVICE,CHP_ROAD_TYPE,PEDESTRIAN_ACCIDENT,BICYCLE_ACCIDENT,MOTORCYCLE_ACCIDENT,TRUCK_ACCIDENT,NOT_PRIVATE_PROPERTY,ALCOHOL_INVOLVED,STWD_VEHTYPE_AT_FAULT,CHP_VEHTYPE_AT_FAULT,COUNT_SEVERE_INJ,COUNT_VISIBLE_INJ,COUNT_COMPLAINT_PAIN,COUNT_PED_KILLED,COUNT_PED_INJURED,COUNT_BICYCLIST_KILLED,COUNT_BICYCLIST_INJURED,COUNT_MC_KILLED,COUNT_MC_INJURED,PRIMARY_RAMP,SECONDARY_RAMP,LATITUDE,LONGITUDE,COUNTY,CITY,POINT_X,POINT_Y
91043160,2019,2019-08-01,9360,2019-07-24,1140,016524,,3,1,9,4900,0,3,5,,2,002,"SR-128 W/B","NAPA CO. LINE",1056.00,W,N,A,-,Y,,,,,,,,,,Y,2,0,1,1,A,-,08,22107,,N,F,I,A,A,H,-,A,D,0,,,Y,,Y,,C,02,1,0,0,0,0,0,0,0,1,"- ","- ",38.601409912109375,-122.63697052001953,SONOMA,UNINCORPORATED,,
91044841,2019,2019-08-05,9325,2019-07-25,0520,019074,,4,3,9,4900,0,2,4,,1,055,"NAPA RD","ARROWHEAD MTN RD",24.00,E,N,A,-,N,,,,,,,,,,Y,2,0,1,1,A,-,08,22107,,N,E,I,A,A,H,-,D,D,0,,,,,Y,,A,01,1,0,0,0,0,0,0,0,0,"- ","- ",38.261810302734375,-122.39904022216797,SONOMA,UNINCORPORATED,-122.399143,38.261738000000001
91050745,2019,2019-08-13,9360,2019-08-06,1240,016524,,2,1,9,4900,0,3,5,,2,002,"PINE FLAT RD","RED WINERY RD",25344.00,E,N,A,-,N,,,,,,,,,,N,2,0,1,2,A,-,05,21650,,N,B,G,A,A,H,-,A,D,0,,Y,,,Y,,A,07,1,0,0,0,0,0,1,0,0,"- ","- ",38.710689544677734,-122.76284027099609,SONOMA,UNINCORPORATED,-122.76272583007812,38.710941314697266
91051047,2019,2019-08-13,9360,2019-04-05,2130,020803,,5,2,9,4900,0,3,5,,2,006,"BOHAN DILLON RD","ROSS FORRY RD",910.00,S,N,B,C,N,,,,,,,,,,Y,1,1,1,1,A,-,08,22107,,N,F,A,A,D,H,-,D,D,0,,,,,Y,,D,22,1,0,0,0,0,0,0,0,0,"- ","- ",38.576229095458984,-123.25061798095703,SONOMA,UNINCORPORATED,,
91059646,2019,2019-08-26,9360,2019-08-19,1405,016045,,1,2,9,4900,0,1,2,,2,050,"U.S.-101 S/B TO ROHNERT PARK EXPRESSWAY","ROHNERT PARK EXPY",350.00,N,N,A,-,Y,,,,,,,,,,Y,2,0,1,1,A,-,01,23152,F,N,E,I,A,A,H,-,A,D,0,,,Y,,Y,,C,02,1,0,0,0,0,0,0,0,1,"- ","- ",38.349380493164062,-122.71385955810547,SONOMA,UNINCORPORATED,-122.71320343017578,38.349441528320312
91064566,2019,2020-12-28,9360,2019-08-17,1435,021456,,6,2,9,4900,0,2,4,,1,047,"LAKEVILLE HIGHWAY","SILVA RD",1584.00,N,N,A,-,N,,,,,,,,,,N,2,0,2,2,A,-,03,22350,,N,F,A,A,A,H,-,A,D,0,,,Y,,Y,,C,02,1,1,0,0,0,0,0,0,2,"- ","- ",38.142009735107422,-122.48240661621094,SONOMA,UNINCORPORATED,-122.48243100000001,38.142200000000003
91075331,2019,2019-09-16,9360,2019-09-08,1230,020803,,7,1,9,4900,0,1,3,,1,061,SR-1,"CARLEVARO WAY",0.00,,Y,A,-,Y,,,1,,,,,,,Y,2,0,2,2,A,-,08,22107,,N,D,C,A,A,H,-,A,D,0,,,Y,,Y,,A,01,1,0,1,0,0,0,0,0,1,"- ","- ",38.411800384521484,-123.09845733642578,SONOMA,UNINCORPORATED,-123.09847259521484,38.411796569824219
91077152,2019,2019-09-18,9360,2019-09-11,1240,016524,,3,1,9,4900,0,1,3,,1,021,"SR-128 W/B","HOGWARTS RD",10560.00,W,N,A,-,Y,,,128,,,,,,W,Y,2,0,1,1,A,-,03,22350,,N,F,J,A,A,H,-,A,D,0,,,Y,,Y,,C,02,1,0,0,0,0,0,0,0,1,"- ","- ",38.841899871826172,-123.06147766113281,SONOMA,UNINCORPORATED,-123.06147766113281,38.841899871826172
91085286,2019,2019-09-27,9360,2019-09-19,2210,022333,,4,3,9,4900,0,1,2,,1,010,"US-101 N/B","ZANZI LN",1600.00,S,N,A,-,Y,,,101,,,,,,N,Y,2,0,1,1,A,-,01,23152,F,N,E,I,A,A,H,-,D,D,0,,,,,Y,,A,07,1,0,0,0,0,0,0,0,0,"- ","- ",38.737579345703125,-122.94589996337891,SONOMA,UNINCORPORATED,-122.94598388671875,38.737541198730469
91088494,2019,2019-10-02,9360,2019-09-25,1340,016652,,3,1,9,4900,0,2,4,,1,012,"CANYON RD","DRY CREEK RD",14784.00,E,N,A,-,N,,,,,,,,,,Y,2,0,1,1,C,-,18,,,N,E,I,A,A,H,-,A,D,0,,,,,Y,,-,"- ",1,0,0,0,0,0,0,0,0,"- ","- ",38.704601287841797,-122.94216156005859,SONOMA,UNINCORPORATED,-122.91750335693359,38.714561462402344
91089107,2019,2019-10-02,9360,2019-09-27,1529,021989,,5,2,5,4908,0,1,2,,1,060,"US-101 S/B E. WASHINGTON OFF-RAMP","E WASHINTON",200.00,N,N,B,-,Y,,,101,,,,,,S,Y,2,0,1,1,A,-,03,22350,,N,F,A,A,A,H,-,A,D,0,,,Y,,Y,,C,02,1,0,0,0,0,0,0,0,1,"- ","- ",38.247058868408203,-122.62875366210938,SONOMA,PETALUMA,-122.62865447998047,38.247234344482422
91089535,2019,2019-10-03,9360,2019-09-27,1742,021437,,5,2,9,4900,0,1,2,,2,040,"US-101 N/B","TODD RD",1584.00,N,N,A,-,Y,,,101,,,,,,N,Y,2,0,1,2,A,-,03,22350,,N,C,C,A,A,H,-,A,D,0,,,Y,,Y,,C,02,1,0,0,0,0,0,0,0,1,"- ","- ",38.392799377441406,-122.71605682373047,SONOMA,UNINCORPORATED,-122.71602630615234,38.392799377441406
91099506,2019,2019-10-17,9360,2019-10-13,1600,021456,,7,2,9,4900,0,3,5,,2,003,"SR-116 (POCKET CANYON HWY)","SKYLINE RANCH ROAD",300.00,E,N,A,-,Y,,,116,,,,,,,Y,2,0,1,1,A,-,01,23152,F,N,E,I,A,A,H,-,A,D,0,,,,,Y,,A,01,1,0,0,0,0,0,0,0,0,"- ","- ",38.476039886474609,-122.92839813232422,SONOMA,UNINCORPORATED,-122.92839813232422,38.476058959960938
91100836,2019,2019-10-18,9325,2019-10-05,1545,021385,,6,2,9,4900,0,1,3,,1,063,SR-12,"SIESTA WAY",51.00,E,N,A,-,Y,,,12,,,,,,,N,2,0,1,2,A,-,08,22107,,N,B,C,A,A,H,-,A,D,0,,,Y,,Y,,C,02,1,0,0,0,0,0,0,0,1,"- ","- ",38.308361053466797,-122.47863006591797,SONOMA,UNINCORPORATED,-122.47859954833984,38.308376312255859
91102342,2019,2019-10-22,9325,2019-10-09,1805,019847,,3,2,9,4900,0,1,3,,1,053,SR-116,"WATMAUGH RD",410.00,E,N,A,-,Y,,,116,,,,,,,Y,2,0,2,4,A,-,01,23152,A,N,C,C,A,A,H,-,A,D,0,,,,,Y,Y,D,22,1,0,1,0,0,0,0,0,0,"- ","- ",38.252590179443359,-122.48822784423828,SONOMA,UNINCORPORATED,-122.48823547363281,38.252616882324219
91107495,2019,2019-10-28,9360,2019-10-12,2315,022062,,6,3,9,4900,0,1,3,,1,041,SR-12,"GREENE ST.",13.00,E,N,A,-,Y,,,12,,,,,,,N,2,0,1,3,A,-,11,21954,A,F,G,B,D,A,H,-,D,D,0,Y,,,,Y,,A,07,1,0,0,0,1,0,0,0,0,"- ","- ",38.420799255371094,-122.55272674560547,SONOMA,UNINCORPORATED,-122.55271148681641,38.420818328857422
91112981,2019,2021-01-27,9360,2019-10-22,1950,020285,,2,2,9,4900,0,2,4,,1,024,"MARK WEST SPRINGS RD","QUIETWATER RD",0.00,,Y,A,-,N,,,,,,,,,,Y,2,0,1,2,A,-,21,22106,,N,D,C,A,A,H,-,D,D,0,,,Y,,Y,,A,01,1,0,0,0,0,0,0,0,1,"- ","- ",38.505039215087891,-122.73307800292969,SONOMA,UNINCORPORATED,-122.73259735107422,38.505268096923828
91114289,2019,2019-11-06,9325,2019-10-27,1657,019074,,7,2,9,4900,0,2,4,,1,064,"VERANO AVE","ARNOLD DR",0.00,,Y,A,-,N,,,,,,,,,,Y,2,0,1,2,A,-,17,21451,A,N,D,G,A,A,H,-,A,A,0,,Y,,,Y,,A,07,1,0,0,0,0,0,1,0,0,"- ","- ",38.299789428710938,-122.49246978759766,SONOMA,UNINCORPORATED,-122.49246215820312,38.299819946289062
91116589,2019,2019-11-08,9360,2019-08-27,1605,016045,,2,2,9,4900,0,2,4,,2,056,"STONY POINT RD","RAILROAD AVE",1320.00,N,N,A,-,N,,,,,,,,,,Y,1,1,1,2,A,-,05,21460,A,N,A,C,A,A,H,-,A,D,0,,,,,Y,,A,07,0,1,0,0,0,0,0,0,0,"- ","- ",38.307090759277344,-122.7109375,SONOMA,UNINCORPORATED,-122.71627044677734,38.301368713378906
91117773,2019,2019-11-12,9360,2019-11-08,0350,021567,,5,3,9,4900,0,1,3,,1,051,"SR-12 W/B","IRWIN LN",2640.00,E,N,E,-,Y,,,12,,,,,,W,Y,2,0,2,2,A,-,08,22107,,N,A,C,A,B,H,-,D,D,0,,,,,Y,,A,01,2,0,0,0,0,0,0,0,0,"- ","- ",38.417560577392578,-122.78495788574219,SONOMA,UNINCORPORATED,-122.78494262695312,38.417526245117188
91118172,2019,2019-11-12,9360,2019-11-09,1310,19366,,6,1,9,4900,0,2,4,,1,024,"PORTER CREEK RD","LESLIE RD",211.00,E,N,A,-,N,,,,,,,,,,Y,2,0,1,1,A,-,01,23152,A,N,E,I,A,A,H,-,A,D,0,,,,,Y,Y,A,07,1,0,0,0,0,0,0,0,0,"- ","- ",38.549770355224609,-122.71848297119141,SONOMA,UNINCORPORATED,-122.7183837890625,38.549774169921875
9112656,2020,2020-09-08,4908,2020-06-15,1101,1944,7,1,5,5,4908,0,0,0,,0,004,"OLD REDWOOD HWY","NORTH MCDOWELL BL",50.00,S,N,A,-,N,,,,,,,,,,Y,2,0,2,4,A,-,03,22350,,N,C,C,A,A,H,-,A,A,0,,,,,Y,,A,01,1,0,1,0,0,0,0,0,0,"- ","- ",38.280479431152344,-122.668212890625,SONOMA,PETALUMA,-122.66933441162109,38.275482177734375
91137364,2019,2019-12-06,9360,2019-11-30,1440,019083,,6,2,9,4900,0,1,3,,1,061,SR-1,"BURKE AVE",5280.00,N,N,C,G,Y,,,1,,,,,,,Y,2,0,1,1,A,-,03,22350,,N,F,A,A,B,H,-,A,D,0,,,,,Y,,D,22,1,0,0,0,0,0,0,0,0,"- ","- ",38.455089569091797,-123.13352966308594,SONOMA,UNINCORPORATED,-123.13356018066406,38.4552001953125
91138072,2019,2019-12-06,9325,2019-11-06,0915,021605,,3,1,9,4900,0,1,3,,1,063,"SR-12 W/B","MADRONE ROAD",392.00,E,N,A,-,Y,,,12,,,,,,W,Y,1,1,0,2,A,-,08,22107,,N,H,G,A,A,H,-,A,D,0,,Y,,,Y,,L,04,0,0,0,0,0,1,0,0,0,"- ","- ",38.343479156494141,-122.49752044677734,SONOMA,UNINCORPORATED,-122.49750518798828,38.343490600585938
91140280,2019,2019-12-10,9360,2019-12-02,1820,022371,,1,2,9,4900,0,3,5,,2,004,"SANTA ROSA AVE","SHADY LN",47.00,N,N,B,-,N,,,,,,,,,,N,2,0,1,2,A,-,11,21954,A,N,G,B,D,A,H,-,C,A,0,Y,,,,Y,,N,60,1,0,0,0,1,0,0,0,0,"- ","- ",38.400531768798828,-122.71356201171875,SONOMA,UNINCORPORATED,-122.71350860595703,38.400520324707031
91144995,2019,2019-12-17,9360,2019-12-07,1720,020613,,6,2,9,4900,0,3,5,,2,004,"SANTA ROSA AVE","TODD RD",1056.00,S,N,C,-,N,,,,,,,,,,Y,2,0,1,2,A,-,11,21954,A,N,G,B,E,B,H,-,D,D,0,Y,,,,Y,,N,60,1,0,0,0,1,0,0,0,0,"- ","- ",38.384120941162109,-122.71363830566406,SONOMA,UNINCORPORATED,-122.71356964111328,38.384208679199219
91174435,2019,2020-01-27,9360,2019-08-15,1745,020285,,4,2,3,4903,0,3,5,,2,003,"WESTSIDE RD","W DRY CREEK RD",528.00,E,N,A,-,N,,,,,,,,,,N,1,1,0,2,A,-,03,22350,,F,C,G,A,A,H,-,A,D,0,,Y,,,Y,,-,99,0,0,0,0,0,1,0,0,0,"- ","- ",38.604358673095703,-122.88287353515625,SONOMA,HEALDSBURG,-122.88327789306641,38.604221343994141
91179437,2020,2020-02-04,9360,2020-01-24,0727,020613,,5,1,6,4905,0,1,3,,1,051,"SR-12 E/B","OLIVE ST",750.00,W,N,B,-,Y,,,12,,,,,,E,Y,2,0,1,7,A,-,08,22107,,N,C,C,A,B,H,-,A,D,0,,,,,Y,,D,23,1,0,0,0,0,0,0,0,0,"- ","- ",38.433238983154297,-122.72154998779297,SONOMA,"SANTA ROSA",-122.72154998779297,38.433216094970703
91183793,2020,2020-02-10,9360,2020-02-05,1955,016045,,3,2,9,4900,0,1,3,,1,053,S.R.-116,"GILCHRIST RD.",1584.00,E,N,A,-,Y,,,,,,,,,,N,2,0,1,2,A,-,03,22350,,N,C,G,A,A,H,-,D,D,0,,Y,,Y,Y,Y,G,27,1,0,0,0,0,0,1,0,0,"- ","- ",38.340099334716797,-122.75173187255859,SONOMA,UNINCORPORATED,,
91193456,2020,2020-02-25,9360,2020-02-20,0930,015434,,4,1,9,4900,0,1,3,,1,051,"STATE ROUTE 12","LLANO RD.",1056.00,W,N,A,-,Y,,,12,,,,,,,Y,2,0,1,2,A,-,05,21460,C,N,A,C,A,A,H,-,A,D,0,,,,,Y,,D,22,1,0,0,0,0,0,0,0,0,"- ","- ",38.409698486328125,-122.79844665527344,SONOMA,UNINCORPORATED,-122.7984619140625,38.409717559814453
91194219,2020,2020-02-26,9360,2020-02-18,0712,015812,,2,1,9,4900,0,1,2,,2,050,"US-101 S/B","WEST RAILROAD AVENUE (U/C)",1584.00,N,N,A,-,Y,,,101,,,,,,S,Y,2,0,1,2,A,-,08,22107,,N,G,B,F,A,C,-,A,D,0,Y,,,,Y,,A,01,1,0,0,0,1,0,0,0,0,"- ","- ",38.308261871337891,-122.71234130859375,SONOMA,UNINCORPORATED,-122.71227264404297,38.308315277099609
91202868,2020,2020-03-06,9360,2020-02-16,0128,022146,,7,3,9,4900,0,1,2,,2,030,"US-101 S/B","FULTON RD O/C",1109.00,S,N,A,-,Y,,,101,,,,,,S,Y,2,0,3,2,A,-,01,23152,A,N,C,C,A,A,H,-,D,D,0,,,,,Y,Y,A,01,1,2,0,0,0,0,0,0,0,"- ","- ",38.502899169921875,-122.76519775390625,SONOMA,UNINCORPORATED,-122.76523590087891,38.502853393554688
91215416,2019,2020-03-25,9360,2019-11-16,1730,019794,,6,2,9,4900,0,3,5,,2,002,"GEYSERS RD","PRESTON DR",2640.00,S,N,A,-,N,,,,,,,,,,Y,1,1,0,1,A,-,08,22107,,N,E,I,A,A,H,-,A,D,0,,,Y,,Y,,C,02,0,0,0,0,0,0,0,1,0,"- ","- ",38.838569641113281,-123.01606750488281,SONOMA,UNINCORPORATED,-123.01658630371094,38.839614868164062
91220931,2020,2020-04-06,9360,2020-02-14,0829,016660,,5,1,9,4900,0,3,5,,2,005,"CANFIELD ROAD","BLANK RD",2112.00,N,N,B,-,N,,,,,,,,,,N,1,1,0,2,A,-,03,22350,,N,F,A,A,A,H,-,A,D,0,,,Y,Y,Y,,C,02,0,0,0,0,0,0,0,1,0,"- ","- ",38.344409942626953,-122.80690002441406,SONOMA,UNINCORPORATED,-122.80625915527344,38.343753814697266
91226819,2020,2020-04-17,9360,2020-02-27,0550,014998,,4,3,9,4900,0,1,2,,1,010,"US 101 (N/B)","ASTI STORE RD",1056.00,N,N,A,-,Y,,,,,,,,,,Y,1,1,1,1,A,-,08,22107,,N,E,I,A,A,H,-,D,D,0,,,,,Y,,A,01,0,1,0,0,0,0,0,0,0,"- ","- ",38.761539459228516,-122.98259735107422,SONOMA,UNINCORPORATED,,
91229681,2020,2020-04-27,9360,2020-04-22,1635,021445,,3,2,9,4900,0,2,4,,1,044,"LAKEVILLE HIGHWAY","OLD LAKEVILLE ROAD NO 2",350.00,N,N,A,-,N,,,,,,,,,,Y,2,0,1,2,A,-,03,22350,,N,C,C,A,A,H,-,A,D,0,,,Y,,Y,,C,02,1,0,0,0,0,0,0,0,1,"- ","- ",38.192569732666016,-122.54331207275391,SONOMA,UNINCORPORATED,-122.54338836669922,38.192825317382812
91231288,2020,2020-04-30,9360,2020-04-29,1240,018881,,3,1,9,4900,0,1,3,,1,061,"STEWARTS POINT-SKAGGS SPRINGS ROAD","TIN BARN ROAD",3168.00,W,N,B,-,N,,,,,,,,,,Y,2,0,1,1,A,-,08,22107,,N,F,A,A,A,H,-,A,D,0,,,Y,,Y,,C,02,1,0,0,0,0,0,0,0,1,"- ","- ",38.707099914550781,-123.38072204589844,SONOMA,UNINCORPORATED,-123.34775543212891,38.655635833740234
91234481,2020,2020-05-06,9360,2020-05-04,1555,018881,,1,2,9,4900,0,1,3,,1,061,SR-1,"KRUSE RANCH ROAD",16368.00,S,N,A,-,Y,,,1,,,,,,,Y,2,0,1,1,A,-,08,22107,,N,F,A,A,A,H,-,A,D,0,,,,,Y,,A,01,1,0,0,0,0,0,0,0,0,"- ","- ",38.567729949951172,-123.31918334960938,SONOMA,UNINCORPORATED,-123.31924438476562,38.567745208740234
91235825,2020,2020-05-15,9360,2020-04-30,0940,015187,,4,1,9,4900,0,1,2,,2,030,"US-101 S/B","RIVER RD",150.00,S,N,A,-,Y,,,101,,,,,,S,Y,2,0,7,2,A,-,07,21658,A,N,B,C,A,A,H,-,A,D,0,,,,Y,Y,,F,26,1,2,4,0,0,0,0,0,0,"- ","- ",38.495811462402344,-122.755859375,SONOMA,UNINCORPORATED,-122.75588226318359,38.495780944824219
91236365,2020,2020-06-01,9325,2020-05-07,1500,020829,,4,2,9,4900,0,2,4,,2,054,"ARNOLD DRIVE","AVENIDA SEBASTIANI",250.00,N,N,A,-,N,,,,,,,,,,Y,1,1,0,1,A,-,08,22107,,N,E,I,A,A,H,-,A,D,0,,,,,Y,,A,01,0,0,0,0,0,0,0,0,0,"- ","- ",38.264659881591797,-122.48696136474609,SONOMA,UNINCORPORATED,-122.48687744140625,38.264453887939453
91240446,2020,2020-05-20,9325,2020-05-08,2120,021385,,5,2,9,4900,0,1,3,,1,063,SR-12,"CALLE DEL MONTE",150.00,E,N,A,-,Y,,,12,,,,,,,N,2,0,1,2,A,-,11,21950,B,N,G,B,D,A,H,-,C,D,0,Y,,,,Y,Y,N,60,1,0,0,0,1,0,0,0,0,"- ","- ",38.311740875244141,-122.48040771484375,SONOMA,UNINCORPORATED,-122.48040008544922,38.311744689941406
91241345,2020,2020-05-22,9360,2020-04-02,0720,014998,,4,1,9,4900,0,1,3,,1,041,SR-12,"OAKMONT DRIVE",0.00,,Y,A,-,Y,,,12,,,,,,,Y,1,1,0,2,A,-,01,23152,F,N,D,C,A,A,H,-,A,A,0,,,,Y,Y,,G,26,0,0,0,0,0,0,0,0,0,"- ","- ",38.445220947265625,-122.60501861572266,SONOMA,UNINCORPORATED,-122.60501098632812,38.445236206054688
91251621,2020,2020-06-15,9360,2020-06-07,0400,022323,,7,3,6,4905,0,1,2,,2,030,"US-101 N/B","AIRPORT BLVD",279.00,N,N,A,-,Y,,,,,,,,,,Y,2,0,1,2,A,-,01,23152,A,N,C,C,A,A,H,-,D,D,0,,,,,Y,Y,A,01,1,0,0,0,0,0,0,0,0,"- ","- ",38.513359069824219,-122.77787017822266,SONOMA,"SANTA ROSA",-122.77634429931641,38.511997222900391
91263618,2020,2020-07-06,9360,2020-06-29,0020,020905,,1,3,9,4900,0,2,4,,1,024,"CALISTOGA ROAD","ALPINE ROAD",160.00,S,N,A,-,N,,,,,,,,,,Y,2,0,1,1,A,-,01,23152,A,N,F,A,A,A,H,-,D,D,0,,,,,Y,Y,A,07,1,0,0,0,0,0,0,0,0,"- ","- ",38.518939971923828,-122.65702056884766,SONOMA,UNINCORPORATED,-122.65708160400391,38.518943786621094
91263695,2020,2020-07-06,9360,2020-06-30,1737,021314,,2,2,9,4900,0,2,4,,1,032,"RIVER ROAD","OLIVET ROAD",290.00,W,N,A,-,N,,,,,,,,,,Y,2,0,1,2,A,-,05,21460,A,N,A,C,A,A,H,-,A,D,0,,,,,Y,,D,22,1,0,0,0,0,0,0,0,0,"- ","- ",38.483860015869141,-122.82074737548828,SONOMA,UNINCORPORATED,-122.82086944580078,38.483833312988281
91265041,2020,2020-07-08,9360,2020-07-07,1520,015552,,2,2,9,4900,0,1,3,,1,063,SR-1,"SMITH BROTHER RD",255.00,S,N,A,-,Y,,,1,,,,,,,N,2,0,1,1,A,-,08,22107,,N,F,A,A,A,H,-,A,D,0,,Y,,,Y,,L,04,1,0,0,0,0,0,1,0,0,"- ","- ",38.322231292724609,-123.03636932373047,SONOMA,UNINCORPORATED,-123.03633880615234,38.322257995605469
91268726,2020,2020-07-15,9360,2020-07-08,2110,022113,,3,2,9,4900,0,3,5,,2,003,"COUNTRY CLUB DRIVE","OAK MEADOW DRIVE",109.00,S,N,A,-,N,,,,,,,,,,Y,2,0,1,2,A,-,01,23152,A,N,C,E,A,A,H,-,C,D,0,,,Y,,Y,Y,C,02,1,0,0,0,0,0,0,0,1,"- ","- ",38.435661315917969,-122.80030059814453,SONOMA,UNINCORPORATED,-122.80036163330078,38.435665130615234
91272013,2020,2020-07-21,9360,2020-07-14,1245,014998,,2,1,9,4900,0,1,2,,1,010,"US 101 (S/B)","1ST ST. UNDERCROSSING",446.00,N,N,A,-,Y,,,,,,,,,,Y,2,0,2,1,A,-,08,22107,,N,E,I,A,A,D,-,A,D,0,,,,,Y,,D,22,1,0,1,0,0,0,0,0,0,"- ","- ",38.809528350830078,-123.01194763183594,SONOMA,UNINCORPORATED,,
91280822,2020,2020-08-05,9360,2020-07-25,1630,022333,,6,2,9,4900,0,2,4,,1,032,"RIVER RD","ODD FELLOWS PARK RD",450.00,E,N,A,-,N,,,,,,,,,,Y,2,0,2,3,A,-,05,21460,A,N,B,C,A,A,H,-,A,D,0,,,,,Y,Y,A,01,1,1,0,0,0,0,0,0,0,"- ","- ",38.505741119384766,-122.95925140380859,SONOMA,UNINCORPORATED,-122.95992279052734,38.505786895751953
91283819,2020,2020-08-11,9360,2020-08-02,1305,020803,,7,1,9,4900,0,1,3,,1,063,SR-1,"SMITH BROTHER ROAD",300.00,S,N,A,-,Y,,,1,,,,,,,Y,2,0,1,3,A,-,03,22350,,N,C,C,A,A,H,-,A,D,0,,,Y,,Y,,A,01,1,0,0,0,0,0,0,0,1,"- ","- ",38.325130462646484,-123.03910064697266,SONOMA,UNINCORPORATED,-123.03910064697266,38.325130462646484
91288953,2020,2020-08-19,9360,2020-08-13,1330,022333,,4,1,9,4900,0,2,4,,1,034,"GUERNEVILLE RD","VINE HILL RD",1584.00,E,N,A,-,N,,,,,,,,,,Y,2,0,1,1,A,-,01,23152,A,N,E,I,A,A,H,-,A,D,0,,,,,Y,Y,A,07,1,0,0,0,0,0,0,0,0,"- ","- ",38.450870513916016,-122.85434722900391,SONOMA,UNINCORPORATED,-122.85588073730469,38.450798034667969
91289053,2020,2020-08-19,9360,2020-08-11,1645,021893,,2,2,9,4900,0,3,5,,2,001,"EASTSIDE RD","WINDSOR RIVER RD",550.00,S,N,A,-,N,,,,,,,,,,Y,2,0,1,1,A,-,01,23152,F,N,E,I,A,A,H,-,A,D,0,,,,,Y,,A,01,1,0,0,0,0,0,0,0,0,"- ","- ",38.539138793945312,-122.84649658203125,SONOMA,UNINCORPORATED,-122.84618377685547,38.5460205078125
91290665,2020,2020-08-24,9360,2020-08-14,1440,022371,,5,2,9,4900,0,3,5,,2,003,"OCCIDENTAL RD","MILL STATION RD",0.00,,Y,A,-,N,,,,,,,,,,Y,2,0,1,2,A,-,03,22350,,N,C,C,A,A,H,-,A,D,0,,,,,Y,,D,22,1,0,0,0,0,0,0,0,0,"- ","- ",38.420089721679688,-122.87454223632812,SONOMA,UNINCORPORATED,-122.87474822998047,38.419990539550781
91290730,2020,2020-08-24,9360,2020-08-12,2319,021458,,3,3,6,4905,0,1,2,,2,040,"US-101 S/B TO SR-12","SR-12 W/B O/C",400.00,N,N,A,-,Y,,,101,,,,R,,S,Y,2,0,1,1,A,-,01,23152,F,N,E,I,A,A,H,-,C,D,0,,,Y,,Y,,C,02,1,0,0,0,0,0,0,0,1,"- ","- ",38.433048248291016,-122.71703338623047,SONOMA,"SANTA ROSA",-122.71703338623047,38.433048248291016
91293452,2020,2020-09-17,9360,2020-08-22,1905,016045,,6,2,9,4900,0,3,5,,2,005,"ARLINGTON AVE","SCENIC AVE",760.00,S,N,A,-,N,,,,,,,,,,N,2,0,1,2,A,-,01,23152,A,N,C,C,A,A,H,-,A,D,0,,,Y,,Y,Y,C,02,1,0,0,0,0,0,0,0,1,"- ","- ",38.373920440673828,-122.75417327880859,SONOMA,UNINCORPORATED,-122.75415802001953,38.373981475830078
91299213,2020,2020-09-11,9360,2020-08-01,1318,016652,,6,1,9,4900,0,1,2,,1,010,"US-101 S/B","DUTCHER CREEK RD",200.00,N,N,A,-,Y,,,101,,,,,,S,Y,1,1,0,2,A,-,08,22107,,N,E,I,A,A,H,-,A,D,0,,,Y,,Y,Y,A,01,0,0,0,0,0,0,0,1,0,"- ","- ",38.770641326904297,-122.99771881103516,SONOMA,UNINCORPORATED,-122.99768829345703,38.770664215087891