CASE_ID,ACCIDENT_YEAR,PROC_DATE,JURIS,COLLISION_DATE,COLLISION_TIME,OFFICER_ID,REPORTING_DISTRICT,DAY_OF_WEEK,CHP_SHIFT,POPULATION,CNTY_CITY_LOC,SPECIAL_COND,BEAT_TYPE,CHP_BEAT_TYPE,CITY_DIVISION_LAPD,CHP_BEAT_CLASS,BEAT_NUMBER,PRIMARY_RD,SECONDARY_RD,DISTANCE,DIRECTION,INTERSECTION,WEATHER_1,WEATHER_2,STATE_HWY_IND,CALTRANS_COUNTY,CALTRANS_DISTRICT,STATE_ROUTE,ROUTE_SUFFIX,POSTMILE_PREFIX,POSTMILE,LOCATION_TYPE,RAMP_INTERSECTION,SIDE_OF_HWY,TOW_AWAY,COLLISION_SEVERITY,NUMBER_KILLED,NUMBER_INJURED,PARTY_COUNT,PRIMARY_COLL_FACTOR,PCF_CODE_OF_VIOL,PCF_VIOL_CATEGORY,PCF_VIOLATION,PCF_VIOL_SUBSECTION,HIT_AND_RUN,TYPE_OF_COLLISION,MVIW,PED_ACTION,ROAD_SURFACE,ROAD_COND_1,ROAD_COND_2,LIGHTING,CONTROL_DEVICE,CHP_ROAD_TYPE,PEDESTRIAN_ACCIDENT,BICYCLE_ACCIDENT,MOTORCYCLE_ACCIDENT,TRUCK_ACCIDENT,NOT_PRIVATE_PROPERTY,ALCOHOL_INVOLVED,STWD_VEHTYPE_AT_FAULT,CHP_VEHTYPE_AT_FAULT,COUNT_SEVERE_INJ,COUNT_VISIBLE_INJ,COUNT_COMPLAINT_PAIN,COUNT_PED_KILLED,COUNT_PED_INJURED,COUNT_BICYCLIST_KILLED,COUNT_BICYCLIST_INJURED,COUNT_MC_KILLED,COUNT_MC_INJURED,PRIMARY_RAMP,SECONDARY_RAMP,LATITUDE,LONGITUDE,COUNTY,CITY,POINT_X,POINT_Y
91300160,2020,2020-09-18,9360,2020-06-27,2235,021567,,6,3,3,4980,0,1,2,,2,030,"US-101 N/B","ARATA LN",4224.00,S,N,A,-,Y,,,101,,,,,,N,Y,1,1,1,2,A,-,11,21954,A,N,G,B,E,A,H,-,D,D,0,Y,,,,Y,Y,N,60,0,0,1,1,0,0,0,0,0,"- ","- ",38.552478790283203,-122.81382751464844,SONOMA,WINDSOR,-122.81381988525391,38.552490234375
91303752,2020,2020-09-14,9360,2020-09-06,1215,019083,,7,1,9,4900,0,3,5,,2,006,"BAY HILL ROAD","BREAKERS LN",150.00,E,N,A,-,N,,,,,,,,,,N,2,0,1,1,A,-,03,22350,,N,F,A,A,A,H,-,A,D,0,,Y,,,Y,,L,04,1,0,0,0,0,0,1,0,0,"- ","- ",38.343940734863281,-123.04408264160156,SONOMA,UNINCORPORATED,-123.044032,38.343950999999997
91308683,2020,2020-09-22,9360,2020-09-19,0952,020225,,6,1,9,4900,0,3,5,,2,002,"LAVELL RD","NOONAN RANCH LN",350.00,S,N,A,-,N,,,,,,,,,,N,2,0,1,2,A,-,11,21950,B,N,G,B,B,A,H,-,A,D,0,Y,,,,Y,,N,60,1,0,0,0,1,0,0,0,0,"- ","- ",38.501178741455078,-122.76013946533203,SONOMA,UNINCORPORATED,-122.76006317138672,38.501819610595703
91309002,2020,2020-09-22,9360,2020-08-15,2215,022146,,6,3,9,4900,0,2,4,,1,038,"BOHEMIAN HIGHWAY","OCCIDENTIAL CAMP MEEKER ROAD",132.00,N,N,A,-,N,,,,,,,,,,Y,1,1,0,2,A,-,11,21954,A,N,G,B,E,A,H,-,D,D,0,Y,,,,Y,Y,N,60,0,0,0,1,0,0,0,0,0,"- ","- ",38.411861419677734,-122.95050811767578,SONOMA,UNINCORPORATED,-122.95044708251953,38.411766052246094
91318197,2020,2020-11-09,9360,2020-09-26,1555,022333,,6,2,9,4900,0,1,3,,1,021,SR-128,"BRIGGS RANCH RD",245.00,E,N,A,-,Y,,,128,,,,,,,Y,2,0,2,1,A,-,01,23152,A,N,E,J,A,A,H,-,A,D,0,,,,,Y,Y,A,01,1,1,0,0,0,0,0,0,0,"- ","- ",38.65032958984375,-122.73629760742188,SONOMA,UNINCORPORATED,-122.73629760742188,38.650348663330078
91318401,2020,2020-10-06,9360,2020-09-27,1330,022371,,7,1,9,4900,0,3,5,,2,003,"SLUSSER RD","STEELE RANCH RD",289.00,S,N,A,-,N,,,,,,,,,,Y,2,0,1,1,A,-,03,22350,,N,F,A,A,A,H,-,A,D,0,,,Y,,Y,,C,02,1,0,0,0,0,0,0,0,1,"- ","- ",38.495689392089844,-122.82640838623047,SONOMA,UNINCORPORATED,,
91323288,2020,2020-10-14,9360,2020-09-27,1300,020225,,7,1,3,4980,0,1,2,,2,020,"US-101 S/B","ARATA LN",2640.00,N,N,A,-,Y,,,101,,,,,,S,Y,2,0,1,1,A,-,08,22107,,N,E,I,A,A,H,-,A,D,0,,,,,Y,,A,07,1,0,0,0,0,0,0,0,0,"- ","- ",38.567970275878906,-122.82907867431641,SONOMA,WINDSOR,-122.82904815673828,38.568000793457031
91330840,2020,2020-10-26,9360,2020-10-17,1130,022333,,6,1,9,4900,0,2,4,,1,038,"BODEGA HWY","RAMSEY RD",0.00,,Y,A,-,N,,,,,,,,,,Y,2,0,1,2,A,-,05,21460,A,N,C,C,A,A,H,-,A,D,0,,,Y,,Y,,C,02,1,0,0,0,0,0,0,0,1,"- ","- ",38.377429962158203,-122.90129852294922,SONOMA,UNINCORPORATED,-122.90132141113281,38.377429962158203
91331869,2020,2020-10-27,9360,2020-10-22,1252,013838,,4,1,9,4900,0,1,2,,2,030,"4300 BARNS ROAD","RIVER ROAD",180.00,S,N,A,-,N,,,,,,,,,,N,2,0,1,2,D,-,00,,,N,B,G,A,A,H,-,A,D,0,,Y,,,Y,,-,"- ",1,0,0,0,0,0,1,0,0,"- ","- ",38.294300079345703,-122.45379638671875,SONOMA,UNINCORPORATED,-122.76060485839844,38.495906829833984
91335355,2020,2020-10-30,9360,2020-10-18,2315,022146,,7,3,9,4900,0,3,5,,2,001,"TIMBER COVE RD","SINGAIGO WAY",1584.00,N,N,A,-,N,,,,,,,,,,Y,2,0,2,1,A,-,01,23152,A,N,E,I,A,A,H,-,D,D,0,,,,,Y,Y,A,01,2,0,0,0,0,0,0,0,0,"- ","- ",38.551181793212891,-123.27339935302734,SONOMA,UNINCORPORATED,,
91335369,2020,2020-10-30,9360,2020-10-28,0155,020748,,3,3,9,4900,0,2,4,,1,042,"PETALUMA HILL RD","HUNTER LN",3168.00,N,N,A,-,N,,,,,,,,,,Y,2,0,2,1,A,-,01,23152,A,N,E,I,A,A,H,-,D,D,0,,,,,Y,Y,D,22,1,1,0,0,0,0,0,0,0,"- ","- ",38.393520355224609,-122.69252777099609,SONOMA,UNINCORPORATED,-122.69229125976562,38.392158508300781
91340917,2020,2020-12-03,9360,2020-07-07,1025,021893,,2,1,6,4905,0,1,3,,1,051,"SR-12 W/B","DUTTON AVE",1584.00,W,N,A,-,Y,,,12,,,,,,W,Y,1,1,0,2,A,-,08,22107,,N,E,J,A,A,H,-,A,D,0,,,,,Y,,A,01,0,0,0,0,0,0,0,0,0,"- ","- ",38.432308197021484,-122.73255920410156,SONOMA,"SANTA ROSA",-122.73255157470703,38.4322509765625
91348693,2020,2020-11-19,9360,2020-08-25,0540,021195,,2,3,9,4900,0,2,4,,1,044,"ADOBE ROAD","SONOMA MOUNTAIN ROAD",1056.00,E,N,A,-,N,,,,,,,,,,Y,1,1,1,2,A,-,01,23152,F,N,A,C,A,A,H,-,D,D,0,,,,,Y,,A,01,1,0,0,0,0,0,0,0,0,"- ","- ",38.273441314697266,-122.61717987060547,SONOMA,UNINCORPORATED,-122.61799621582031,38.27392578125
91356549,2020,2020-12-01,9360,2020-11-21,2345,022362,,6,3,9,4900,0,3,5,,2,003,"WINDSOR ROAD","SHILOH ROAD",134.00,S,N,A,-,N,,,,,,,,,,Y,2,0,2,1,A,-,03,22350,,N,E,I,A,A,H,-,C,A,0,,,,,Y,,A,08,1,1,0,0,0,0,0,0,0,"- ","- ",38.524368286132812,-122.8167724609375,SONOMA,UNINCORPORATED,-122.81681823730469,38.524452209472656
91360236,2020,2020-12-07,9360,2020-11-29,1255,019083,,7,1,9,4900,0,1,3,,1,063,SR-1,"WRIGHTS BEACH ENTRANCE",1584.00,N,N,A,-,Y,,,1,,,,,,,Y,2,0,2,2,A,-,05,21460,A,N,A,C,A,A,H,-,A,D,0,,,Y,,Y,,C,02,1,1,0,0,0,0,0,0,1,"- ","- ",38.405708312988281,-123.09564971923828,SONOMA,UNINCORPORATED,-123.09561157226562,38.405723571777344
91363304,2020,2020-12-10,9360,2020-12-07,1815,018881,,1,2,9,4900,0,1,3,,1,063,SR-1,"JOHNS STREET",6864.00,S,N,A,-,Y,,,1,,,,,,,Y,2,0,2,2,A,-,05,21460,A,N,A,C,A,A,H,-,D,D,0,,,,,Y,,A,01,1,0,1,0,0,0,0,0,0,"- ","- ",38.317298889160156,-122.89813995361328,SONOMA,UNINCORPORATED,-122.89815521240234,38.3172607421875
91366093,2020,2021-01-04,9360,2020-12-04,0220,022362,,5,3,9,4900,0,2,4,,1,012,"DRY CREEK RD","LYTTON SPRINGS RD",12672.00,N,N,A,-,N,,,,,,,,,,Y,2,0,2,1,A,-,01,23152,A,N,E,I,A,A,H,-,D,D,0,,,,,Y,,A,01,2,0,0,0,0,0,0,0,0,"- ","- ",38.674301147460938,-122.93678283691406,SONOMA,UNINCORPORATED,-122.93683624267578,38.674533843994141
91366595,2020,2020-12-14,9360,2020-12-09,0820,015552,,3,1,9,4900,0,1,3,,1,061,SR-1,"FORT ROSS RD",7022.00,S,N,A,-,Y,,,1,,,,,,,Y,2,0,1,1,A,-,08,22107,,N,F,I,A,A,H,-,A,D,0,,,,,Y,,A,01,1,0,0,0,0,0,0,0,0,"- ","- ",38.512191772460938,-123.23161315917969,SONOMA,UNINCORPORATED,-123.23159027099609,38.512210845947266
91399438,2021,2021-02-01,9325,2021-01-16,1850,022560,,6,2,9,4900,0,1,3,,1,072,SR-121,"POEHLMAN RD",157.00,N,N,A,-,Y,,,121,,,,,,,Y,2,0,1,2,A,-,01,23152,A,M,A,C,A,A,H,-,D,D,0,,,,,Y,Y,A,07,1,0,0,0,0,0,0,0,0,"- ","- ",38.251689910888672,-122.38720703125,SONOMA,UNINCORPORATED,-122.38720703125,38.251697540283203
91400378,2021,2021-02-02,9360,2021-01-29,1645,022323,,5,2,9,4900,0,2,4,,1,024,"MARK WEST SPRINGS RD","MARK WEST LANE",3168.00,E,N,B,-,N,,,,,,,,,,Y,2,0,1,1,A,-,08,22107,,N,E,J,A,A,H,-,A,D,0,,,,,Y,,D,22,1,0,0,0,0,0,0,0,0,"- ","- ",38.539169311523438,-122.72164916992188,SONOMA,UNINCORPORATED,-122.71934509277344,38.524166107177734
91401426,2021,2021-02-03,9360,2021-01-30,1400,019083,,6,2,9,4900,0,1,3,,1,061,SR-1,"FT ROSS ROAD",5808.00,N,N,A,-,Y,,,1,,,,,,,N,2,0,1,1,A,-,03,22350,,N,F,A,A,A,B,-,A,D,0,,Y,,,Y,,L,04,1,0,0,0,0,0,1,0,0,"- ","- ",38.525581359863281,-123.26284027099609,SONOMA,UNINCORPORATED,-123.26298522949219,38.525585174560547
91403054,2021,2021-02-05,9360,2021-01-31,1520,019083,,7,2,9,4900,0,1,3,,1,061,SR-1,"WOODSIDE CAMPGROUND",1320.00,S,N,B,-,Y,,,1,,,,,,,Y,2,0,3,2,A,-,05,21460,A,N,A,C,A,A,H,-,A,D,0,,,,,Y,,D,22,1,0,2,0,0,0,0,0,0,"- ","- ",38.565940856933594,-123.31936645507812,SONOMA,UNINCORPORATED,-123.31935119628906,38.565944671630859
91407734,2021,2021-02-12,9360,2021-01-14,1615,016045,,4,2,9,4900,0,2,4,,1,044,"ADOBE RD","DAVIS LN",386.00,E,N,A,-,N,,,,,,,,,,Y,1,1,1,4,A,-,01,23152,A,N,C,C,A,A,H,-,A,A,0,,,,,Y,Y,A,01,0,1,0,0,0,0,0,0,0,"- ","- ",38.296588897705078,-122.65830230712891,SONOMA,UNINCORPORATED,-122.65847778320312,38.296642303466797
91427907,2021,2021-03-16,9360,2021-03-09,0026,020828,,2,3,6,4905,0,1,2,,2,040,"US-101 S/B","HEARN AVE",1350.00,S,N,A,-,Y,,,101,,,,,,S,Y,2,0,4,1,A,-,01,23152,A,N,E,I,A,A,H,-,C,D,0,,,,,Y,Y,D,22,1,0,3,0,0,0,0,0,0,"- ","- ",38.405601501464844,-122.71604919433594,SONOMA,"SANTA ROSA",-122.71620178222656,38.405601501464844
91435060,2021,2021-03-25,9360,2021-03-13,1345,021314,,6,1,9,4900,0,3,5,,2,005,"BARNETT VALLEY ROAD","BURNSIDE ROAD",1670.00,E,N,A,-,N,,,,,,,,,,N,2,0,1,1,C,-,18,,,N,F,J,A,A,A,-,A,D,0,,Y,,,Y,,-,"- ",1,0,0,0,0,0,1,0,0,"- ","- ",38.365890502929688,-122.87043762207031,SONOMA,UNINCORPORATED,-122.87086486816406,38.365554809570312
91446839,2021,2021-04-09,9360,2021-04-01,2020,019794,,4,2,9,4900,0,3,5,,2,003,"SANFORD RD","HALL RD",1056.00,S,N,A,-,N,,,,,,,,,,Y,2,0,1,1,A,-,01,23152,A,N,E,I,A,A,H,-,C,D,0,,,,,Y,Y,D,22,1,0,0,0,0,0,0,0,0,"- ","- ",38.434158325195312,-122.82518005371094,SONOMA,UNINCORPORATED,-122.82516479492188,38.434947967529297
91446860,2021,2021-04-09,9360,2021-04-01,1940,019359,,4,2,9,4900,0,1,2,,1,010,"US-101 S/B","ASTI POST OFFICE RD",937.00,S,N,A,-,Y,,,101,,,,,,S,Y,2,0,1,1,A,-,01,23152,A,N,F,J,A,A,H,-,D,D,0,,,,,Y,Y,D,22,1,0,0,0,0,0,0,0,0,"- ","- ",38.757228851318359,-122.97299957275391,SONOMA,UNINCORPORATED,-122.97303771972656,38.757186889648438
91449034,2021,2021-04-13,9325,2021-03-31,1630,018954,,3,2,9,4900,0,3,5,,2,005,"LEVERONI ROAD","ARNOLD DRIVE",3160.00,E,N,A,-,N,,,,,,,,,,Y,2,0,2,2,A,-,01,23152,A,N,A,C,A,A,H,-,A,D,0,,,,,Y,Y,A,01,2,0,0,0,0,0,0,0,0,"- ","- ",38.274871826171875,-122.48146057128906,SONOMA,UNINCORPORATED,-122.48104858398438,38.274997711181641
91456346,2021,2021-04-22,9360,2021-04-21,1702,018828,,3,2,6,4905,0,1,2,,2,040,"US-101 S/B","COLLEGE AVE",300.00,S,N,A,-,Y,,,101,,,,,,S,Y,2,0,1,1,C,-,18,,,N,F,A,A,A,H,-,A,D,0,,,Y,,Y,,-,"- ",1,0,0,0,0,0,0,0,1,"- ","- ",38.444931030273438,-122.72360229492188,SONOMA,"SANTA ROSA",-122.72351837158203,38.444988250732422
91456395,2021,2021-04-22,9360,2021-04-08,1925,021314,,4,2,5,4908,0,2,S,,2,901,"CAULFIELD COURT","ELY BOULEVARD SOUTH",175.00,W,N,A,-,N,,,,,,,,,,Y,2,0,1,1,A,-,08,22107,,N,F,I,A,A,H,-,C,D,0,,,Y,,Y,,C,02,1,0,0,0,0,0,0,0,1,"- ","- ",38.249439239501953,-122.60774230957031,SONOMA,PETALUMA,-122.60772705078125,38.249538421630859
9146901,2020,2020-09-12,4905,2020-06-05,1750,SR502,10603,5,5,6,4905,0,0,0,,0,003,"GUERNEVILLE RD","MARLOW RD",1036.00,W,N,A,-,N,,,,,,,,,,N,2,0,1,2,A,-,17,21209,A,N,G,G,A,A,H,-,A,D,0,,Y,,,Y,,A,01,1,0,0,0,0,0,1,0,0,"- ","- ",,,SONOMA,"SANTA ROSA",-122.75501251220703,38.45263671875
9146918,2020,2020-09-10,4905,2020-06-25,1000,SR347,10604,4,5,6,4905,0,0,0,,0,004,"4TH ST","FARMERS LN",700.00,W,N,A,-,N,,,,,,,,,,Y,2,0,1,2,A,-,09,21801,A,N,D,C,A,A,H,-,A,D,0,,,Y,,Y,,A,08,1,0,0,0,0,0,0,0,1,"- ","- ",,,SONOMA,"SANTA ROSA",-122.690887,38.449733999999999
91476467,2021,2021-05-27,9360,2021-05-14,1610,021458,,5,2,9,4900,0,2,4,,1,024,"MARK WEST SPRINGS ROAD","CRESTA ROAD",2112.00,S,N,A,-,N,,,,,,,,,,Y,2,0,4,2,A,-,08,22107,,N,A,C,A,A,H,-,A,D,0,,,,Y,Y,,F,26,3,0,1,0,0,0,0,0,0,"- ","- ",38.53765869140625,-122.72364044189453,SONOMA,UNINCORPORATED,-122.72050476074219,38.543487548828125
91482713,2021,2021-05-27,9360,2021-05-16,0510,022370,,7,3,9,4900,0,2,4,,1,032,"RIVER ROAD","OLD RIVER ROAD",800.00,E,N,A,-,N,,,,,,,,,,Y,2,0,1,1,A,-,01,23152,A,N,E,I,A,A,H,-,D,D,0,,,Y,,Y,Y,C,02,1,0,0,0,0,0,0,0,1,"- ","- ",38.509418487548828,-122.91945648193359,SONOMA,UNINCORPORATED,-122.99329376220703,38.503910064697266
91490921,2021,2021-06-07,9360,2021-05-29,1700,022333,,6,2,9,4900,0,2,4,,1,038,"OCCIDENTAL ROAD","REINHOLD AVE",950.00,E,N,A,-,N,,,,,,,,,,Y,2,0,1,1,A,-,08,22107,,N,F,A,A,A,H,-,A,D,0,,,Y,,Y,,C,02,1,0,0,0,0,0,0,0,1,"- ","- ",38.424579620361328,-122.77388763427734,SONOMA,UNINCORPORATED,-122.77407073974609,38.424453735351562
91492654,2021,2021-06-09,9360,2021-05-29,1035,016652,,6,1,9,4900,0,3,5,,2,001,"STEWARTS POINT SKAGGS-SPRINGS RD","SEWELL ROAD",12672.00,E,N,A,-,N,,,,,,,,,,Y,2,0,2,1,A,-,08,22107,,N,E,I,A,A,H,-,A,D,0,,,,,Y,,A,07,2,0,0,0,0,0,0,0,0,"- ","- ",38.678379058837891,-123.19772338867188,SONOMA,UNINCORPORATED,-123.19884490966797,38.678245544433594
91497465,2021,2021-06-15,9360,2021-06-07,1803,020285,,1,2,9,4900,0,2,4,,1,024,"PETRIFIED FOREST RD","SHARP RD",31.00,E,N,A,-,N,,,,,,,,,,Y,2,0,1,1,A,-,08,22107,,N,F,J,A,A,H,-,A,D,0,,,,,Y,,A,01,1,0,0,0,0,0,0,0,0,"- ","- ",38.559860229492188,-122.62870788574219,SONOMA,UNINCORPORATED,-122.62493896484375,38.559955596923828
91508851,2021,2021-06-29,9360,2021-06-20,1840,021314,,7,2,9,4900,0,1,2,,1,010,"US 101 S/B","CHIQUITA ROAD",265.00,N,N,A,-,Y,,,,,,,,,,Y,2,0,1,2,A,-,07,21658,A,N,B,C,A,A,H,-,A,D,0,,,,,Y,,A,01,1,0,0,0,0,0,0,0,0,"- ","- ",38.636539459228516,-122.87757110595703,SONOMA,UNINCORPORATED,-122.87798309326172,38.630325317382812
91512079,2021,2021-07-02,9325,2021-06-25,0930,019590,,5,1,9,4900,0,3,5,,2,006,"1890 ARNOLD DRIVE","NORTH OF VERANO AVENUE",160.00,N,N,A,-,N,,,,,,,,,,N,2,0,1,2,B,-,22,,,N,D,E,A,A,H,-,A,D,0,,Y,,,Y,,L,04,1,0,0,0,0,0,1,0,0,"- ","- ",38.300628662109375,-122.49313354492188,SONOMA,UNINCORPORATED,-122.49266815185547,38.300228118896484
91513249,2021,2021-07-06,9360,2021-06-19,1345,022333,,6,1,2,4906,0,3,5,,2,003,"MILL STATION RD","RAGLE RD",580.00,E,N,A,-,N,,,,,,,,,,Y,2,0,2,2,A,-,08,22107,,N,E,I,E,A,H,-,A,D,0,Y,,,,Y,,A,01,1,1,0,0,1,0,0,0,0,"- ","- ",38.410881042480469,-122.84958648681641,SONOMA,SEBASTOPOL,-122.84553527832031,38.411647796630859
91534882,2021,2021-08-02,9350,2021-06-09,1855,021485,,3,2,9,4900,0,1,3,,2,237,"SR-37 E/B",SR-121,11194.00,E,N,A,-,Y,,,37,,,,,,E,Y,1,1,1,4,A,-,03,22350,,N,C,C,A,A,H,-,A,D,0,,,Y,,Y,,A,08,0,0,1,0,0,0,0,1,0,"- ","- ",38.155708312988281,-122.4127197265625,SONOMA,UNINCORPORATED,-122.41272735595703,38.155750274658203
91540495,2021,2021-08-09,9360,2021-07-18,2038,019092,,7,2,9,4900,0,3,5,,2,005,"PEPPER ROAD","WALKER ROAD",30.00,S,N,A,-,N,,,,,,,,,,Y,2,0,1,1,A,-,01,23152,A,N,E,I,A,A,H,-,B,D,0,,,Y,,Y,Y,C,02,1,0,0,0,0,0,0,0,1,"- ","- ",38.276851654052734,-122.76593780517578,SONOMA,UNINCORPORATED,-122.76582336425781,38.276836395263672
91541058,2021,2021-08-10,9360,2021-04-23,2105,020803,,5,2,9,4900,0,1,3,,1,063,SR-1,"SMITH BROTHERS ROAD",1270.00,N,N,A,-,Y,,,1,,,,,,,Y,2,0,3,2,A,-,05,21460,A,F,A,C,A,A,H,-,D,D,0,,,,,Y,,D,22,2,0,1,0,0,0,0,0,0,"- ","- ",38.328170776367188,-123.04290008544922,SONOMA,UNINCORPORATED,-123.04290008544922,38.328166961669922
91548013,2021,2021-08-18,9360,2021-05-06,1023,016660,,4,1,9,4900,0,2,4,,2,056,"STONY POINT RD","ROBLAR RD",134.00,N,N,A,-,N,,,,,,,,,,Y,1,1,0,2,A,-,05,21460,A,N,D,C,A,A,H,-,A,D,0,,,Y,,Y,Y,C,02,0,0,0,0,0,0,0,1,0,"- ","- ",38.314559936523438,-122.73548126220703,SONOMA,UNINCORPORATED,-122.73545837402344,38.314487457275391
91549989,2021,2021-08-20,9360,2021-04-21,1700,019359,,3,2,9,4900,0,2,4,,1,012,"DRY CREEK ROAD","DUTCHER CREEK RD",1742.00,N,N,A,-,N,,,,,,,,,,Y,1,1,0,1,A,-,08,22107,,N,E,I,A,A,H,-,A,D,0,,,Y,,Y,,C,02,0,0,0,0,0,0,0,1,0,"- ","- ",38.714511871337891,-122.98178100585938,SONOMA,UNINCORPORATED,-122.9815673828125,38.714321136474609
91550760,2021,2021-08-23,9360,2021-08-06,1719,022323,,5,2,9,4900,0,2,4,,1,042,"PETALUMA HILL RD","SNYDER LN",4752.00,N,N,A,-,N,,,,,,,,,,Y,2,0,1,1,A,-,08,22107,,N,E,I,A,A,H,-,A,D,0,,,Y,,Y,,C,02,1,0,0,0,0,0,0,0,1,"- ","- ",38.393558502197266,-122.69252777099609,SONOMA,UNINCORPORATED,-122.69263458251953,38.393741607666016
91562059,2021,2021-09-03,9360,2021-08-24,1955,019366,,2,2,9,4900,0,1,3,,1,013,SR-116,"GIOVANETTI RD",54.00,W,N,A,-,N,,,116,,,,,,,Y,2,0,1,1,A,-,08,22107,,N,F,A,A,A,H,-,D,D,0,,,Y,,Y,,C,02,1,0,0,0,0,0,0,0,1,"- ","- ",38.472881317138672,-122.908447265625,SONOMA,UNINCORPORATED,-122.908447265625,38.472869873046875
91575199,2021,2021-09-21,9360,2021-08-27,2140,022146,,5,2,9,4900,0,2,4,,1,054,"ROBLAR RD.","PETERSEN LN.",739.00,E,N,A,-,N,,,,,,,,,,Y,2,0,1,1,A,-,01,23152,A,N,F,A,A,A,H,-,D,D,0,,,Y,,Y,Y,C,02,1,0,0,0,0,0,0,0,1,"- ","- ",38.321269989013672,-122.75623321533203,SONOMA,UNINCORPORATED,-122.75647735595703,38.321254730224609
91577041,2021,2021-09-22,9360,2021-09-12,1428,022257,,7,2,6,4905,0,1,3,,1,041,"SR-12 E/B","MELITA ROAD",940.00,E,N,A,-,N,,,12,,,,,,E,Y,2,0,2,2,A,-,05,21460,A,N,A,C,A,A,H,-,A,D,0,,,,,Y,,D,22,1,1,0,0,0,0,0,0,0,"- ","- ",38.45220947265625,-122.61994934082031,SONOMA,"SANTA ROSA",-122.61994171142578,38.452232360839844
91589048,2021,2021-10-06,9360,2021-09-24,0055,022362,,5,3,9,4900,0,1,2,,1,010,"US-101 SOUTHBOUND","CITRUS FAIR DR",2023.00,S,N,A,-,Y,,,101,,,,,,S,Y,2,0,2,2,A,-,08,22107,,N,C,E,A,A,H,-,D,D,0,,,,Y,Y,,G,26,1,1,0,0,0,0,0,0,0,"- ","- ",38.800579071044922,-123.01322174072266,SONOMA,UNINCORPORATED,-123.01324462890625,38.800582885742188
91589819,2021,2021-10-06,9360,2021-09-28,1030,013838,,2,1,9,4900,0,3,5,,2,005,"W/B WILFRED AVE","WHISTLER AVE.",528.00,W,N,A,-,N,,,,,,,,,,N,2,0,1,1,D,-,00,,,N,F,A,A,A,H,-,A,D,0,,Y,,,Y,,-,"- ",1,0,0,0,0,0,1,0,0,"- ","- ",38.214698791503906,-122.43550109863281,SONOMA,UNINCORPORATED,-122.73107147216797,38.363235473632812
91595337,2021,2021-10-13,9360,2021-10-02,1240,020803,,6,1,9,4900,0,3,5,,2,007,"VALLEY FORD FRANKLIN SCHOOL RD","DILLON BEACH RD",5808.00,N,N,A,-,N,,,,,,,,,,N,2,0,1,1,A,-,08,22107,,N,F,A,A,A,H,-,A,D,0,,Y,,,Y,,L,04,1,0,0,0,0,0,1,0,0,"- ","- ",38.256481170654297,-122.94243621826172,SONOMA,UNINCORPORATED,-122.94356536865234,38.264019012451172
91600459,2021,2021-10-19,9360,2021-10-11,0630,020731,,1,1,9,4900,0,2,4,,1,044,"ADOBE RD","HAMILTON ROAD",1584.00,E,N,A,-,N,,,,,,,,,,Y,2,0,3,3,A,-,09,21801,A,N,D,C,A,A,H,-,D,D,0,,,,,Y,,A,01,1,2,0,0,0,0,0,0,0,"- ","- ",38.251731872558594,-122.56365203857422,SONOMA,UNINCORPORATED,-122.55525207519531,38.248935699462891
91601282,2021,2021-10-20,9360,2021-10-13,1738,020266,,3,2,9,4900,0,1,3,,1,013,SR-116,"F STREET",150.00,E,N,A,-,Y,,,116,,,,,,,Y,2,0,1,2,A,-,05,21460,A,N,D,C,A,A,H,-,A,D,0,,,Y,,Y,,C,03,1,0,0,0,0,0,0,0,1,"- ","- ",38.468929290771484,-123.00833129882812,SONOMA,UNINCORPORATED,-123.00830841064453,38.468914031982422
91619895,2021,2021-11-09,9360,2021-10-09,2215,022647,,6,3,9,4900,0,1,2,,1,010,"US 101 NORTHBOUND","ZANZI LANE",1056.00,N,N,A,-,Y,,,,,,,,,,Y,2,0,4,3,A,-,01,23152,A,M,A,C,A,A,H,-,D,D,0,,,,,Y,Y,A,01,2,2,0,0,0,0,0,0,0,"- ","- ",38.743068695068359,-122.95304870605469,SONOMA,UNINCORPORATED,-122.97232055664062,38.756809234619141
91630688,2021,2021-11-19,9360,2021-09-29,1034,013838,,3,1,9,4900,0,1,3,,1,051,"SR-12 WESTBOUND","IRWIN LANE",2112.00,E,N,A,-,Y,,,12,,,,,,W,Y,1,1,1,2,A,-,05,21460,A,N,A,C,A,A,H,-,A,D,0,,,,Y,Y,,D,22,1,0,0,0,0,0,0,0,0,"- ","- ",38.416721343994141,-122.78639221191406,SONOMA,UNINCORPORATED,-122.786376953125,38.416698455810547