CASE_ID,ACCIDENT_YEAR,PROC_DATE,JURIS,COLLISION_DATE,COLLISION_TIME,OFFICER_ID,REPORTING_DISTRICT,DAY_OF_WEEK,CHP_SHIFT,POPULATION,CNTY_CITY_LOC,SPECIAL_COND,BEAT_TYPE,CHP_BEAT_TYPE,CITY_DIVISION_LAPD,CHP_BEAT_CLASS,BEAT_NUMBER,PRIMARY_RD,SECONDARY_RD,DISTANCE,DIRECTION,INTERSECTION,WEATHER_1,WEATHER_2,STATE_HWY_IND,CALTRANS_COUNTY,CALTRANS_DISTRICT,STATE_ROUTE,ROUTE_SUFFIX,POSTMILE_PREFIX,POSTMILE,LOCATION_TYPE,RAMP_INTERSECTION,SIDE_OF_HWY,TOW_AWAY,COLLISION_SEVERITY,NUMBER_KILLED,NUMBER_INJURED,PARTY_COUNT,PRIMARY_COLL_FACTOR,PCF_CODE_OF_VIOL,PCF_VIOL_CATEGORY,PCF_VIOLATION,PCF_VIOL_SUBSECTION,HIT_AND_RUN,TYPE_OF_COLLISION,MVIW,PED_ACTION,ROAD_SURFACE,ROAD_COND_1,ROAD_COND_2,LIGHTING,CONTROL_DEVICE,CHP_ROAD_TYPE,PEDESTRIAN_ACCIDENT,BICYCLE_ACCIDENT,MOTORCYCLE_ACCIDENT,TRUCK_ACCIDENT,NOT_PRIVATE_PROPERTY,ALCOHOL_INVOLVED,STWD_VEHTYPE_AT_FAULT,CHP_VEHTYPE_AT_FAULT,COUNT_SEVERE_INJ,COUNT_VISIBLE_INJ,COUNT_COMPLAINT_PAIN,COUNT_PED_KILLED,COUNT_PED_INJURED,COUNT_BICYCLIST_KILLED,COUNT_BICYCLIST_INJURED,COUNT_MC_KILLED,COUNT_MC_INJURED,PRIMARY_RAMP,SECONDARY_RAMP,LATITUDE,LONGITUDE,COUNTY,CITY,POINT_X,POINT_Y
91632831,2021,2021-11-23,9360,2021-11-12,1235,021326,,5,1,9,4900,0,2,4,,1,042,"PETALUMA HILL ROAD","WINTERHAVEN AVENUE",1460.00,S,N,A,-,N,,,,,,,,,,Y,2,0,1,2,A,-,08,22107,,N,B,C,A,A,H,-,A,D,0,,,,,Y,,D,22,1,0,0,0,0,0,0,0,0,"- ","- ",38.405948638916016,-122.69985198974609,SONOMA,UNINCORPORATED,-122.70416259765625,38.409160614013672
91633945,2021,2021-11-24,9360,2021-11-15,1400,020828,,1,2,9,4900,0,2,4,,1,022,"OLD REDWOOD HWY","EASTSIDE RD",380.00,N,N,B,-,N,,,,,,,,,,Y,2,0,1,2,A,-,03,22350,,N,C,C,A,A,H,-,A,D,0,,,,,Y,,D,22,1,0,0,0,0,0,0,0,0,"- ","- ",38.576831817626953,-122.84274291992188,SONOMA,UNINCORPORATED,-122.84145355224609,38.573890686035156
91634712,2021,2021-11-24,9360,2021-11-11,1735,019794,,4,2,9,4900,0,2,4,,1,024,"MARK WEST SPRINGS RD","QUIETWATER RD",3.00,E,N,A,-,N,,,,,,,,,,N,2,0,1,1,A,-,08,22107,,N,F,A,A,A,H,-,D,D,0,,,Y,,Y,,C,02,1,0,0,0,0,0,0,0,1,"- ","- ",38.505329132080078,-122.73265838623047,SONOMA,UNINCORPORATED,-122.73258972167969,38.505271911621094
91644138,2021,2021-12-06,9360,2021-09-26,1500,020803,,7,2,9,4900,0,1,3,,1,061,SR-1,"FORT ROSS ROAD",6336.00,N,N,A,-,Y,,,1,,,,,,,Y,1,1,0,1,A,-,08,22107,,N,E,I,A,A,G,-,A,D,0,,,Y,,Y,,C,02,0,0,0,0,0,0,0,1,0,"- ","- ",38.524639129638672,-123.26454925537109,SONOMA,UNINCORPORATED,-123.26457214355469,38.524654388427734
91665752,2021,2021-12-29,9350,2021-12-20,1040,017729,,1,1,9,4900,0,1,3,,2,237,"SR-37 W/B","NOBLE ROAD",2112.00,W,N,A,-,Y,,,37,,,,,,W,Y,2,0,6,5,A,-,03,22350,,N,C,C,A,A,H,-,A,D,0,,,,,Y,,A,07,3,3,0,0,0,0,0,0,0,"- ","- ",38.154129028320312,-122.43009948730469,SONOMA,UNINCORPORATED,-122.43009185791016,38.154067993164062
91669870,2021,2022-01-04,9360,2021-12-17,0910,016660,,5,1,9,4900,0,1,2,,2,020,"US 101 N/B","MILL ST",3907.00,S,N,A,-,Y,,,,,,,,,,Y,2,0,1,1,A,-,08,22107,,N,E,I,A,A,H,-,A,D,0,,,,,Y,,A,01,1,0,0,0,0,0,0,0,0,"- ","- ",38.600189208984375,-122.86257934570312,SONOMA,UNINCORPORATED,-122.87265014648438,38.607307434082031
91671247,2021,2022-01-05,9360,2021-12-25,0025,022362,,6,3,5,4908,0,1,2,,1,060,"US-101 S/B","CORONA RD",486.00,S,N,C,-,Y,,,101,,,,,,S,Y,2,0,1,1,A,-,01,23152,A,N,E,8,A,B,D,-,D,D,0,,,,,Y,Y,A,01,1,0,0,0,0,0,0,0,0,"- ","- ",38.262859344482422,-122.65762329101562,SONOMA,PETALUMA,-122.65761566162109,38.262866973876953
91672125,2021,2022-01-06,9350,2021-12-23,2030,020979,,4,2,9,4900,0,1,3,,2,137,"SR-37 E/B","SEARS POINT ROAD",0.00,,Y,A,-,Y,,,37,,,,,,E,Y,2,0,3,2,A,-,09,21802,A,N,D,C,A,B,H,-,D,D,0,,,,,Y,,A,07,3,0,0,0,0,0,0,0,0,"- ","- ",38.124370574951172,-122.49236297607422,SONOMA,UNINCORPORATED,-122.49233245849609,38.124317169189453
91680058,2021,2022-01-18,9360,2021-10-29,2222,021458,,5,3,9,4900,0,3,5,,2,007,"WEST SIERRA AVENUE","WEST SCHOOL STREET",25.00,W,N,B,-,N,,,,,,,,,,Y,1,1,0,1,A,-,03,22350,,N,E,J,A,A,H,-,D,D,0,,,,,Y,Y,D,22,0,0,0,0,0,0,0,0,0,"- ","- ",38.324390411376953,-122.72530364990234,SONOMA,UNINCORPORATED,-122.72528076171875,38.324413299560547
91693820,2022,2022-02-04,9360,2022-01-16,2015,021567,,7,2,9,4900,0,3,5,,2,004,"LOS GUILICOS AVE","WARM SPRINGS RD",15.00,E,N,A,-,N,,,,,,,,,,Y,2,0,1,1,A,-,01,23152,A,N,E,I,A,A,H,-,C,A,0,,,,,Y,Y,A,01,1,0,0,0,0,0,0,0,0,"- ","- ",38.412288665771484,-122.54827117919922,SONOMA,UNINCORPORATED,-122.54827880859375,38.412319183349609
9170176,2020,2021-01-07,4908,2020-10-10,1534,2754,4,6,5,5,4908,0,0,0,,0,002,"WESTERN AV","BENJAMIN LN",84.00,E,N,A,-,N,,,,,,,,,,Y,2,0,1,2,A,-,05,21650,,N,B,C,A,A,H,-,A,D,0,,,Y,,Y,,C,02,1,0,0,0,0,0,0,0,1,"- ","- ",38.229690551757812,-122.65457153320312,SONOMA,PETALUMA,-122.654296875,38.229629516601562
91703118,2022,2022-02-17,9360,2022-02-08,1510,019359,,2,2,9,4900,0,3,5,,2,002,"CROCKER RD","RIVER RD",270.00,E,N,A,-,N,,,,,,,,,,N,2,0,1,2,A,-,03,22350,,N,C,G,A,A,H,-,A,D,0,,Y,,,Y,,A,01,1,0,0,0,0,0,1,0,0,"- ","- ",38.8131103515625,-122.99951934814453,SONOMA,UNINCORPORATED,-122.99884033203125,38.813446044921875
9170423,2020,2021-01-05,4905,2020-10-03,1758,535,CENTR,6,5,6,4905,0,0,0,,0,008,"SANTA ROSA AV","BARHAM AV",0.00,,Y,A,-,N,,,,,,,,,,Y,2,0,1,2,A,-,00,11350,,N,H,G,A,A,H,-,A,-,0,,Y,,,Y,,-,,1,0,0,0,0,0,1,0,0,"- ","- ",,,SONOMA,"SANTA ROSA",-122.71321868896484,38.427200317382812
91711833,2022,2022-03-01,9325,2022-02-14,1603,018954,,1,2,9,4900,0,1,3,,1,051,SR-121,"MEADOWLARK LANE",14256.00,S,N,A,-,N,,,,,,,,,,N,2,0,1,2,A,-,08,22107,,N,B,C,A,A,H,-,A,D,0,,,,,Y,,D,22,1,0,0,0,0,0,0,0,0,"- ","- ",38.185699462890625,-122.44187927246094,SONOMA,UNINCORPORATED,-122.44186401367188,38.185695648193359
91712916,2021,2022-03-02,9360,2021-12-17,0035,020201,,5,3,9,4900,0,1,2,,2,020,"US-101 SOUTHBOUND","CHIQUITA ROAD",205.00,N,N,A,-,Y,,,101,,,,,,S,Y,1,1,0,1,A,-,01,23152,A,N,E,I,A,A,H,-,D,D,0,,,,,Y,Y,A,01,0,0,0,0,0,0,0,0,0,"- ","- ",38.636760711669922,-122.8775634765625,SONOMA,UNINCORPORATED,-122.87746429443359,38.636734008789062
91726495,2022,2022-03-18,9360,2022-03-10,1209,019366,,4,1,9,4900,0,3,5,,2,003,"MOSCOW ROAD","RUSSIAN RIVER AVENUE",152.00,W,N,A,-,N,,,,,,,,,,Y,2,0,1,1,A,-,08,22107,,N,F,A,A,A,H,-,A,D,0,,,,,Y,,A,01,1,0,0,0,0,0,0,0,0,"- ","- ",38.473838806152344,-123.02236175537109,SONOMA,UNINCORPORATED,-123.02238464355469,38.47381591796875
91726763,2022,2022-03-18,9360,2022-03-12,1155,016652,,6,1,9,4900,0,3,5,,2,001,"STEWARTS POINT-SKAGGS SPRINGS RD","OLD STEWERTS POINT-SKAGGS SPRINGS RD",21648.00,W,N,A,-,N,,,,,,,,,,N,2,0,1,1,A,-,03,22350,,N,F,A,A,A,H,-,A,D,0,,,Y,,Y,,C,02,1,0,0,0,0,0,0,0,1,"- ","- ",38.673789978027344,-123.16259765625,SONOMA,UNINCORPORATED,-122.99923706054688,38.719501495361328
91727869,2022,2022-03-21,9360,2022-03-07,2305,021458,,1,3,9,4900,0,2,4,,1,022,"OLD REDWOOD HIGHWAY","WIKIUP DRIVE",363.00,S,N,A,-,N,,,,,,,,,,N,2,0,1,1,A,-,01,23152,A,N,E,I,A,A,H,-,A,D,0,,,,,Y,Y,A,01,1,0,0,0,0,0,0,0,0,"- ","- ",38.506649017333984,-122.75906372070312,SONOMA,UNINCORPORATED,-122.75909423828125,38.506698608398438
91737909,2022,2022-03-31,9360,2022-03-24,0150,020201,,4,3,9,4900,0,1,2,,2,030,"US-101 NB TO MARK WEST SPRINGS ROAD","MARK WEST SPRINGS RD",350.00,S,N,A,-,Y,,,,,,,,,,Y,2,0,1,1,A,-,01,23152,A,N,F,A,A,A,H,-,D,D,0,,,Y,,Y,Y,C,02,1,0,0,0,0,0,0,0,1,"- ","- ",38.495189666748047,-122.75386810302734,SONOMA,UNINCORPORATED,-122.75386810302734,38.495189666748047
91741557,2022,2022-04-05,9360,2022-02-16,1115,018881,,3,1,9,4900,0,1,3,,1,061,SR-1,"MEYERS GRADE ROAD",8448.00,N,N,A,-,Y,SON,,1,,,28.128,H,,R,Y,1,1,0,1,A,-,08,22107,,N,E,I,A,A,H,-,A,D,0,,,,,Y,,-,"- ",0,0,0,0,0,0,0,0,0,"- ","- ",38.488918304443359,-123.188232421875,SONOMA,UNINCORPORATED,-123.18818664550781,38.488967895507812
91742347,2021,2022-04-06,9360,2021-12-11,1750,021445,,6,2,9,4900,0,1,2,,1,060,"US-101 S/B","SONOMA/MARIN COUNTY LINE",4224.00,N,N,A,-,Y,,,101,,,,,,S,Y,1,1,2,3,A,-,03,22350,,N,C,C,A,A,H,-,B,D,0,,,,,Y,,D,22,1,0,1,0,0,0,0,0,0,"- ","- ",38.195388793945312,-122.59999084472656,SONOMA,UNINCORPORATED,-122.5997314453125,38.1953125
91746974,2022,2022-04-13,9360,2022-02-17,0030,018497,,4,3,9,4900,0,1,2,,2,020,"US-101 S/B","LIMERICK LANE OVERCROSSING",600.00,S,N,A,-,Y,SON,,101,,,32.662,H,,L,Y,1,1,0,3,A,-,11,21954,A,F,G,B,E,A,H,-,D,D,0,Y,,,,Y,,N,60,0,0,0,1,0,0,0,0,0,"- ","- ",38.585929870605469,-122.84297180175781,SONOMA,UNINCORPORATED,-122.84292602539062,38.585948944091797
91757970,2022,2022-04-27,9360,2022-04-09,2030,020828,,6,2,9,4900,0,2,4,,1,052,"STONY POINT RD","SCENIC AVE",20.00,N,N,B,-,N,,,,,,,,,,Y,2,0,4,2,A,-,01,23152,A,N,D,C,A,A,H,-,C,A,0,,,,,Y,Y,D,22,1,3,0,0,0,0,0,0,0,"- ","- ",38.376361846923828,-122.74143218994141,SONOMA,UNINCORPORATED,-122.74143981933594,38.376335144042969
91761906,2022,2022-05-02,9360,2022-04-09,0432,021989,,6,3,9,4900,0,1,2,,2,020,"US-101 S/B","ARATA LN.",2000.00,N,N,A,-,Y,SON,,101,,,32.029,H,,L,Y,2,0,2,2,A,-,05,21651,C,N,A,C,A,A,H,-,D,D,0,,,,,Y,,A,01,1,1,0,0,0,0,0,0,0,"- ","- ",38.577980041503906,-122.83704376220703,SONOMA,UNINCORPORATED,-122.83701324462891,38.577991485595703
91767167,2022,2022-05-09,9360,2022-04-25,1345,021567,,1,1,5,4908,0,2,4,,1,054,"EASTMAN LN","BODEGA AVE",20.00,S,N,A,-,N,,,,,,,,,,Y,2,0,1,2,C,-,18,,,N,F,A,A,A,H,-,A,D,0,,,Y,,Y,,-,"- ",1,0,0,0,0,0,0,0,1,"- ","- ",38.235458374023438,-122.66982269287109,SONOMA,PETALUMA,-122.66947174072266,38.235439300537109
91768422,2022,2022-05-10,9360,2022-02-18,1600,020731,,5,2,9,4900,0,2,4,,1,046,"BENNETT VALLEY ROAD","MATANZAS CREEK LANE",0.00,,Y,A,-,N,,,,,,,,,,Y,1,1,0,2,A,-,09,21801,A,N,F,A,A,A,H,-,A,D,0,,,Y,,Y,,A,07,0,0,0,0,0,0,0,1,0,"- ","- ",38.384998321533203,-122.5986328125,SONOMA,UNINCORPORATED,-122.59870910644531,38.385196685791016
91773803,2022,2022-05-17,9360,2022-05-09,1924,018828,,1,2,9,4900,0,2,4,,1,012,"DRY CREEK ROAD","DUTCHER CREEK ROAD",1003.00,N,N,A,-,N,,,,,,,,,,Y,2,0,1,1,A,-,03,22350,,N,E,I,A,A,H,-,A,D,0,,,Y,,Y,,C,02,1,0,0,0,0,0,0,0,1,"- ","- ",38.713001251220703,-122.97985076904297,SONOMA,UNINCORPORATED,-122.97966003417969,38.712959289550781
91785043,2022,2022-05-31,9360,2022-05-21,1520,021567,,6,2,9,4900,0,2,4,,1,038,"BOHEMIAN HWY","MARKET ST",2112.00,N,N,A,-,N,,,,,,,,,,Y,2,0,1,2,A,-,05,21460,A,N,B,C,A,A,H,-,A,A,0,,,Y,,Y,,C,02,1,0,0,0,0,0,0,0,1,"- ","- ",38.430351257324219,-122.96225738525391,SONOMA,UNINCORPORATED,-122.96207427978516,38.430095672607422
91793762,2022,2022-06-13,9360,2022-06-03,0010,022128,,5,3,9,4900,0,2,4,,1,046,"BENNETT VALLEY ROAD","MITCHELL ROAD",210.00,E,N,A,-,N,,,,,,,,,,Y,2,0,1,1,A,-,01,23152,A,N,E,I,A,A,H,-,D,D,0,,,,,Y,Y,A,01,1,0,0,0,0,0,0,0,0,"- ","- ",38.41400146484375,-122.65789794921875,SONOMA,UNINCORPORATED,-122.65790557861328,38.414020538330078
91794289,2022,2022-06-13,9360,2022-06-05,1050,021195,,7,1,9,4900,0,1,3,,1,061,SR-1,"KRUSE RANCH ROAD",15312.00,S,N,B,-,Y,SON,,1,,,39.647,H,,R,Y,2,0,1,1,A,-,03,22350,,N,F,0,A,B,H,-,A,D,0,,,Y,,Y,,C,02,1,0,0,0,0,0,0,0,1,"- ","- ",38.568050384521484,-123.31925964355469,SONOMA,UNINCORPORATED,-123.31925201416016,38.568050384521484
91796415,2022,2022-06-16,9325,2022-06-07,0648,015176,,2,1,9,4900,0,1,3,,1,053,SR-116,"ARNOLD DR",610.00,W,N,A,-,Y,,,,,,,,,,Y,2,0,2,3,C,-,18,,,N,C,2,A,A,H,-,A,A,0,,,,,Y,,-,"- ",1,1,0,0,0,0,0,0,0,"- ","- ",38.254310607910156,-122.48210906982422,SONOMA,UNINCORPORATED,-122.48220062255859,38.254585266113281
91819044,2022,2022-07-18,9360,2022-07-06,1950,016045,,3,2,9,4900,0,1,2,,2,050,"US-101 N/B FROM OLD REDWOOD HWY","OLD REDWOOD HWY",75.00,N,N,A,-,Y,,,,,,,,,,N,2,0,1,1,A,-,08,22107,,N,F,A,A,A,H,-,A,D,0,,,Y,,Y,,C,02,1,0,0,0,0,0,0,0,1,"- ","- ",38.272899627685547,-122.67022705078125,SONOMA,UNINCORPORATED,-122.85516357421875,38.596141815185547
91824049,2022,2022-08-30,9360,2022-07-14,1615,018828,,4,2,9,4900,0,2,4,,1,043,"OLD REDWOOD HWY","FERN AVE",0.00,,Y,A,-,N,,,,,,,,,,Y,2,0,2,2,D,-,00,,,N,G,B,D,A,H,-,A,D,0,Y,,Y,,Y,,-,"- ",2,0,0,0,1,0,0,0,1,"- ","- ",38.309951782226562,-122.69049835205078,SONOMA,UNINCORPORATED,-122.69071197509766,38.309967041015625
91831279,2022,2022-08-02,9360,2022-07-26,1222,018497,,2,1,5,4908,0,1,2,,1,060,"US-101 TO E WASHINGTON STREET","EAST WASHINGTON LANE",18.00,N,N,A,-,Y,,,,,,,,,,N,2,0,1,2,A,-,08,22107,,N,G,B,F,A,H,-,A,A,0,Y,,,Y,Y,,G,26,1,0,0,0,1,0,0,0,0,"- ","- ",38.245651245117188,-122.62931823730469,SONOMA,PETALUMA,-122.62931823730469,38.245651245117188
91836273,2022,2022-09-06,9325,2022-01-16,1110,018379,,7,1,9,4900,0,1,3,,1,053,"SR-116 W/B","WEST WATMAUGH RD",400.00,W,N,A,-,Y,SON,,116,,,44.134,H,,L,Y,1,1,5,4,A,-,01,23152,F,N,A,2,A,A,H,-,A,D,0,,,,,Y,,A,01,2,2,1,0,0,0,0,0,0,"- ","- ",38.251800537109375,-122.49085235595703,SONOMA,UNINCORPORATED,-122.49085998535156,38.251827239990234
91848898,2022,2022-08-25,9360,2022-08-11,1655,016045,,4,2,4,4904,0,1,2,,2,050,"US-101 S/B","ROHNERT PARK EXP O/C",15.00,N,N,A,-,Y,SON,,101,,,13.890,H,,L,N,2,0,2,2,A,-,01,23152,G,N,D,C,A,A,H,-,A,D,0,,,,,Y,Y,A,01,2,0,0,0,0,0,0,0,0,"- ","- ",38.348579406738281,-122.71318054199219,SONOMA,"ROHNERT PARK",-122.71318054199219,38.348579406738281
91859327,2022,2022-09-08,9360,2022-08-29,1840,021567,,1,2,9,4900,0,2,4,,1,032,"RIVER RD","ODD FELLOWS PARK RD",1075.00,W,N,A,-,N,,,,,,,,,,Y,2,0,1,1,A,-,08,22107,,N,E,I,A,A,H,-,A,D,0,,,Y,,Y,,C,02,1,0,0,0,0,0,0,0,1,"- ","- ",38.50701904296875,-122.96514129638672,SONOMA,UNINCORPORATED,-122.96494293212891,38.506977081298828
91860753,2022,2022-09-09,9360,2022-08-26,0130,022371,,5,3,9,4900,0,2,4,,1,032,"RIVER ROAD","MARTINELLI RD",1100.00,E,N,A,-,N,,,,,,,,,,N,2,0,2,1,A,-,01,23152,A,N,F,A,A,A,H,-,D,D,0,,,,,Y,Y,A,07,2,0,0,0,0,0,0,0,0,"- ","- ",38.501430511474609,-122.90577697753906,SONOMA,UNINCORPORATED,-122.90653991699219,38.501979827880859
91860987,2022,2022-09-09,9360,2022-07-14,0800,015034,,4,1,9,4900,0,3,5,,2,005,"LLANO ROAD","MEADOW LANE",60.00,N,N,A,-,N,,,,,,,,,,Y,1,1,0,1,A,-,01,23152,G,N,E,I,A,A,H,-,A,D,0,,,,,Y,Y,A,01,0,0,0,0,0,0,0,0,0,"- ","- ",38.371971130371094,-122.76860046386719,SONOMA,UNINCORPORATED,-122.76864624023438,38.372074127197266
91869793,2022,2022-09-21,9325,2022-09-06,0530,015786,,2,3,9,4900,0,2,4,,2,054,"ARNOLD DR","LEVERONI ROAD",300.00,N,N,A,-,N,,,,,,,,,,Y,2,0,3,1,A,-,08,22107,,N,E,I,A,A,H,-,D,D,0,,,,,Y,Y,A,07,1,2,0,0,0,0,0,0,0,"- ","- ",38.273529052734375,-122.490478515625,SONOMA,UNINCORPORATED,-122.49081420898438,38.273029327392578
91875447,2022,2022-09-28,9360,2022-09-18,0150,021904,,7,3,2,4902,0,1,2,,2,050,"US-101 NORTHBOUND","PEPPER ROAD",1800.00,N,N,C,-,Y,SON,,101,,,9.218,H,,R,N,2,0,3,1,A,-,08,22107,,N,E,I,A,B,H,-,C,D,0,,,,,Y,,A,01,1,0,2,0,0,0,0,0,0,"- ","- ",38.288040161132812,-122.69049835205078,SONOMA,COTATI,-122.69054412841797,38.288002014160156
91889408,2022,2022-10-13,9360,2022-10-03,1915,015434,,1,2,9,4900,0,2,4,,1,032,"RIVER RD","ARGONNE WAY",0.00,,Y,A,-,N,,,,,,,,,,N,2,0,1,1,C,-,18,,,N,H,H,A,A,H,-,D,D,0,,,Y,,Y,,-,"- ",1,0,0,0,0,0,0,0,1,"- ","- ",38.496681213378906,-122.90061187744141,SONOMA,UNINCORPORATED,-122.90077972412109,38.496952056884766
91895188,2022,2022-10-20,9360,2022-10-10,1910,020961,,1,2,9,4900,0,3,5,,2,002,"LYTTON STATION RD","HASSETT LN",110.00,W,N,A,-,N,,,,,,,,,,N,2,0,1,1,A,-,08,22107,,N,E,I,A,A,H,-,B,D,0,,,Y,,Y,Y,C,02,1,0,0,0,0,0,0,0,1,"- ","- ",38.663700103759766,-122.86405944824219,SONOMA,UNINCORPORATED,-122.8636474609375,38.663742065429688
91900734,2022,2022-11-02,9360,2022-10-19,1435,016045,,3,2,9,4900,0,2,4,,1,047,"LAKEVILLE RD","OLD LAKEVILLE RD #1 (N)",300.00,N,N,A,-,N,,,,,,,,,,N,2,0,2,3,A,-,05,21460,A,N,A,C,A,A,H,-,A,D,0,,,,,Y,,A,01,1,1,0,0,0,0,0,0,0,"- ","- ",38.209220886230469,-122.54686737060547,SONOMA,UNINCORPORATED,-122.54757690429688,38.204055786132812
91913612,2022,2022-11-09,9360,2022-10-30,1630,020961,,7,2,9,4900,0,2,4,,1,038,"BOHEMIAN HWY","FREESTONE FLAT RD",1950.00,E,N,A,-,N,,,,,,,,,,Y,2,0,1,1,A,-,08,22107,,N,F,A,A,A,H,-,A,D,0,,,Y,,Y,,C,02,1,0,0,0,0,0,0,0,1,"- ","- ",38.375091552734375,-122.92127227783203,SONOMA,UNINCORPORATED,-122.92106628417969,38.375091552734375
91920295,2022,2022-11-17,9360,2022-11-05,0320,021893,,6,3,6,4905,0,1,2,,2,030,"US-101 N/B","STEELE LN",1584.00,N,N,B,-,Y,SON,,101,,,22.152,H,,R,Y,2,0,1,1,A,-,08,22107,,N,E,I,A,A,H,-,C,D,0,,,,,Y,,A,01,1,0,0,0,0,0,0,0,0,"- ","- ",38.465549468994141,-122.72704315185547,SONOMA,"SANTA ROSA",-122.72712707519531,38.465526580810547
91920640,2022,2022-11-17,9360,2022-09-05,1433,020828,,1,2,9,4900,0,1,3,,1,041,SR-12,"NUNS CANYON ROAD",593.00,E,N,A,-,Y,SON,,12,,,29.499,H,,R,Y,1,1,2,2,A,-,05,21460,A,N,D,C,A,A,H,-,A,D,0,,,,,Y,,A,01,2,0,0,0,0,0,0,0,0,"- ","- ",38.386600494384766,-122.51904296875,SONOMA,UNINCORPORATED,-122.51904296875,38.3865966796875
91921652,2022,2022-11-18,9360,2022-11-07,0651,018497,,1,1,9,4900,0,2,4,,1,046,"BENNETT VALLEY ROAD","ENTERPRISE ROAD",1494.00,E,N,A,-,N,,,,,,,,,,Y,2,0,1,1,A,-,08,22107,,N,F,A,A,B,H,-,A,D,0,,,Y,,Y,,C,02,1,0,0,0,0,0,0,0,1,"- ","- ",38.388580322265625,-122.57424926757812,SONOMA,UNINCORPORATED,-122.57445526123047,38.388484954833984
91925761,2022,2022-11-23,9325,2022-11-14,0929,015176,,1,1,9,4900,0,1,3,,1,051,SR-121,SR-37,7392.00,N,N,A,-,Y,SON,,121,,,1.413,H,,R,Y,2,0,3,3,A,-,06,21751,,N,A,C,A,A,H,-,A,D,0,,,,,Y,,A,07,1,0,2,0,0,0,0,0,0,"- ","- ",38.168239593505859,-122.45717620849609,SONOMA,UNINCORPORATED,-122.45721435546875,38.168231964111328
91932597,2022,2022-12-02,9360,2022-11-19,2350,022362,,6,3,9,4900,0,1,2,,2,030,"US-101 N/B","MPM 101 SON 26.5",150.00,S,N,A,-,Y,SON,,101,,,26.582,H,,R,Y,2,0,1,1,A,-,01,23152,A,N,F,A,A,A,H,-,C,D,0,,,,,Y,Y,D,22,1,0,0,0,0,0,0,0,0,"- ","- ",38.514041900634766,-122.77889251708984,SONOMA,UNINCORPORATED,-122.77889251708984,38.514041900634766
91935331,2022,2022-12-06,9360,2022-11-10,1715,018828,,4,2,6,4905,0,1,2,,2,030,"US-101 S/B","MENDOCINO AVENUE OVERCROSSING",3168.00,N,N,A,-,Y,SON,,101,,,23.482,H,,L,Y,1,1,2,3,A,-,03,22350,,N,C,C,A,A,H,-,B,D,0,,,,,Y,,A,01,0,2,0,0,0,0,0,0,0,"- ","- ",38.482650756835938,-122.73751831054688,SONOMA,"SANTA ROSA",-122.73744964599609,38.482707977294922
91935539,2022,2022-12-06,9360,2022-11-22,1815,016045,,2,2,9,4900,0,2,4,,1,042,"PETALUMA HILL RD","SNYDER LN",0.00,,Y,A,-,N,,,,,,,,,,Y,2,0,1,1,C,-,18,,,N,E,I,A,A,H,-,C,A,0,,,,,Y,Y,-,"- ",1,0,0,0,0,0,0,0,0,"- ","- ",38.38214111328125,-122.6856689453125,SONOMA,UNINCORPORATED,-122.68565368652344,38.382003784179688
91939391,2022,2022-12-12,9360,2022-11-25,2100,021989,,5,2,9,4900,0,3,5,,2,001,"WESTSIDE RD.","WOHLER RD.",2640.00,N,N,A,-,N,,,,,,,,,,Y,2,0,2,2,A,-,05,21460,A,N,A,C,A,A,H,-,D,D,0,,,,,Y,,A,01,1,1,0,0,0,0,0,0,0,"- ","- ",38.51470947265625,-122.88995361328125,SONOMA,UNINCORPORATED,-122.88995361328125,38.51470947265625
91975423,2023,2023-01-24,9360,2023-01-10,2220,016669,,2,3,9,4900,0,2,4,,1,044,"ADOBE RD","JACOBSEN LN",2238.00,S,N,B,-,N,,,,,,,,,,N,2,0,2,1,A,-,08,22107,,N,E,I,A,A,H,-,D,D,0,,,,,Y,,A,07,1,1,0,0,0,0,0,0,0,"- ","- ",38.289089202880859,-122.64491271972656,SONOMA,UNINCORPORATED,-122.64545440673828,38.289340972900391
91983875,2023,2023-02-01,9360,2023-01-20,"100 ",022241,,5,3,9,4900,0,2,4,,1,044,"ADOBE ROAD","CORONA RD",1584.00,S,N,A,-,N,,,,,,,,,,Y,2,0,3,2,A,-,01,23152,A,N,A,C,A,A,H,-,D,D,0,,,,,Y,Y,A,01,1,2,0,0,0,0,0,0,0,"- ","- ",38.283340454101562,-122.63478088378906,SONOMA,UNINCORPORATED,-122.63495635986328,38.283432006835938
91986313,2023,2023-02-03,9350,2023-01-28,1210,022108,,6,1,9,4900,0,1,3,,2,237,SR-37,"NOBLE RD",20.00,E,N,A,-,Y,SON,,37," "," ",5.424,H,,R,N,2,0,2,2,A,-,06,21755,,N,D,C,A,A,H,-,A,D,0,,,Y,,Y,,O,05,1,1,0,0,0,0,0,0,2,"- ","- ",38.154918670654297,-122.42204284667969,SONOMA,UNINCORPORATED,-122.42202758789062,38.154842376708984