CASE_ID,ACCIDENT_YEAR,PROC_DATE,JURIS,COLLISION_DATE,COLLISION_TIME,OFFICER_ID,REPORTING_DISTRICT,DAY_OF_WEEK,CHP_SHIFT,POPULATION,CNTY_CITY_LOC,SPECIAL_COND,BEAT_TYPE,CHP_BEAT_TYPE,CITY_DIVISION_LAPD,CHP_BEAT_CLASS,BEAT_NUMBER,PRIMARY_RD,SECONDARY_RD,DISTANCE,DIRECTION,INTERSECTION,WEATHER_1,WEATHER_2,STATE_HWY_IND,CALTRANS_COUNTY,CALTRANS_DISTRICT,STATE_ROUTE,ROUTE_SUFFIX,POSTMILE_PREFIX,POSTMILE,LOCATION_TYPE,RAMP_INTERSECTION,SIDE_OF_HWY,TOW_AWAY,COLLISION_SEVERITY,NUMBER_KILLED,NUMBER_INJURED,PARTY_COUNT,PRIMARY_COLL_FACTOR,PCF_CODE_OF_VIOL,PCF_VIOL_CATEGORY,PCF_VIOLATION,PCF_VIOL_SUBSECTION,HIT_AND_RUN,TYPE_OF_COLLISION,MVIW,PED_ACTION,ROAD_SURFACE,ROAD_COND_1,ROAD_COND_2,LIGHTING,CONTROL_DEVICE,CHP_ROAD_TYPE,PEDESTRIAN_ACCIDENT,BICYCLE_ACCIDENT,MOTORCYCLE_ACCIDENT,TRUCK_ACCIDENT,NOT_PRIVATE_PROPERTY,ALCOHOL_INVOLVED,STWD_VEHTYPE_AT_FAULT,CHP_VEHTYPE_AT_FAULT,COUNT_SEVERE_INJ,COUNT_VISIBLE_INJ,COUNT_COMPLAINT_PAIN,COUNT_PED_KILLED,COUNT_PED_INJURED,COUNT_BICYCLIST_KILLED,COUNT_BICYCLIST_INJURED,COUNT_MC_KILLED,COUNT_MC_INJURED,PRIMARY_RAMP,SECONDARY_RAMP,LATITUDE,LONGITUDE,COUNTY,CITY,POINT_X,POINT_Y
91987909,2023,2023-02-06,9360,2023-01-25,2225,022241,,3,3,4,4904,0,1,2,,2,050,"US-101 N/B","GOLF COURSE DRIVE UNDERCROSSING",1122.00,S,N,A,-,Y,SON,,101," "," ",14.681,H,,R,Y,2,0,1,1,A,-,08,22107,,N,E,I,A,A,H,-,C,D,0,,,,,Y,,A,01,1,0,0,0,0,0,0,0,0,"- ","- ",38.359989166259766,-122.71286773681641,SONOMA,"ROHNERT PARK",-122.71304321289062,38.359992980957031
91998038,2023,2023-02-20,9325,2023-02-10,2120,022333,,5,2,9,4900,0,1,3,,1,072,SR-121,"RAMAL RD",1811.00,N,N,B,-,Y,SON,,121," "," ",9.893,H,,R,N,2,0,3,1,A,-,01,23152,A,N,E,9,A,B,H,-,D,D,0,,,,,Y,Y,D,22,1,2,0,0,0,0,0,0,0,"- ","- ",38.2510986328125,-122.40885162353516,SONOMA,UNINCORPORATED,-122.40863037109375,38.250953674316406
92001010,2023,2023-02-23,9360,2023-02-15,1225,016524,,3,1,9,4900,0,2,4,,1,032,"RIVER RD.","TRENTON RD",100.00,W,N,A,-,N,,,,,,,,,,Y,2,0,1,1,A,-,08,22107,,N,E,I,A,A,H,-,A,D,0,,,,Y,Y,,F,24,1,0,0,0,0,0,0,0,0,"- ","- ",38.490470886230469,-122.87941741943359,SONOMA,UNINCORPORATED,-122.89955902099609,38.495906829833984
92001225,2023,2023-02-23,9360,2023-02-21,"838 ",015187,,2,1,6,4905,0,1,2,,2,030,"US-101 N/B","BICENTENNIAL WAY",1584.00,S,N,A,-,Y,SON,,101," "," ",22.099,H,,R,Y,2,0,1,1,A,-,08,22107,,N,E,I,A,A,H,-,A,D,0,,,,,Y,,A,07,1,0,0,0,0,0,0,0,0,"- ","- ",38.464889526367188,-122.72679901123047,SONOMA,"SANTA ROSA",-122.72685241699219,38.464878082275391
92004237,2023,2023-02-27,9360,2023-02-17,1845,022471,,5,2,9,4900,0,2,4,,1,038,"OCCIDENTAL RD","MILL STATION RD",0.00,,Y,A,-,N,,,,,,,,,,Y,2,0,1,2,A,-,09,21804,A,N,D,C,A,A,H,-,D,A,0,,,Y,,Y,,A,01,1,0,0,0,0,0,0,0,1,"- ","- ",38.419998168945312,-122.87471008300781,SONOMA,UNINCORPORATED,-122.87473297119141,38.420047760009766
9201092,2020,2021-01-26,4905,2020-10-30,1112,1060474,,5,5,6,4905,0,0,0,,0,005,"STONY CIR","WEST 9TH ST",380.00,S,N,A,-,N,,,,,,,,,,Y,2,0,3,2,C,-,18,,,N,A,C,A,A,H,-,A,D,0,,,,,Y,,-,"- ",1,2,0,0,0,0,0,0,0,"- ","- ",38.44036865234375,-122.74462127685547,SONOMA,"SANTA ROSA",-122.743568,38.439726
92013464,2023,2023-03-09,9360,2023-02-26,"815 ",020092,,7,1,9,4900,0,2,4,,2,056,"STONY POINT RD","MECHAM RD",2640.00,S,N,B,-,N,,,,,,,,,,Y,2,0,1,1,A,-,08,22107,,N,E,I,A,B,H,-,A,D,0,,,,,Y,,A,07,1,0,0,0,0,0,0,0,0,"- ","- ",38.3065185546875,-122.72640228271484,SONOMA,UNINCORPORATED,-122.72705078125,38.306774139404297
92043112,2023,2023-04-12,9360,2023-04-02,1800,020731,,7,2,9,4900,0,3,5,,2,005,"BARNETT VALLEY ROAD","LYNN ROAD",678.00,E,N,B,-,N,,,,,,,,,,Y,2,0,3,1,C,-,18,,,N,E,I,A,A,H,-,A,D,0,,,,,Y,,-,"- ",2,1,0,0,0,0,0,0,0,"- ","- ",38.367679595947266,-122.86000061035156,SONOMA,UNINCORPORATED,-122.85987091064453,38.367599487304688
92047720,2023,2023-04-18,9360,2023-04-10,1700,020731,,1,2,9,4900,0,3,5,,2,003,"WILLOWSIDE ROAD","GUERNEVILLE ROAD",2640.00,S,N,A,-,N,,,,,,,,,,N,2,0,1,1,A,-,03,22350,,N,E,J,A,A,H,-,A,D,0,,,Y,,Y,,C,02,1,0,0,0,0,0,0,0,1,"- ","- ",38.444950103759766,-122.80686187744141,SONOMA,UNINCORPORATED,-122.80673980712891,38.445289611816406
92049204,2023,2023-04-20,9360,2023-04-11,1705,020285,,2,2,9,4900,0,3,5,,2,003,"WESTSIDE RD","MANGINI RD",1584.00,N,N,A,-,N,,,,,,,,,,Y,2,0,1,1,A,-,01,23152,A,N,E,I,A,A,H,-,A,D,0,,,,,Y,Y,A,01,1,0,0,0,0,0,0,0,0,"- ","- ",38.569499969482422,-122.87399291992188,SONOMA,UNINCORPORATED,,
92051630,2023,2023-04-24,9360,2023-04-14,2130,022370,,5,2,9,4900,0,2,4,,1,024,"CALISTOGA RD","ALPINE RD",3720.00,N,N,A,-,N,,,,,,,,,,Y,2,0,2,1,A,-,08,22107,,N,E,8,A,A,H,-,D,D,0,,,,,Y,,A,01,2,0,0,0,0,0,0,0,0,"- ","- ",38.528659820556641,-122.65202331542969,SONOMA,UNINCORPORATED,-122.65210723876953,38.528457641601562
92051723,2023,2023-04-24,9360,2023-04-15,"455 ",022471,,6,3,5,4908,0,1,2,,1,060,"US-101 N/B","E WASHINTON ST",7128.00,N,N,A,-,Y,SON,,101," "," ",6.068,H,,R,Y,2,0,2,1,A,-,08,22107,,F,E,I,A,A,H,-,C,D,0,,,,,Y,,A,01,1,1,0,0,0,0,0,0,0,"- ","- ",38.257480621337891,-122.6478271484375,SONOMA,PETALUMA,-122.64778137207031,38.257534027099609
92092484,2023,2023-06-13,9360,2023-05-30,"805 ",016660,,2,1,6,4905,0,1,2,,2,040,"US 101 S/B","COLLEGE AVE",2746.00,N,N,B,-,Y,SON,,101," "," ",21.284,H,,L,Y,2,0,1,3,A,-,03,22350,,N,C,2,A,A,H,-,A,A,0,,,Y,,Y,,A,01,1,0,0,0,0,0,0,0,1,"- ","- ",38.453121185302734,-122.72621917724609,SONOMA,"SANTA ROSA",-122.7261962890625,38.453121185302734
92125133,2023,2023-07-25,9360,2023-07-10,"205 ",021989,,1,3,9,4900,0,2,4,,1,047,"LAKEVILLE HWY.","CANNON LN.",150.00,S,N,A,-,N,,,,,,,,,,Y,2,0,2,3,A,-,01,23152,A,N,C,C,A,A,H,-,D,D,0,,,,,Y,Y,D,22,1,0,1,0,0,0,0,0,0,"- ","- ",38.194011688232422,-122.54409027099609,SONOMA,UNINCORPORATED,-122.54405212402344,38.194107055664062
92137242,2023,2023-08-07,9360,2023-07-25,1445,022241,,2,2,9,4900,0,2,4,,1,024,"MARK WEST SPRINGS RD","URSULINE RD",4168.00,E,N,A,-,N,,,,,,,,,,Y,2,0,1,1,A,-,08,22107,,N,E,I,A,A,H,-,A,D,0,,,,,Y,,A,01,1,0,0,0,0,0,0,0,0,"- ","- ",38.505500793457031,-122.72798919677734,SONOMA,UNINCORPORATED,-122.72866058349609,38.505260467529297
92137312,2023,2023-08-07,9360,2023-07-26,1645,020201,,3,2,5,4908,0,1,2,,1,060,"US-101 NORTHBOUND","PETALUMA BOULEVARD NOTH",1700.00,S,N,A,-,Y,SON,,101," "," ",7.341,H,,R,N,2,0,1,2,A,-,07,21658,A,N,B,C,A,A,H,-,A,D,0,,,Y,,Y,,A,07,1,0,0,0,0,0,0,0,1,"- ","- ",38.268890380859375,-122.66590118408203,SONOMA,PETALUMA,-122.6658935546875,38.268894195556641
92141671,2023,2023-08-11,9360,2023-05-26,2040,021913,,5,2,9,4900,0,3,5,,2,004,"EAST RAILROAD AVENUE","WILLOW AVENUE",1120.00,E,N,B,-,N,,,,,,,,,,Y,1,1,0,1,A,-,01,23152,A,N,E,8,A,A,H,-,D,A,0,,,,,Y,Y,D,22,0,0,0,0,0,0,0,0,0,"- ","- ",38.314338684082031,-122.68119812011719,SONOMA,UNINCORPORATED,-122.68121337890625,38.314300537109375
92147719,2023,2023-08-18,9360,2023-08-06,1600,022257,,7,2,9,4900,0,2,4,,1,046,"BENNETT VALLEY ROAD","KEISER RANCH ROAD",480.00,W,N,A,-,Y,,,,,,,,,,N,2,0,3,1,A,-,08,22107,,N,E,I,A,A,H,-,A,D,0,,,,,Y,,D,22,1,2,0,0,0,0,0,0,0,"- ","- ",38.386829376220703,-122.56697845458984,SONOMA,UNINCORPORATED,-122.56704711914062,38.386764526367188
92152099,2023,2023-08-24,9360,2023-08-18,2055,022471,,5,2,5,4908,0,1,2,,1,060,"US-101 S/B","EAST WASHINGTON ST",6864.00,N,N,A,-,Y,SON,,101," "," ",6.046,H,,L,Y,2,0,2,2,A,-,07,21658,A,N,B,C,A,A,H,-,C,D,0,,,Y,,Y,Y,C,02,2,0,0,0,0,0,0,0,2,"- ","- ",38.257198333740234,-122.64753723144531,SONOMA,PETALUMA,-122.64754486083984,38.257194519042969
92157294,2023,2023-08-29,9360,2023-07-07,1923,018828,,5,2,9,4900,0,1,2,,2,020,"US-101 S/B","LIMERICK LANE",1690.00,N,N,A,-,Y,SON,,101," "," ",33.091,H,,L,Y,1,1,1,1,A,-,01,23152,G,N,F,0,A,A,H,-,A,D,0,,,,,Y,Y,A,01,1,0,0,0,0,0,0,0,0,"- ","- ",38.591030120849609,-122.84705352783203,SONOMA,UNINCORPORATED,-122.846923828125,38.591114044189453
92170846,2023,2023-09-15,9360,2023-08-25,2156,021893,,5,2,5,4908,0,1,2,,1,060,"US-101 N/B","E. WASHINGTON STREET",3168.00,N,N,A,-,Y,SON,,101," "," ",5.425,H,,R,Y,2,0,2,8,A,-,03,22350,,N,C,2,E,A,H,-,D,D,0,Y,,,Y,Y,,G,25,1,1,0,0,1,0,0,0,0,"- ","- ",38.252220153808594,-122.63800811767578,SONOMA,PETALUMA,-122.63796997070312,38.252262115478516
92172246,2023,2023-09-18,9360,2023-09-04,1250,016524,,1,1,9,4900,0,3,5,,2,001,"LAMBERT BRIDGE RD","DRY CREEK RD",2112.00,W,N,A,-,N,,,,,,,,,,N,2,0,1,1,A,-,08,22107,,N,F,A,A,A,H,-,A,D,0,,Y,,,Y,,L,04,1,0,0,0,0,0,1,0,0,"- ","- ",38.652889251708984,-122.92623901367188,SONOMA,UNINCORPORATED,-122.927978515625,38.654178619384766
92183739,2023,2023-10-02,9360,2023-09-15,1700,022257,,5,2,9,4900,0,2,4,,1,038,"OCCIDENTAL RD","PIEZZI RD",380.00,W,N,A,-,N,,,,,,,,,,Y,2,0,2,2,A,-,05,21460,C,N,A,C,A,A,H,-,A,D,0,,,,,Y,,A,01,2,0,0,0,0,0,0,0,0,"- ","- ",38.423320770263672,-122.79872131347656,SONOMA,UNINCORPORATED,-122.79863739013672,38.423294067382812
9219296,2020,2021-02-10,4902,2020-11-20,1700,105348,,5,5,2,4902,0,0,0,,0,,"EAST COTATI AV","SANTERO WY",230.00,E,N,A,-,N,,,,,,,,,,Y,2,0,2,1,A,-,01,23152,A,N,E,I,A,A,H,-,A,A,0,,,,,Y,Y,A,01,1,1,0,0,0,0,0,0,0,"- ","- ",,,SONOMA,COTATI,-122.69161224365234,38.3319091796875
92230824,2023,2023-11-08,9360,2023-10-22,1340,020803,,7,1,9,4900,0,1,3,,1,061,SR-1,"BURKE AVE",3000.00,N,N,C,-,Y,SON,,1," "," ",22.435,H,,R,Y,2,0,1,1,A,-,08,22107,,N,F,A,A,B,H,-,A,D,0,,,,,Y,,A,07,1,0,0,0,0,0,0,0,0,"- ","- ",38.455219268798828,-123.13336181640625,SONOMA,UNINCORPORATED,-123.13337707519531,38.455253601074219
92234004,2023,2024-03-01,9360,2023-10-29,1845,023444,,7,2,4,4904,0,1,2,,2,050,"US-101 N/B","ROHNERT PARK EXPRESSWAY",2640.00,S,N,A,-,Y,SON,,101," "," ",13.269,H,,R,Y,2,0,1,2,A,-,09,21804,A,N,B,C,A,A,H,-,C,D,0,,,Y,,Y,,J,48,1,0,0,0,0,0,0,0,1,"- ","- ",38.339618682861328,-122.71270751953125,SONOMA,"ROHNERT PARK",-122.71278381347656,38.339618682861328
92243770,2023,2023-11-24,9360,2023-11-04,1345,023441,,6,1,9,4900,0,2,4,,1,046,"CANYON CANYON RD","ALTA MONTE DRIVE",90.00,E,N,A,-,N,,,,,,,,,,Y,2,0,1,1,A,-,08,22107,,N,E,8,A,A,H,-,A,D,0,,,,,Y,Y,B,01,1,0,0,0,0,0,0,0,0,"- ","- ",38.369991302490234,-122.641357421875,SONOMA,UNINCORPORATED,,
92244502,2023,2023-11-27,9360,2023-11-11,2029,023438,,6,2,9,4900,0,1,2,,2,050,"US-101 SB","PEPPER RD",2746.00,N,N,A,-,Y,SON,,101," "," ",9.361,H,,L,Y,2,0,1,1,A,-,01,23152,A,N,E,I,A,A,H,-,D,D,0,,,,,Y,Y,D,22,1,0,0,0,0,0,0,0,0,"- ","- ",38.289230346679688,-122.69268798828125,SONOMA,UNINCORPORATED,-122.69264221191406,38.289272308349609
92248157,2023,2023-11-29,9325,2023-11-21,1718,017538,,2,2,9,4900,0,3,5,,2,006,"GROVE ST","LINDEN ST.",75.00,W,N,A,-,N,,,,,,,,,,Y,2,0,2,2,A,-,01,23152,A,N,A,C,A,A,H,-,D,D,0,,,,,Y,Y,A,01,1,1,0,0,0,0,0,0,0,"- ","- ",38.298908233642578,-122.48848724365234,SONOMA,UNINCORPORATED,-122.48860931396484,38.298877716064453
92254072,2023,2023-12-06,9360,2023-11-24,1905,022241,,5,2,9,4900,0,2,4,,1,022,"OLD REDWOOD HIGHWAY","PACIFIC HEIGHTS DRIVE",94.00,S,N,A,-,N,,,,,,,,,,N,2,0,1,2,A,-,11,21954,A,N,G,B,D,A,H,-,C,D,0,Y,,,,Y,,N,60,1,0,0,0,1,0,0,0,0,"- ","- ",38.499500274658203,-122.74954223632812,SONOMA,UNINCORPORATED,-122.74964141845703,38.499504089355469
92259723,2023,2023-12-12,9360,2023-11-27,"230 ",023342,,1,3,9,4900,0,2,4,,1,032,"RIVER ROAD","TRENTON HEALDSBURG RD",780.00,W,N,B,-,N,,,,,,,,,,Y,2,0,1,1,A,-,08,22107,,N,E,I,A,B,H,-,D,D,0,,,,,Y,,A,01,1,0,0,0,0,0,0,0,0,"- ","- ",38.489040374755859,-122.85765838623047,SONOMA,UNINCORPORATED,-122.85765075683594,38.489009857177734
9227794,2021,2021-03-18,4904,2021-02-23,1545,1040465,CENTR,2,5,4,4904,0,0,0,,0,001,"GOLF COURSE DR","COUNTRY CLUB DR",725.00,E,N,A,-,N,,,,,,,,,,Y,2,0,2,3,A,-,09,21804,A,N,D,E,A,A,H,-,A,D,0,,,,,Y,,A,01,1,1,0,0,0,0,0,0,0,"- ","- ",38.362098693847656,-122.69474029541016,SONOMA,"ROHNERT PARK",-122.69255828857422,38.363143920898438
92282100,2023,2024-01-08,9360,2023-12-21,2105,022997,,4,2,9,4900,0,2,4,,1,024,"CALISTOGA RD","PORTER CREEK RD",2640.00,S,N,B,-,N,,,,,,,,,,Y,2,0,2,1,A,-,01,23152,A,N,F,A,A,A,H,-,D,D,0,,,,,Y,Y,A,07,1,0,1,0,0,0,0,0,0,"- ","- ",38.544528961181641,-122.65096282958984,SONOMA,UNINCORPORATED,-122.65213012695312,38.544975280761719
92293696,2024,2024-01-22,9360,2024-01-13,1600,022257,,6,2,3,4980,0,1,2,,2,030,"US-101 N/B","SHILOH ROAD OVER-CROSSING",1020.00,N,N,C,-,Y,SON,,101," "," ",27.813,H,,R,Y,2,0,1,1,A,-,01,23152,A,N,E,I,A,B,H,-,A,D,0,,,,,Y,Y,A,07,1,0,0,0,0,0,0,0,0,"- ","- ",38.5281982421875,-122.79194641113281,SONOMA,WINDSOR,-122.79206085205078,38.528141021728516
92303035,2023,2024-02-01,9360,2023-10-28,2223,022945,,6,3,9,4900,0,1,3,,1,061,SR-1,"LEEWARD SPUR",82.00,N,N,A,-,Y,SON,,1," "," ",56.171,H,,R,Y,1,1,2,1,A,-,01,23152,A,N,E,I,A,A,H,-,D,D,0,,,,,Y,Y,D,22,0,2,0,0,0,0,0,0,0,"- ","- ",38.737949371337891,-123.48660278320312,SONOMA,UNINCORPORATED,-123.48661804199219,38.737926483154297
92310485,2024,2024-02-09,9360,2024-02-04,"728 ",018497,,7,1,9,4900,0,1,2,,2,040,"US-101 N/B","TODD ROAD O/C",885.00,N,N,C,G,Y,SON,,101," "," ",16.773,H,,R,Y,2,0,1,1,C,-,18,,,N,H,J,A,B,H,-,A,D,0,,,,,Y,,-,"- ",1,0,0,0,0,0,0,0,0,"- ","- ",38.389659881591797,-122.71604919433594,SONOMA,UNINCORPORATED,-122.71604919433594,38.389659881591797
92311559,2024,2024-02-12,9360,2024-02-02,"430 ",022997,,5,3,9,4900,0,2,4,,1,042,"PETALUMA HILL RD","SNYDER LN",3274.00,S,N,B,E,N,,,,,,,,,,Y,2,0,2,1,A,-,08,22107,,N,E,J,A,B,H,-,D,D,0,,,,,Y,Y,A,01,1,1,0,0,0,0,0,0,0,"- ","- ",38.376480102539062,-122.67652130126953,SONOMA,UNINCORPORATED,-122.67665863037109,38.376567840576172
92321280,2024,2024-02-23,9325,2024-02-13,"20  ",020615,,2,3,9,4900,0,3,5,,2,005,SR-121,"DE MATTOS ROAD",2640.00,N,N,B,-,Y,SON,,121," "," ",1.039,H,,R,Y,2,0,2,2,A,-,01,23153,A,N,A,C,A,A,H,-,D,D,0,,,,,Y,Y,A,01,2,0,0,0,0,0,0,0,0,"- ","- ",38.163528442382812,-122.45391845703125,SONOMA,UNINCORPORATED,-122.45394134521484,38.163520812988281
92329149,2023,2024-03-04,9360,2023-10-29,"5   ",023280,,7,3,9,4900,0,2,4,,1,042,"PETALUMA HILL ROAD","EAST RAILROAD AVENUE",1332.00,S,N,B,-,N,,,,,,,,,,N,1,1,0,2,A,-,11,21954,A,F,G,B,E,A,H,-,D,D,0,Y,,,,Y,Y,N,60,0,0,0,1,0,0,0,0,0,"- ","- ",38.310600280761719,-122.66654968261719,SONOMA,UNINCORPORATED,-122.66660308837891,38.310623168945312
92329865,2024,2024-03-05,9325,2024-02-24,1615,021458,,6,2,9,4900,0,2,4,,1,064,"ARNOLD DR","CRAIG AVE",0.00,,Y,A,-,N,,,,,,,,,,Y,2,0,1,2,A,-,08,22101,D,N,A,C,A,A,H,-,A,D,0,,,Y,,Y,,C,02,1,0,0,0,0,0,0,0,1,"- ","- ",38.304519653320312,-122.49468231201172,SONOMA,UNINCORPORATED,-122.49467468261719,38.304538726806641
92357355,2023,2024-04-05,9360,2023-12-13,1715,023481,,3,2,9,4900,0,2,4,,1,054,"BODEGA AVENUE","AHERN LANE",0.00,,Y,A,-,N,,,,,,,,,,Y,1,1,0,2,A,-,01,23152,F,N,D,C,A,A,H,-,D,D,0,,,Y,,Y,,C,02,0,0,0,0,0,0,0,1,0,"- ","- ",38.248149871826172,-122.69184875488281,SONOMA,UNINCORPORATED,-122.69179534912109,38.248092651367188
9236335,2021,2021-03-27,4908,2021-02-10,0627,1944,13,3,5,5,4908,0,0,0,,0,001,"SOUTH MCDOWELL BL","LINDBERG LN",5.00,N,N,A,-,N,,,,,,,,,,,2,0,1,2,A,-,10,21950,A,N,G,B,B,A,H,-,C,D,0,Y,,,,Y,,A,01,1,0,0,0,1,0,0,0,0,"- ","- ",38.244609832763672,-122.61766815185547,SONOMA,PETALUMA,-122.61771392822266,38.244617462158203
92391874,2024,2024-05-16,9360,2024-05-08,"815 ",019366,,3,1,9,4900,0,2,4,,1,032,"RIVER ROAD","SLUSSER ROAD",0.00,,Y,A,-,N,,,,,,,,,,Y,2,0,1,1,A,-,08,22107,,N,F,I,A,A,H,-,A,A,0,,,Y,,Y,,C,02,1,0,0,0,0,0,0,0,1,"- ","- ",38.483291625976562,-122.82559204101562,SONOMA,UNINCORPORATED,-122.82557678222656,38.483200073242188
92401925,2024,2024-05-30,9360,2024-05-19,"700 ",023342,,7,1,9,4900,0,1,3,,1,061,SR-1,"MEYERS GRADE ROAD",15840.00,N,N,B,-,Y,SON,,1," "," ",29.497,H,,R,Y,2,0,1,1,A,-,08,22107,,N,E,I,A,A,H,-,B,D,0,,,,,Y,,D,22,1,0,0,0,0,0,0,0,0,"- ","- ",38.497688293457031,-123.20558929443359,SONOMA,UNINCORPORATED,-123.20558166503906,38.497726440429688
92404395,2023,2024-06-03,9360,2023-09-24,1117,020285,,7,1,9,4900,0,3,5,,2,003,"OAK GROVE AVENUE",SR-116,150.00,S,N,A,-,N,,,,,,,,,,Y,1,1,1,1,A,-,01,23152,A,N,E,I,A,A,H,-,A,D,0,,,,,Y,Y,A,01,1,0,0,0,0,0,0,0,0,"- ","- ",38.432281494140625,-122.85677337646484,SONOMA,UNINCORPORATED,-122.85661315917969,38.43231201171875
92405228,2024,2024-06-04,9360,2024-05-15,"720 ",016524,,3,1,3,4980,0,1,2,,2,020,"US 101 N/B TO ARATA LN","ARATA LN",792.00,S,N,B,-,Y,SON,,101," "," ",30.564,H,,R,N,2,0,1,1,A,-,08,22107,,N,E,I,A,A,H,-,A,D,0,,,,,Y,,A,01,1,0,0,0,0,0,0,0,0,"- ","- ",38.560550689697266,-122.82147979736328,SONOMA,WINDSOR,-122.82161712646484,38.560470581054688
92409224,2024,2024-06-07,9360,2024-05-20,1350,023359,,1,1,9,4900,0,3,5,,2,001,"SKAGGS SPRINGS RD","ROCKPILE RD",900.00,S,N,A,-,N,,,,,,,,,,Y,2,0,1,1,A,-,08,22107,,N,F,A,A,A,H,-,A,D,0,,,Y,,Y,,C,02,1,0,0,0,0,0,0,0,1,"- ","- ",38.711860656738281,-123.00334930419922,SONOMA,UNINCORPORATED,,
92416005,2023,2024-09-11,9360,2023-10-24,"300 ",023342,,2,3,6,4905,0,1,2,,2,040,"US-101 N/B","HEARN AVE",4118.00,S,N,E,-,Y,SON,,101," "," ",17.721,H,,R,Y,2,0,1,1,A,-,08,22107,,N,E,I,A,A,H,-,D,D,0,,,,Y,Y,,F,26,1,0,0,0,0,0,0,0,0,"- ","- ",38.403430938720703,-122.7159423828125,SONOMA,"SANTA ROSA",-122.71597290039062,38.403430938720703
92417121,2024,2024-06-18,9360,2024-06-09,1105,021195,,7,1,9,4900,0,1,3,,1,061,SR-1,"KRUSE RANCH ROAD",9504.00,N,N,A,-,Y,SON,,1," ",R,44.698,H,,R,N,2,0,1,1,A,-,03,22350,,N,F,J,A,A,G,-,A,D,0,,,Y,,Y,,C,02,1,0,0,0,0,0,0,0,1,"- ","- ",38.614158630371094,-123.36620330810547,SONOMA,UNINCORPORATED,-123.36616516113281,38.614204406738281
92443001,2024,2024-07-18,9360,2024-04-16,1406,022695,,2,2,9,4900,0,2,4,,1,047,"LAKEVILLE HIGHWAY","OLD LAKEVILLE NUMBER 3 ROAD",1584.00,S,N,A,-,N,,,,,,,,,,Y,1,1,3,4,A,-,03,22350,,N,B,C,A,A,H,-,A,D,0,,,,,Y,,A,01,0,3,0,0,0,0,0,0,0,"- ","- ",38.170978546142578,-122.51937866210938,SONOMA,UNINCORPORATED,,
9256136,2021,2021-05-25,4907,2021-03-22,0758,1101745,,1,5,2,4907,0,0,0,,0,SO1,"RT 12","LOMITA AV",190.00,S,N,A,-,Y,SON,4,12,-,-,36.120,H,-,W,Y,1,1,0,2,A,-,11,21954,A,N,G,B,D,A,H,-,A,D,0,Y,,,,Y,,N,60,0,0,0,1,0,0,0,0,0,"- ","- ",38.300678253173828,-122.47438049316406,SONOMA,SONOMA,-122.47495269775391,38.300445556640625
9264391,2021,2021-06-15,4908,2021-04-15,1014,1944,15,4,5,5,4908,0,0,0,,0,001,"LAKEVILLE HWY","SOUTH MCDOWELL BL",0.00,,Y,A,-,Y,SON,4,116,-,-,36.741,I,5,E,Y,2,0,2,1,A,-,03,22350,,N,E,I,A,A,H,-,A,D,0,,,,,Y,,D,22,2,0,0,0,0,0,0,0,0,"- ","- ",38.232540130615234,-122.58789825439453,SONOMA,PETALUMA,-122.58769989013672,38.233203887939453
9273228,2020,2021-06-18,4906,2020-06-06,1402,465,4906,6,5,2,4906,0,0,0,,0,,"MORRIS ST","LAGUNA PARK WY",0.00,,Y,A,-,N,,,,,,,,,,Y,2,0,2,2,A,-,08,22107,,N,D,C,A,A,H,-,A,A,0,,,Y,,Y,,A,01,1,1,0,0,0,0,0,0,2,"- ","- ",38.405338287353516,-122.81967163085938,SONOMA,SEBASTOPOL,-122.81963348388672,38.405239105224609
9282780,2021,2021-07-20,4908,2021-06-15,1828,3382,6,2,5,5,4908,0,0,0,,0,003,"PETALUMA BL NORTH","CINNABAR AV",840.00,N,N,A,-,N,,,,,,,,,,Y,2,0,1,2,A,-,03,22350,,N,C,C,A,A,H,-,A,D,0,,,Y,,Y,,C,02,1,0,0,0,0,0,0,0,1,"- ","- ",,,SONOMA,PETALUMA,-122.64740753173828,38.250801086425781
9312711,2021,2021-09-13,4904,2021-07-17,1519,1040573,,6,5,4,4904,0,0,0,,0,003,"SOUTHWEST BL","NO NAME ST",378.00,W,N,A,-,N,,,,,,,,,,Y,2,0,1,2,A,-,08,22107,,F,D,C,A,A,H,-,A,D,0,,,Y,Y,Y,,F,26,1,0,0,0,0,0,0,0,0,"- ","- ",38.335838317871094,-122.70938110351562,SONOMA,"ROHNERT PARK",-122.71073150634766,38.336009979248047