CASE_ID,ACCIDENT_YEAR,PROC_DATE,JURIS,COLLISION_DATE,COLLISION_TIME,OFFICER_ID,REPORTING_DISTRICT,DAY_OF_WEEK,CHP_SHIFT,POPULATION,CNTY_CITY_LOC,SPECIAL_COND,BEAT_TYPE,CHP_BEAT_TYPE,CITY_DIVISION_LAPD,CHP_BEAT_CLASS,BEAT_NUMBER,PRIMARY_RD,SECONDARY_RD,DISTANCE,DIRECTION,INTERSECTION,WEATHER_1,WEATHER_2,STATE_HWY_IND,CALTRANS_COUNTY,CALTRANS_DISTRICT,STATE_ROUTE,ROUTE_SUFFIX,POSTMILE_PREFIX,POSTMILE,LOCATION_TYPE,RAMP_INTERSECTION,SIDE_OF_HWY,TOW_AWAY,COLLISION_SEVERITY,NUMBER_KILLED,NUMBER_INJURED,PARTY_COUNT,PRIMARY_COLL_FACTOR,PCF_CODE_OF_VIOL,PCF_VIOL_CATEGORY,PCF_VIOLATION,PCF_VIOL_SUBSECTION,HIT_AND_RUN,TYPE_OF_COLLISION,MVIW,PED_ACTION,ROAD_SURFACE,ROAD_COND_1,ROAD_COND_2,LIGHTING,CONTROL_DEVICE,CHP_ROAD_TYPE,PEDESTRIAN_ACCIDENT,BICYCLE_ACCIDENT,MOTORCYCLE_ACCIDENT,TRUCK_ACCIDENT,NOT_PRIVATE_PROPERTY,ALCOHOL_INVOLVED,STWD_VEHTYPE_AT_FAULT,CHP_VEHTYPE_AT_FAULT,COUNT_SEVERE_INJ,COUNT_VISIBLE_INJ,COUNT_COMPLAINT_PAIN,COUNT_PED_KILLED,COUNT_PED_INJURED,COUNT_BICYCLIST_KILLED,COUNT_BICYCLIST_INJURED,COUNT_MC_KILLED,COUNT_MC_INJURED,PRIMARY_RAMP,SECONDARY_RAMP,LATITUDE,LONGITUDE,COUNTY,CITY,POINT_X,POINT_Y
9319266,2021,2021-10-04,4901,2021-08-18,1615,086,,3,5,2,4901,0,0,0,,0,,"EAST FIRST ST","RIVER PARK TRAIL S",0.00,,Y,A,-,N,,,,,,,,,,N,2,0,1,2,A,-,09,21801,,M,D,C,A,A,H,-,A,D,0,,,Y,,Y,,C,02,1,0,0,0,0,0,0,0,1,"- ","- ",38.808921813964844,-123.00789642333984,SONOMA,CLOVERDALE,-121.14128112792969,41.122421264648438
9320833,2021,2023-06-17,4905,2021-09-02,2019,1060541,,4,5,6,4905,0,0,0,,0,10607,"SOBASTOPOL RD","BURBANK AV",0.00,,Y,A,-,N,,,,,,,,,,Y,1,1,4,2,A,-,12,21453,A,N,A,C,A,A,H,-,C,A,0,,,,,Y,,A,01,4,0,0,0,0,0,0,0,0,"- ","- ",38.428241729736328,-122.73636627197266,SONOMA,"SANTA ROSA",-122.73532867431641,38.428253173828125
9358983,2021,2021-12-28,4905,2021-07-09,0000,1060526,,5,5,6,4905,0,0,0,,0,10607,"SEBASTOPOL RD","KENMORE LN",245.00,W,N,A,-,N,,,,,,,,,,Y,2,0,1,2,A,-,03,22350,,N,D,C,A,A,H,-,A,D,0,,,Y,Y,Y,Y,C,02,1,0,0,0,0,0,0,0,1,"- ","- ",38.426849365234375,-122.74131774902344,SONOMA,"SANTA ROSA",-122.74395751953125,38.426677703857422
9360747,2021,2021-11-18,4905,2021-09-25,1124,1060550,,6,5,6,4905,0,0,0,,0,007,"STONY POINT RD","BELLEVUE AV",150.00,N,N,A,-,N,,,,,,,,,,Y,2,0,1,2,A,-,21,22106,,N,C,C,A,A,H,-,A,A,0,,,Y,,Y,,A,08,1,0,0,0,0,0,0,0,1,"- ","- ",38.401821136474609,-122.74144744873047,SONOMA,"SANTA ROSA",-122.74146270751953,38.402233123779297
9372275,2021,2021-12-08,4905,2021-08-10,2223,1060516,,2,5,6,4905,0,0,0,,0,001,"COLLEGE AV","RT 101",25.00,W,N,A,-,Y,SON,4,101,-,-,20.949,R,4,S,N,2,0,1,1,A,-,01,23152,A,N,H,A,A,A,H,-,C,A,0,,,Y,,Y,Y,C,02,1,0,0,0,0,0,0,0,1,"- ",SF,38.445808410644531,-122.72395324707031,SONOMA,"SANTA ROSA",-122.7255859375,38.448200225830078
9386550,2021,2022-01-12,4904,2021-12-04,1344,1040561,4904,6,5,4,4904,0,0,0,,0,002,"ROHNERT PARK EXPWY","LABATH AV",283.00,W,N,B,-,N,,,,,,,,,,Y,2,0,1,1,A,-,07,21658,A,N,E,I,A,A,H,-,A,D,0,,,,,Y,,D,23,1,0,0,0,0,0,0,0,0,"- ","- ",38.348979949951172,-122.72103881835938,SONOMA,"ROHNERT PARK",-122.72219085693359,38.348949432373047
9414501,2022,2022-03-17,4901,2022-03-04,0545,101,4901,5,5,2,4901,0,0,0,,0,,"SOUTH CLOVERDALE BL","SOUTH/HEALDSBURG AV",0.00,,Y,A,-,N,,,,,,,,,,N,2,0,2,2,A,-,10,21950,A,F,G,B,B,A,H,-,C,A,0,Y,,,,Y,,A,01,1,1,0,0,1,0,0,0,0,"- ","- ",38.800800323486328,-123.01641845703125,SONOMA,CLOVERDALE,-123.01645660400391,38.800762176513672
9428472,2022,2022-05-10,4906,2022-03-14,1554,411,4906,1,5,2,4906,0,0,0,,0,,"BODEGA AV","PLEASANT HILL AV NORTH",200.00,W,N,A,-,N,,,,,,,,,,Y,2,0,3,2,A,-,03,22350,,N,C,C,A,A,H,-,A,A,0,,,,,Y,,A,01,1,2,0,0,0,0,0,0,0,"- ","- ",38.402141571044922,-122.82388305664062,SONOMA,SEBASTOPOL,-122.84009552001953,38.398166656494141
9434475,2021,2022-04-12,4905,2021-12-12,0137,1060541,,7,5,6,4905,0,0,0,,0,002,"OLD REDWOOD HWY","ROUND BARN CI",242.00,N,N,C,-,N,,,,,,,,,,N,2,0,2,2,A,-,01,23152,A,F,A,H,A,B,H,-,C,D,0,,,,,Y,Y,A,01,1,1,0,0,0,0,0,0,0,"- ","- ",38.479549407958984,-122.73222351074219,SONOMA,"SANTA ROSA",,
94374061,2024,2024-08-28,9360,2024-08-17,1743,022695,,6,2,9,4900,0,2,4,,1,032,"RIVER ROAD","RIVER DRIVE",105.00,W,N,A,-,N,,,,,,,,,,N,2,0,1,2,A,-,03,22350,,N,C,C,A,A,H,-,A,D,0,,,Y,,Y,,C,02,1,0,0,0,0,0,0,0,1,"- ","- ",38.509201049804688,-122.92314910888672,SONOMA,UNINCORPORATED,-122.92283630371094,38.509239196777344
94382368,2024,2024-09-05,9360,2024-08-25,1600,022257,,7,2,9,4900,0,2,4,,1,054,"BLOOMFIELD ROAD","KENNEDY ROAD",3050.00,S,N,A,-,N,,,,,,,,,,N,2,0,1,2,A,-,09,21804,B,N,D,C,A,A,H,-,A,D,0,,,,,Y,,A,07,1,0,0,0,0,0,0,0,0,"- ","- ",38.356311798095703,-122.81964874267578,SONOMA,UNINCORPORATED,-122.819580078125,38.356315612792969
94383146,2024,2024-11-21,9360,2024-08-24,2010,022241,,6,2,9,4900,0,3,5,,2,003,"OCCIDENTAL ROAD","PIEZZI RD",1680.00,E,N,A,-,N,,,,,,,,,,Y,2,0,3,2,A,-,01,23152,F,N,D,2,A,A,H,-,A,D,0,,,,,Y,Y,D,22,1,0,2,0,0,0,0,0,0,"- ","- ",38.42333984375,-122.79139709472656,SONOMA,UNINCORPORATED,-122.79144287109375,38.423320770263672
94384784,2024,2024-09-06,9360,2024-08-26,2000,022257,,1,2,9,4900,0,3,5,,2,003,"SANFORD RD","OCCIDENTAL ROAD",1700.00,N,N,A,-,N,,,,,,,,,,N,2,0,1,2,A,-,03,22350,,N,G,B,E,A,H,-,D,D,0,Y,,,,Y,,A,01,1,0,0,0,1,0,0,0,0,"- ","- ",38.42974853515625,-122.82524108886719,SONOMA,UNINCORPORATED,-122.82517242431641,38.429679870605469
94384794,2024,2024-10-10,9360,2024-08-27,1650,021893,,2,2,9,4900,0,2,4,,1,038,"BOHEMIAN HWY","PASTURE RD",1056.00,S,N,A,-,N,,,,,,,,,,Y,2,0,1,1,A,-,01,23152,A,N,E,8,A,A,H,-,A,D,0,,,,,Y,Y,A,07,1,0,0,0,0,0,0,0,0,"- ","- ",38.381698608398438,-122.93325805664062,SONOMA,UNINCORPORATED,,
94425861,2024,2024-10-10,9360,2024-09-26,1335,019083,,4,1,9,4900,0,2,4,,1,054,"VALLEY FORD ROAD","GERICKE RD",1133.00,E,N,A,-,N,,,,,,,,,,Y,2,0,1,1,A,-,08,22107,,N,E,I,A,A,H,-,A,D,0,,,,,Y,,A,01,1,0,0,0,0,0,0,0,0,"- ","- ",38.313518524169922,-122.86859130859375,SONOMA,UNINCORPORATED,-122.86839294433594,38.313446044921875
94446105,2024,2024-10-25,9360,2024-06-25,2205,022888,,2,3,9,4900,0,2,4,,1,032,"RIVER RD.","MARTINELLI RD",358.00,W,N,A,-,N,,,,,,,,,,Y,1,2,1,2,A,-,05,21460,A,N,A,C,A,A,H,-,D,D,0,,,,,Y,,A,01,0,1,0,0,0,0,0,0,0,"- ","- ",38.503879547119141,-122.91108703613281,SONOMA,UNINCORPORATED,-122.91103363037109,38.50384521484375
94461621,2024,2024-11-07,9360,2024-10-20,1700,023838,,7,2,9,4900,0,3,5,,2,002,"CALISTOGA RD","PLUM RANCH RD",719.00,S,N,A,-,N,,,,,,,,,,Y,2,0,1,1,A,-,01,23152,A,N,E,I,A,A,H,-,A,D,0,,,,,Y,Y,A,07,1,0,0,0,0,0,0,0,0,"- ","- ",38.496570587158203,-122.6556396484375,SONOMA,UNINCORPORATED,-122.65557098388672,38.496597290039062
94485684,2024,2024-11-27,9360,2024-11-18,1610,021893,,1,2,9,4900,0,2,4,,1,034,"GUERNEVILLE RD","LAGUNA RD",528.00,W,N,A,-,N,,,,,,,,,,Y,2,0,2,3,A,-,03,22350,,N,C,2,A,A,H,-,A,D,0,,,,,Y,,A,01,1,0,1,0,0,0,0,0,0,"- ","- ",38.450931549072266,-122.85040283203125,SONOMA,UNINCORPORATED,-122.84865570068359,38.450977325439453
94490792,2024,2025-03-17,9360,2024-10-30,"729 ",017693,,3,1,9,4900,0,2,4,,1,043,"OLD REDWOOD HIGHWAY","WEST RAILROAD AVENUE",1584.00,S,N,B,-,N,,,,,,,,,,Y,1,1,0,2,A,-,03,22350,,N,D,C,A,A,H,-,A,D,0,,,Y,,Y,,C,02,0,0,0,0,0,0,0,1,0,"- ","- ",38.310638427734375,-122.69132232666016,SONOMA,UNINCORPORATED,-122.69132995605469,38.310707092285156
94496269,2024,2024-12-11,9360,2024-11-26,"243 ",022888,,2,3,9,4900,0,1,2,,2,050,US-101,"TODD RD.",3168.00,S,N,C,-,Y,SON,,101," "," ",15.926,H,,R,Y,2,0,1,1,A,-,01,23152,A,N,E,I,A,B,H,-,D,D,0,,,,,Y,Y,A,01,1,0,0,0,0,0,0,0,0,"- ","- ",38.377449035644531,-122.71601104736328,SONOMA,UNINCORPORATED,-122.71612548828125,38.377449035644531
94512060,2024,2025-05-29,9360,2024-08-29,1151,020266,,4,1,6,4905,0,1,3,,1,051,"STATE ROUTE 12 WESTBOUND","FULTON ROAD",1531.00,E,N,A,-,Y,SON,,12," ",R,13.243,H,,L,Y,1,1,9,12,A,-,03,22350,,N,C,C,A,A,H,-,A,D,0,,,,Y,Y,,F,27,1,5,3,0,0,0,0,0,0,"- ","- ",38.428600311279297,-122.76377868652344,SONOMA,"SANTA ROSA",-122.76377868652344,38.428573608398438
94520065,2024,2024-12-30,9360,2024-10-12,1200,022108,,6,1,9,4900,0,1,2,,2,020,"US-101 N/B","CANYON RD",2578.00,S,N,C,-,Y,SON,,101," ",R,42.836,H,,L,Y,1,1,5,2,A,-,03,22350,,N,D,C,A,B,H,-,A,D,0,,,,,Y,,A,01,4,1,0,0,0,0,0,0,0,"- ","- ",38.708229064941406,-122.91230773925781,SONOMA,UNINCORPORATED,-122.91234588623047,38.708175659179688
94524831,2024,2025-01-03,9360,2024-10-26,1823,023838,,6,2,9,4900,0,3,5,,2,002,"AURELIA DRIVE","BERTI LANE",464.00,E,N,A,-,N,,,,,,,,,,N,1,1,0,1,A,-,03,22350,,N,F,A,A,A,H,-,A,D,0,,Y,,,Y,,-,"- ",0,0,0,0,0,1,0,0,0,"- ","- ",38.814220428466797,-123.00637054443359,SONOMA,UNINCORPORATED,-123.00641632080078,38.814197540283203
94527939,2024,2025-01-07,9360,2024-12-22,"705 ",024175,,7,1,9,4900,0,2,4,,1,047,"LAKEVILLE RD",SR-37,7392.00,N,N,B,-,N,,,,,,,,,,Y,2,0,3,1,A,-,01,23152,A,N,E,I,A,A,H,-,A,D,0,,,,,Y,Y,A,01,3,0,0,0,0,0,0,0,0,"- ","- ",38.151741027832031,-122.48966217041016,SONOMA,UNINCORPORATED,-122.47679138183594,38.140110015869141
94565082,2025,2025-02-04,9360,2025-01-14,1315,024199,,2,1,9,4900,0,3,5,,2,004,"SANTA ROSA AVE","TODD RD",455.00,S,N,A,-,N,,,,,,,,,,Y,2,0,1,2,A,-,11,21954,A,N,G,B,D,A,H,-,A,D,0,Y,,,,Y,,N,60,1,0,0,0,1,0,0,0,0,"- ","- ",38.385799407958984,-122.71365356445312,SONOMA,UNINCORPORATED,-122.71360015869141,38.385860443115234
94571284,2025,2025-02-10,9360,2025-01-29,2230,024175,,3,3,9,4900,0,3,5,,2,003,"FULTON RD","KELP TERRACE",210.00,N,N,A,-,N,,,,,,,,,,Y,2,0,2,2,A,-,01,23152,A,N,A,C,A,A,H,-,D,D,0,,,,,Y,Y,A,01,2,0,0,0,0,0,0,0,0,"- ","- ",38.491619110107422,-122.77011871337891,SONOMA,UNINCORPORATED,-122.77011108398438,38.491584777832031
94582078,2025,2025-02-18,9360,2025-02-04,1350,019359,,2,1,9,4900,0,2,4,,1,024,"PETRIFIED FOREST RD","SHARP ROAD",300.00,E,N,C,-,N,,,,,,,,,,Y,2,0,3,2,A,-,05,21460,A,N,A,C,A,B,H,-,A,D,0,,,,Y,Y,,F,26,1,2,0,0,0,0,0,0,0,"- ","- ",38.561519622802734,-122.62380981445312,SONOMA,UNINCORPORATED,-122.62419128417969,38.560386657714844
94584934,2025,2025-02-20,9360,2025-02-08,1545,024055,,6,2,9,4900,0,3,5,,2,007,"TOMALES PETALUMA ROAD","TWIN BRIDGE ROAD",2006.00,E,N,A,-,N,,,,,,,,,,Y,2,0,1,1,A,-,08,22107,,N,F,A,A,A,H,-,A,D,0,,,Y,,Y,,C,02,1,0,0,0,0,0,0,0,1,"- ","- ",38.253879547119141,-122.85269927978516,SONOMA,UNINCORPORATED,,
94595659,2025,2025-03-04,9360,2025-02-24,1430,024184,,1,2,9,4900,0,3,5,,2,003,"OLIVET RD","SPITTLER RD",14.00,S,N,B,-,N,,,,,,,,,,Y,2,0,1,1,A,-,00,22017,,N,E,J,A,B,H,-,A,D,0,,,,,Y,,D,22,1,0,0,0,0,0,0,0,0,"- ","- ",38.456001281738281,-122.81594848632812,SONOMA,UNINCORPORATED,,
94604147,2025,2025-03-18,9360,2025-01-20,2222,020853,,1,3,9,4900,0,2,4,,1,042,"PETALUMA HILL ROAD","LAUREL DRIVE",76.80,S,N,A,-,N,,,,,,,,,,Y,1,1,1,1,A,-,08,22107,,N,E,I,A,A,H,-,D,D,0,,,,,Y,,A,01,0,1,0,0,0,0,0,0,0,"- ","- ",38.341178894042969,-122.66703796386719,SONOMA,UNINCORPORATED,-122.6668701171875,38.341190338134766
94609462,2025,2025-03-18,9360,2025-01-19,"410 ",023438,,7,3,9,4900,0,1,2,,2,020,"US-101 NORTHBOUND","DRY CREEK ROAD",4066.00,N,N,A,-,Y,SON,,101," "," ",37.063,H,,R,Y,1,1,1,1,A,-,01,23152,G,N,E,I,A,A,H,-,D,D,0,,,,,Y,Y,A,01,1,0,0,0,0,0,0,0,0,"- ","- ",38.637348175048828,-122.87703704833984,SONOMA,UNINCORPORATED,-122.87709808349609,38.637363433837891
94625866,2025,2025-03-25,9360,2025-01-04,2209,020853,,6,3,6,4905,0,1,2,,2,040,"US-101 SOUTHBOUND","COLLEGE AVENUE",2915.00,N,N,A,-,Y,SON,,101," "," ",21.316,H,,L,N,1,1,0,2,A,-,11,21954,A,F,G,B,E,A,H,-,D,D,0,Y,,,,Y,,N,60,0,0,0,1,0,0,0,0,0,"- ","- ",38.453590393066406,-122.72631072998047,SONOMA,"SANTA ROSA",-122.72618103027344,38.453586578369141
9464191,2022,2023-03-20,4905,2022-04-24,0313,1060422,,7,5,6,4905,0,0,0,,0,008,"PETALUMA HILL RD","OLD PETALUMA HILL RD",40.00,N,N,A,-,N,,,,,,,,,,Y,1,1,0,1,A,-,03,22350,,N,E,I,A,A,H,-,C,D,0,,,Y,,Y,,C,02,0,0,0,0,0,0,0,1,0,"- ","- ",38.411041259765625,-122.7042236328125,SONOMA,"SANTA ROSA",-122.70433044433594,38.411388397216797
9464398,2022,2022-09-29,4905,2022-01-05,2038,106473,,3,5,6,4905,0,0,0,,0,008,"OLD PETALUMA HILL RD","PETALUMA HILL RD",155.00,S,N,A,-,N,,,,,,,,,,Y,1,1,0,1,A,-,01,23152,A,N,E,I,A,A,H,-,D,A,0,,,,,Y,Y,-,,0,0,0,0,0,0,0,0,0,"- ","- ",38.411041259765625,-122.7042236328125,SONOMA,"SANTA ROSA",-122.70429229736328,38.410854339599609
94649945,2025,2025-04-15,9360,2025-03-16,1455,024175,,7,2,9,4900,0,2,4,,1,046,"WARM SPRINGS ROAD","SADDLE ROAD",470.00,E,N,B,C,N,,,,,,,,,,Y,1,1,0,1,A,-,08,22107,,N,E,I,A,B,H,-,A,D,0,,,,,Y,,A,01,0,0,0,0,0,0,0,0,0,"- ","- ",38.367538452148438,-122.53079986572266,SONOMA,UNINCORPORATED,-122.53082275390625,38.367515563964844
94654617,2025,2025-04-18,9360,2025-04-12,1850,021904,,6,2,5,4908,0,1,2,,2,050,"S/B US-101","PETALUMA BLVD N.",2640.00,N,N,A,-,Y,SON,,101," "," ",8.055,H,,R,Y,2,0,1,2,A,-,01,23152,A,N,C,C,A,A,H,-,A,D,0,,,,,Y,Y,A,01,1,0,0,0,0,0,0,0,0,"- ","- ",38.276149749755859,-122.67542266845703,SONOMA,PETALUMA,-122.67527770996094,38.276264190673828
94657871,2025,2025-04-22,9360,2025-04-20,2200,024310,,7,3,9,4900,0,1,3,,1,021,SR-128,"TRAVERSO RD",750.00,W,N,A,-,Y,SON,,128," "," ",24.574,H,,R,Y,2,0,1,1,A,-,08,22107,,N,E,J,A,A,H,-,D,D,0,,,,,Y,,A,01,1,0,0,0,0,0,0,0,0,"- ","- ",38.604499816894531,-122.64614105224609,SONOMA,UNINCORPORATED,-122.64620208740234,38.604457855224609
94658210,2025,2025-04-22,9360,2025-04-10,2253,021893,,4,3,9,4900,0,1,3,,1,053,SR-116,"STONY POINT RD",0.00,,Y,B,-,N,,,,,,,,,,Y,2,0,2,2,B,-,22,,,N,D,2,A,A,H,-,C,A,0,,,,,Y,,J,48,1,1,0,0,0,0,0,0,0,"- ","- ",38.334541320800781,-122.73832702636719,SONOMA,UNINCORPORATED,-122.73834228515625,38.334571838378906
94674668,2025,2025-05-05,9360,2025-03-28,2500,019794,,5,4,9,4900,0,2,4,,1,057,"PETALUMA BOULEVARD NORTH","CORONA ROAD",1320.00,N,N,B,-,N,,,,,,,,,,N,1,1,0,2,D,-,00,,,F,G,B,E,B,H,-,C,D,0,Y,,,,Y,,-,"- ",0,0,0,1,0,0,0,0,0,"- ","- ",38.261730194091797,-122.66419219970703,SONOMA,UNINCORPORATED,-122.66449737548828,38.261852264404297
94722123,2025,2025-08-26,9360,2025-06-03,1720,019083,,2,2,5,4908,0,1,2,,1,060,US-101,"EAST WASHINGTON ST O/C",200.00,N,N,A,-,N,,,,,,,,,,N,2,0,1,2,A,-,03,22350,,N,C,C,A,A,H,-,A,D,0,,,Y,,Y,,C,02,1,0,0,0,0,0,0,0,1,"- ","- ",38.247768402099609,-122.62931060791016,SONOMA,PETALUMA,-122.62818908691406,38.247200012207031
94728483,2025,2025-06-17,9360,2025-06-02,2300,024385,,1,3,6,4905,0,1,2,,2,040,"US-101 SOUTHBOUND","SR-12 OVERCROSSING",370.00,S,N,A,-,Y,SON,,101," "," ",19.551,H,,L,Y,2,0,1,1,A,-,01,23152,A,N,E,8,A,A,H,-,C,D,0,,,,,Y,Y,D,22,1,0,0,0,0,0,0,0,0,"- ","- ",38.429779052734375,-122.71514129638672,SONOMA,"SANTA ROSA",-122.71524047851562,38.429779052734375
94740489,2025,2025-06-26,9325,2025-06-10,1935,023926,,2,2,9,4900,0,2,4,,1,064,"ARNOLD DR","CECELIA DR",0.00,,Y,A,-,N,,,,,,,,,,Y,2,0,4,4,A,-,00,23153,F,N,C,2,A,A,H,-,A,D,0,,,,,Y,,A,01,1,3,0,0,0,0,0,0,0,"- ","- ",38.343109130859375,-122.51399230957031,SONOMA,UNINCORPORATED,-122.51402282714844,38.343151092529297
94761689,2025,2025-07-15,9360,2025-06-21,2115,024229,,6,2,9,4900,0,3,5,,2,003,"OCCIDENTAL ROAD","IRWIN LN",1480.00,W,N,A,-,N,,,,,,,,,,Y,2,0,3,2,A,-,01,23152,A,N,D,C,A,A,H,-,C,D,0,,,Y,,Y,Y,A,01,2,1,0,0,0,0,0,0,2,"- ","- ",38.423351287841797,-122.79322814941406,SONOMA,UNINCORPORATED,-122.79323577880859,38.423313140869141
94837354,2025,2025-09-09,9360,2025-05-24,1600,021904,,6,2,9,4900,0,2,4,,1,054,"BLOOMFIELD ROAD","HARVARD DRIVE",135.00,S,N,A,-,N,,,,,,,,,,Y,1,1,0,1,A,-,01,23152,A,N,E,8,A,A,H,-,A,D,0,,,,,Y,Y,A,07,0,0,0,0,0,0,0,0,0,"- ","- ",38.375259399414062,-122.80623626708984,SONOMA,UNINCORPORATED,-122.80629730224609,38.375038146972656
9506035,2022,2022-11-14,4903,2022-10-02,2041,1586,2,7,5,3,4903,0,0,0,,0,00R,"HEALDSBURG AV","BAILHACHE AV",0.00,,Y,A,-,N,,,,,,,,,,Y,2,0,1,1,A,-,03,22350,,N,E,I,A,A,H,-,C,D,0,,,,,Y,,A,01,1,0,0,0,0,0,0,0,0,"- ","- ",38.604068756103516,-122.85800933837891,SONOMA,HEALDSBURG,-122.85639953613281,38.603008270263672
9520332,2022,2023-02-22,4905,2022-02-28,2254,1060541,,1,5,6,4905,0,0,0,,0,005,"STONY POINT RD","OCCIDENTAL RD (RT 12)",250.00,S,N,A,-,Y,SON,4,12,-,R,14.255,R,4,W,N,1,1,0,2,A,-,11,21955,,N,G,B,D,A,H,-,C,D,0,Y,,,,Y,,N,60,0,0,0,1,0,0,0,0,0,"- ","- ",38.430591583251953,-122.74178314208984,SONOMA,"SANTA ROSA",-122.7452392578125,38.429897308349609
9525550,2022,2023-01-30,4905,2022-04-27,1550,1060588,,3,5,6,4905,0,0,0,,0,003,"PINER RD","MARLOW RD",10.00,E,N,A,-,N,,,,,,,,,,Y,2,0,2,4,A,-,01,23153,F,N,D,C,A,A,H,-,A,D,0,,,,,Y,,-,,1,0,1,0,0,0,0,0,0,"- ","- ",38.467090606689453,-122.75119781494141,SONOMA,"SANTA ROSA",-122.75114440917969,38.467109680175781
9549981,2023,2023-03-04,4903,2023-01-01,"106 ",1586,,7,5,3,4903,0,0,0,,0,00R,"PIPER ST","HEALDSBURG AV",0.00,,Y,A,-,N,,,,,,,,,,N,2,0,1,2,A,-,11,21456,B,N,G,B,B,A,H,-,E,A,0,Y,,,,Y,Y,N,60,1,0,0,0,1,0,0,0,0,"- ","- ",38.614280700683594,-122.87187957763672,SONOMA,HEALDSBURG,-122.87188720703125,38.614265441894531
9610710,2023,2023-09-14,4903,2023-07-28,"701 ",1768,1,5,5,3,4903,0,0,0,,0,00R,"HEALDSBURG AV","PASSALACQUA RD",0.00,,Y,A,-,N,,,,,,,,,,Y,2,0,1,1,A,-,03,22350,,N,E,I,A,A,H,-,A,D,0,,,Y,,Y,,C,02,1,0,0,0,0,0,0,0,1,"- ","- ",38.64447021484375,-122.87023162841797,SONOMA,HEALDSBURG,-122.87020874023438,38.644451141357422
9640537,2023,2025-07-01,4903,2023-12-09,1726,1911,,6,5,3,4903,0,0,0,,0,00R,"DRY CREEK RD","GROVE ST",0.00,,Y,A,-,N,,,,,,,,,,Y,1,1,1,2,A,-,01,23152,B,N,D,C,A,A,H,-,C,A,0,,,Y,,Y,Y,C,02,0,1,0,0,0,0,0,1,0,"- ","- ",38.626140594482422,-122.87613677978516,SONOMA,HEALDSBURG,-122.87577056884766,38.626270294189453
9653892,2023,2024-03-11,4901,2023-12-17,1902,101,4901,7,5,2,4901,0,0,0,,0,,"S FOOTHILL BL","ELBRIDGE AV",0.00,,Y,C,-,N,,,,,,,,,,Y,2,0,2,1,A,-,08,22107,,N,E,I,A,B,H,-,C,D,0,,,,,Y,Y,A,01,1,1,0,0,0,0,0,0,0,"- ","- ",38.7843017578125,-123.02001190185547,SONOMA,CLOVERDALE,-123.02000427246094,38.784320831298828
9686620,2024,2024-07-31,4900,2024-05-27,1115,1102743,WINDS,1,5,3,4980,0,0,0,,0,008,"JOHNSON ST","BELL RD",0.00,,Y,A,-,N,,,,,,,,,,N,2,0,1,2,A,-,12,22450,A,N,G,B,B,A,H,-,A,A,0,Y,,,,Y,,A,01,1,0,0,0,1,0,0,0,0,"- ","- ",38.546699523925781,-122.81371307373047,SONOMA,WINDSOR,-122.813720703125,38.546623229980469
9696520,2024,2024-06-03,4901,2024-05-13,1719,086,,1,5,2,4901,0,0,0,,0,,"CLOVERDALE BL","SCHOOL ST",0.00,,Y,A,-,N,,,,,,,,,,N,2,0,2,2,A,-,12,22450,A,N,B,C,A,A,H,-,A,A,0,,,,,Y,,-,,2,0,0,0,0,0,0,0,0,"- ","- ",,,SONOMA,CLOVERDALE,-123.02114105224609,38.81085205078125
9708989,2024,2024-08-02,4903,2024-06-22,1000,1768,,6,5,3,4903,0,0,0,,0,00R,"DRY CREEK RD","GROVE ST",0.00,,Y,A,-,N,,,,,,,,,,N,2,0,1,2,A,-,17,21457,B,N,H,G,A,A,H,-,A,A,0,,Y,,,Y,,A,01,1,0,0,0,0,0,1,0,0,"- ","- ",38.625858306884766,-122.87613677978516,SONOMA,HEALDSBURG,-122.87577056884766,38.626270294189453
9767494,2024,2024-12-24,4900,2024-09-09,1636,1102743,WINDS,1,5,3,4980,0,0,0,,0,008,"OLD REDWOOD HWY","CONDE LN",115.00,E,N,A,-,N,,,,,,,,,,N,2,0,1,2,A,-,11,21955,,N,G,B,D,A,H,-,A,A,0,Y,,,,Y,,N,60,1,0,0,0,1,0,0,0,0,"- ","- ",38.547451019287109,-122.81089019775391,SONOMA,WINDSOR,-122.81049346923828,38.547454833984375
9774996,2024,2025-01-29,4901,2024-12-16,"0   ",110,,1,5,2,4901,0,0,0,,0,,"FRANKLIN ST","HEALDSBURG AV",0.00,,Y,A,-,N,,,,,,,,,,Y,2,0,3,2,A,-,12,22450,A,N,D,C,A,A,H,-,C,D,0,,,,,Y,,D,22,1,1,1,0,0,0,0,0,0,"- ","- ",38.800121307373047,-123.01979827880859,SONOMA,CLOVERDALE,-123.01979064941406,38.800098419189453