CASE_ID,ACCIDENT_YEAR,PROC_DATE,JURIS,COLLISION_DATE,COLLISION_TIME,OFFICER_ID,REPORTING_DISTRICT,DAY_OF_WEEK,CHP_SHIFT,POPULATION,CNTY_CITY_LOC,SPECIAL_COND,BEAT_TYPE,CHP_BEAT_TYPE,CITY_DIVISION_LAPD,CHP_BEAT_CLASS,BEAT_NUMBER,PRIMARY_RD,SECONDARY_RD,DISTANCE,DIRECTION,INTERSECTION,WEATHER_1,WEATHER_2,STATE_HWY_IND,CALTRANS_COUNTY,CALTRANS_DISTRICT,STATE_ROUTE,ROUTE_SUFFIX,POSTMILE_PREFIX,POSTMILE,LOCATION_TYPE,RAMP_INTERSECTION,SIDE_OF_HWY,TOW_AWAY,COLLISION_SEVERITY,NUMBER_KILLED,NUMBER_INJURED,PARTY_COUNT,PRIMARY_COLL_FACTOR,PCF_CODE_OF_VIOL,PCF_VIOL_CATEGORY,PCF_VIOLATION,PCF_VIOL_SUBSECTION,HIT_AND_RUN,TYPE_OF_COLLISION,MVIW,PED_ACTION,ROAD_SURFACE,ROAD_COND_1,ROAD_COND_2,LIGHTING,CONTROL_DEVICE,CHP_ROAD_TYPE,PEDESTRIAN_ACCIDENT,BICYCLE_ACCIDENT,MOTORCYCLE_ACCIDENT,TRUCK_ACCIDENT,NOT_PRIVATE_PROPERTY,ALCOHOL_INVOLVED,STWD_VEHTYPE_AT_FAULT,CHP_VEHTYPE_AT_FAULT,COUNT_SEVERE_INJ,COUNT_VISIBLE_INJ,COUNT_COMPLAINT_PAIN,COUNT_PED_KILLED,COUNT_PED_INJURED,COUNT_BICYCLIST_KILLED,COUNT_BICYCLIST_INJURED,COUNT_MC_KILLED,COUNT_MC_INJURED,PRIMARY_RAMP,SECONDARY_RAMP,LATITUDE,LONGITUDE,COUNTY,CITY,POINT_X,POINT_Y
9786134,2024,2025-04-25,4905,2024-07-26,"617 ",1060550,,5,5,6,4905,0,0,0,,0,004,"FOUNTAINGROVE PKWY","PARKER HILL RD",325.00,W,N,A,-,N,,,,,,,,,,Y,1,1,0,1,A,-,03,22350,,N,E,I,A,A,H,-,B,A,0,,,Y,,Y,,C,02,0,0,0,0,0,0,0,1,0,"- ","- ",,,SONOMA,"SANTA ROSA",-122.70438385009766,38.492534637451172
9794908,2025,2025-04-02,4901,2025-03-05,1710,101,4901,3,5,2,4901,0,0,0,,0,,"JEFFERSON ST","SCHOOL ST",85.00,S,N,A,-,N,,,,,,,,,,N,2,0,2,2,A,-,03,22350,,N,G,B,F,A,H,-,A,D,0,Y,Y,,,Y,,L,04,1,1,0,0,1,0,1,0,0,"- ","- ",38.809410095214844,-123.02407073974609,SONOMA,CLOVERDALE,-123.02389526367188,38.809173583984375
6290648,2014,2014-06-03,9360,2014-03-19,0946,18881,,3,1,9,4900,0,3,5,,2,002,"PINE FLAT RD","RT 128",269.00,N,N,A,-,N,,,,,,,,,,Y,1,1,0,1,A,-,08,22107,,N,E,I,A,A,H,-,A,D,0,,,,,Y,,A,01,0,0,0,0,0,0,0,0,0,"- ","- ",38.672429999999999,-122.8122,SONOMA,UNINCORPORATED,-122.81255441,38.672153729999998
6290675,2014,2014-06-12,9360,2014-04-04,1615,20136,,5,2,9,4900,0,2,4,,1,038,"BODEGA HWY","FURLONG RD",1056.00,W,N,B,-,N,,,,,,,,,,Y,1,1,1,2,A,-,03,22350,,N,A,C,A,B,H,-,A,D,0,,,,,Y,,A,01,0,0,1,0,0,0,0,0,0,"- ","- ",38.388730000000002,-122.88916,SONOMA,UNINCORPORATED,-122.88851658,38.388920910000003
6291076,2014,2014-08-13,9360,2014-05-01,1600,16045,,4,2,9,4900,0,2,4,,1,043,"OLD REDWOOD HWY","MALCOM LN",314.00,N,N,A,-,N,,,,,,,,,,Y,1,1,0,1,A,-,01,23152,A,N,E,I,A,A,H,-,A,D,0,,,,,Y,Y,A,01,0,0,0,0,0,0,0,0,0,"- ","- ",38.29851,-122.67113000000001,SONOMA,UNINCORPORATED,-122.67121602,38.298443820000003
6291080,2014,2015-12-29,4905,2014-05-13,1603,SR422,10605,2,5,6,4905,0,0,0,,0,005,"OCCIDINTAL RD","STONY POINT RD",300.00,W,N,A,-,N,,,,,,,,,,N,1,1,0,3,A,-,01,23152,A,N,G,B,E,A,H,-,A,D,0,Y,,,,Y,Y,D,22,0,0,0,1,0,0,0,0,0,"- ","- ",,,SONOMA,"SANTA ROSA",-122.74291834,38.431496449999997
6291250,2014,2015-12-30,4905,2014-07-08,2229,SR452,10606,2,5,6,4905,0,0,0,,0,006,"RT 12","MOUNTAIN HAWK",0.00,W,N,A,-,Y,SON,4,12,-,-,20.520,H,-,E,Y,1,1,0,2,A,-,11,21956,A,N,G,B,D,A,H,-,D,A,0,Y,,,,Y,,N,60,0,0,0,1,0,0,0,0,0,"- ","- ",,,SONOMA,"SANTA ROSA",-122.64592866,38.463242360000002
6291622,2014,2014-11-18,9325,2014-09-27,2220,19987,,6,3,9,4900,0,1,3,,1,072,"RT 121","RAMAL RD",680.00,N,N,A,-,Y,SON,4,121,-,-,9.670,H,-,S,Y,1,1,2,2,A,-,01,23152,A,N,A,C,A,A,H,-,C,D,0,,,,,Y,Y,A,01,2,0,0,0,0,0,0,0,0,"- ","- ",38.248699999999999,-122.41058,SONOMA,UNINCORPORATED,-122.41094327,38.248323980000002
6291629,2014,2015-12-30,9360,2014-07-22,2202,18497,,2,3,9,4900,0,1,3,,1,053,"RT 116","SPARKES RD",359.00,W,N,B,-,Y,SON,4,116,-,-,28.150,H,-,E,N,1,1,0,2,A,-,11,21954,A,N,G,B,E,A,H,-,D,D,0,Y,,,,Y,,N,60,0,0,0,1,0,0,0,0,0,"- ","- ",38.384250000000002,-122.81204,SONOMA,UNINCORPORATED,-122.81150881000001,38.384026509999998
6292132,2015,2017-04-25,9360,2015-02-20,2500,20176,,5,4,9,4900,0,2,4,,1,044,"ADOBE RD","FRATES RD",1199.00,E,N,B,E,N,,,,,,,,,,Y,1,1,0,1,A,-,01,23152,A,N,E,I,A,B,H,-,D,D,0,,,,,Y,Y,A,01,0,0,0,0,0,0,0,0,0,"- ","- ",38.254649999999998,-122.57505,SONOMA,UNINCORPORATED,-122.57563962,38.254059529999999
6292178,2015,2015-05-26,9360,2015-03-03,2010,19485,,2,2,9,4900,0,1,2,,1,010,"RT 101","ASTI POST OFFICE RD",2112.00,N,N,A,-,Y,SON,4,101,-,R,48.220,H,-,N,Y,1,1,0,1,A,-,01,23152,A,N,E,I,A,A,H,-,D,D,1,,,,,Y,,A,01,0,0,0,0,0,0,0,0,0,"- ","- ",38.761150000000001,-122.98186,SONOMA,UNINCORPORATED,-122.98197455,38.761127100000003
6292391,2015,2015-07-13,9360,2015-03-28,1520,18859,,6,2,9,4900,0,3,5,,2,003,"OCCIDENTAL RD","PIEZZI RD",0.00,,Y,A,-,N,,,,,,,,,,Y,1,1,2,2,A,-,09,21801,A,N,D,C,A,A,H,-,A,D,0,,,Y,,Y,,A,01,2,0,0,0,0,0,0,1,1,"- ","- ",38.423310000000001,-122.79733,SONOMA,UNINCORPORATED,-122.79730988999999,38.423299919999998
6292473,2015,2015-08-14,9360,2015-06-05,2500,18881,,5,4,9,4900,0,1,3,,1,061,"RT 1","MEYERS GRADE RD",13728.00,N,N,B,-,Y,SON,4,1,-,-,29.170,H,-,S,Y,1,1,0,1,A,-,03,22350,,N,F,I,A,A,H,-,-,D,0,,,,,Y,,A,01,0,0,0,0,0,0,0,0,0,"- ","- ",38.495750000000001,-123.2011,SONOMA,UNINCORPORATED,-123.20093203,38.49572637
6292612,2015,2016-01-21,9360,2015-08-01,0335,20369,,6,3,9,4900,0,3,5,,2,003,"OCCIDINTAL RD","PIEZZI RD",1056.00,W,N,A,-,N,,,,,,,,,,Y,1,1,0,2,D,-,00,,,N,B,G,A,A,H,-,D,D,0,,Y,,,Y,Y,-,"- ",0,0,0,0,0,1,0,0,0,"- ","- ",38.423310000000001,-122.80126,SONOMA,UNINCORPORATED,-122.80099722999999,38.423279280000003
6292740,2015,2016-01-22,9360,2015-06-05,2215,20522,,5,3,9,4900,0,3,5,,2,002,"CROCKER RD","RIVER RD",2640.00,W,N,A,-,N,,,,,,,,,,Y,1,1,2,3,A,-,05,21650,,N,B,C,E,A,H,-,C,D,0,Y,,,,Y,,A,01,0,2,0,1,0,0,0,0,0,"- ","- ",38.809420000000003,-123.00691999999999,SONOMA,UNINCORPORATED,-122.99878,38.814129999999999
6341145,2014,2014-06-23,4905,2014-01-05,0054,00001,,7,5,6,4905,0,0,0,,0,,"HOPPER AV","MOCHA LN",101.00,W,N,A,-,N,,,,,,,,,,Y,2,0,3,7,A,-,03,22350,,N,A,E,A,A,H,-,C,D,0,,,,,Y,,A,01,1,2,0,0,0,0,0,0,0,"- ","- ",38.479689999999998,-122.74896,SONOMA,"SANTA ROSA",-122.74901292,38.479676730000001
6364064,2014,2014-06-10,9360,2014-01-30,1327,15420,,4,1,9,4900,0,3,5,,2,003,"AIRPORT BL","AVIATION BL",545.00,E,N,A,-,N,,,,,,,,,,Y,2,0,2,2,A,-,08,22107,,N,D,C,A,A,D,-,A,A,0,,,,Y,Y,Y,A,01,1,1,0,0,0,0,0,0,0,"- ","- ",38.511180000000003,-122.77848,SONOMA,UNINCORPORATED,-122.7792647,38.511131140000003
6370401,2014,2015-10-12,9360,2014-02-04,0645,12848,,2,1,9,4900,0,2,4,,1,047,"LAKEVILLE RD","OLD LAKEVILLE RD #2",3168.00,S,N,B,-,N,,,,,,,,,,N,2,0,1,1,A,-,08,22107,,N,F,A,A,A,H,-,A,D,0,,,,,Y,,A,07,1,0,0,0,0,0,0,0,0,"- ","- ",38.18065,-122.53167999999999,SONOMA,UNINCORPORATED,-122.53768133,38.184433609999999
6370455,2014,2014-06-03,4904,2014-01-08,2355,412,,3,5,4,4904,0,0,0,,0,002,"ROHNERT PARK EXPWY","STATE FARM DR",0.00,,Y,A,-,N,,,,,,,,,,Y,2,0,1,2,A,-,01,23152,A,N,D,C,A,A,H,-,C,A,0,,,,,Y,Y,-,,1,0,0,0,0,0,0,0,0,"- ","- ",,,SONOMA,"ROHNERT PARK",-122.70600992,38.34852995
6379265,2014,2015-10-13,9360,2014-02-09,0200,019681,,7,3,9,4900,0,2,4,,1,054,"BODEGA AV","KING RD",1056.00,W,N,B,C,N,,,,,,,,,,Y,2,0,2,2,A,-,05,21460,A,N,A,C,A,B,H,-,D,D,0,,,,,Y,Y,A,01,1,0,1,0,0,0,0,0,0,"- ","- ",38.36215,-122.71469999999999,SONOMA,UNINCORPORATED,-122.71830469,38.26282561
6381706,2014,2014-06-07,9325,2014-01-23,0248,19067,,4,3,9,4900,0,3,5,,2,005,"RIVERSIDE DR","PETALUMA AV",217.00,E,N,A,-,N,,,,,,,,,,N,2,0,1,2,A,-,11,21954,A,N,G,B,E,A,H,-,D,D,0,Y,,,,Y,Y,N,60,1,0,0,0,1,0,0,0,0,"- ","- ",38.29401,-122.47731,SONOMA,UNINCORPORATED,-122.47718267,38.293956340000001
6393568,2014,2014-06-19,9360,2014-02-15,1935,18859,,6,2,9,4900,0,2,4,,1,032,"RIVER RD","FOOTHILL BL",528.00,W,N,B,C,N,,,,,,,,,,N,2,0,1,2,A,-,11,21954,A,N,G,B,E,B,H,-,D,D,0,Y,,,,Y,Y,N,60,1,0,0,0,1,0,0,0,0,"- ","- ",38.51296,-122.98427,SONOMA,UNINCORPORATED,-122.98366488000001,38.513719219999999
6397554,2014,2014-06-21,9360,2014-02-25,1758,18828,,2,2,9,4900,0,2,4,,1,022,"OLD REDWOOD HWY","DEERWOOD DR",171.00,N,N,A,-,N,,,,,,,,,,Y,2,0,1,2,A,-,09,21804,B,N,D,C,A,A,H,-,B,D,0,,,,,Y,,A,01,1,0,0,0,0,0,0,0,0,"- ","- ",38.505490000000002,-122.75884000000001,SONOMA,UNINCORPORATED,-122.75890228,38.505455240000003
6416949,2014,2016-03-02,9360,2014-03-15,1240,20136,,6,1,9,4900,0,1,3,,1,063,"RT 1","CALLE DEL SOL",1584.00,N,N,A,-,Y,SON,4,1,-,-,15.280,H,-,N,Y,2,0,1,2,A,-,09,21801,A,N,D,C,A,A,H,-,A,D,0,,,Y,,Y,,A,07,1,0,0,0,0,0,0,0,1,"- ","- ",38.385019999999997,-123.08268,SONOMA,UNINCORPORATED,-123.08278776,38.385036470000003
6417375,2014,2016-03-02,9360,2014-03-10,1735,015552,,1,2,9,4900,0,1,3,,1,061,"RT 1","KRUSE RANCH RD",1584.00,S,N,A,-,Y,SON,4,1,-,-,39.860,H,-,N,Y,2,0,1,1,A,-,08,22107,,N,E,I,A,A,H,-,A,D,0,,,,,Y,,A,01,1,0,0,0,0,0,0,0,0,"- ","- ",,,SONOMA,UNINCORPORATED,-123.32233648,38.56971807
6431048,2014,2014-07-01,9360,2014-03-22,0325,020326,,6,3,9,4900,0,3,5,,2,003,"OCCIDENTAL RD","RT 116",1584.00,E,N,A,-,N,,,,,,,,,,Y,2,0,1,1,A,-,01,23152,A,N,E,I,A,A,H,-,D,D,0,,,,,Y,Y,A,01,1,0,0,0,0,0,0,0,0,"- ","- ",38.426749999999998,-122.8432,SONOMA,UNINCORPORATED,,
6444647,2014,2015-11-14,9360,2014-03-16,0337,019092,,7,3,9,4900,0,1,2,,2,040,"RT 101","TODD RD",3168.00,N,N,A,-,Y,SON,4,101,-,-,17.138,H,-,N,Y,2,0,3,6,C,-,18,,,N,C,C,E,A,H,-,D,D,1,Y,,,,Y,Y,-,"- ",2,1,0,0,3,0,0,0,0,"- ","- ",38.394759999999998,-122.71607,SONOMA,UNINCORPORATED,-122.71601020999999,38.39497111
6445174,2014,2014-07-09,9360,2014-03-30,2100,018196,,7,2,9,4900,0,3,5,,2,004,"ROBERTS RD","LICHAU RD",3696.00,W,N,A,-,N,,,,,,,,,,Y,2,0,5,1,A,-,08,22107,,N,F,A,A,A,H,-,D,D,0,,,,,Y,,A,07,2,1,2,0,0,0,0,0,0,"- ","- ",38.331209999999999,-122.65698999999999,SONOMA,UNINCORPORATED,-122.6572812,38.331035219999997
6460551,2014,2016-01-28,9325,2014-04-11,2227,020257,,5,3,9,4900,0,1,3,,1,063,"RT 12","LICHTENBERG AV",105.00,E,N,A,-,Y,SON,4,12,-,-,34.880,H,-,E,N,2,0,1,2,A,-,11,21954,A,N,G,B,D,A,H,-,D,D,0,Y,,,,Y,Y,N,60,1,0,0,0,1,0,0,0,0,"- ","- ",38.316749999999999,-122.48358,SONOMA,UNINCORPORATED,-122.48363784,38.316862360000002
6479318,2014,2016-04-12,9360,2014-04-26,2250,020329,,6,3,9,4900,0,1,3,,1,053,"RT 116","OLD GRAVENSTEIN HWY",1056.00,W,N,A,-,Y,SON,4,116,-,-,29.850,H,-,E,Y,2,0,2,3,A,-,03,22350,,N,C,C,A,A,H,-,D,D,0,,,,,Y,,D,22,1,0,1,0,0,0,0,0,0,"- ","- ",38.37753,-122.79562,SONOMA,UNINCORPORATED,-122.78666423999999,38.371010230000003
6491892,2014,2016-04-12,9350,2014-04-27,2010,019821,,7,2,9,4900,0,1,3,,2,137,"RT 37","RT 121",0.00,,Y,A,-,Y,SON,4,37,-,-,3.900,I,5,W,Y,2,0,2,2,A,-,12,21453,A,N,A,C,A,A,H,-,C,A,0,,,,,Y,,A,08,1,1,0,0,0,0,0,0,0,"- ","- ",38.15117,-122.44967,SONOMA,UNINCORPORATED,-122.44940196,38.150973440000001
6493421,2014,2014-07-21,9360,2014-04-26,1320,19833,,6,1,9,4900,0,2,4,,1,046,"BENNETT VALLEY RD","SONOMA MOUNTAIN RD",1056.00,W,N,A,-,N,,,,,,,,,,Y,2,0,2,2,A,-,08,22107,,N,A,C,A,A,H,-,A,D,0,,,,,Y,,E,22,1,0,1,0,0,0,0,0,0,"- ","- ",38.397620000000003,-122.62893,SONOMA,UNINCORPORATED,-122.62808511999999,38.397611560000001
6501340,2014,2014-08-07,4900,2014-05-08,2011,SD1649,11101,4,5,3,4980,0,0,0,,0,WL1,"SHILOH RD","HEMBREE LN",0.00,,Y,B,-,N,,,,,,,,,,N,2,0,2,2,A,-,09,21453,C,N,A,C,A,A,H,-,B,A,0,,,,,Y,,A,08,1,0,1,0,0,0,0,0,0,"- ","- ",,,SONOMA,WINDSOR,-122.78569998,38.525750000000002
6503139,2014,2016-04-12,9325,2014-05-18,0045,019987,,7,3,9,4900,0,1,3,,1,053,"RT 116","WATMAUGH RD",4224.00,W,N,A,-,Y,SON,4,116,-,-,43.440,H,-,E,Y,2,0,1,1,A,-,01,23152,A,N,E,I,A,A,H,-,D,D,0,,,,,Y,Y,A,01,1,0,0,0,0,0,0,0,0,"- ","- ",38.247520000000002,-122.50044,SONOMA,UNINCORPORATED,-122.50145012,38.245999009999998
6509638,2014,2016-04-12,9325,2014-05-15,2120,019999,,4,2,9,4900,0,1,3,,1,072,"RT 121","8TH ST E",1056.00,N,N,A,-,Y,SON,4,121,-,-,8.320,H,-,S,Y,2,0,3,4,A,-,03,22350,,N,C,C,A,A,H,-,D,D,0,,,,,Y,,A,08,1,1,1,0,0,0,0,0,0,"- ","- ",38.246229999999997,-122.4341,SONOMA,UNINCORPORATED,-122.43418853999999,38.246168439999998
6510482,2014,2014-07-25,9360,2014-04-28,1150,16577,,1,1,9,4900,0,2,4,,1,047,"LAKEVILLE RD","OLD LAKEVILLE NO 3 RD",1584.00,S,N,A,-,N,,,,,,,,,,Y,2,0,3,3,A,-,01,23152,E,N,B,C,A,A,H,-,A,D,0,,,,Y,Y,,A,01,1,1,1,0,0,0,0,0,0,"- ","- ",38.154319999999998,-122.49439,SONOMA,UNINCORPORATED,-122.51880761,38.170600139999998
6517444,2014,2014-08-11,9360,2014-06-07,1210,015420,,6,1,9,4900,0,2,4,,1,044,"ADOBE RD","CORONA RD",2112.00,S,N,A,-,N,,,,,,,,,,N,2,0,1,1,A,-,08,22107,,N,F,A,A,A,H,-,A,D,0,,,Y,,Y,,C,02,1,0,0,0,0,0,0,0,1,"- ","- ",38.282550000000001,-122.63342,SONOMA,UNINCORPORATED,-122.63345959,38.282590040000002
6521929,2014,2014-07-17,4904,2014-04-09,1559,399,,3,5,4,4904,0,0,0,,0,002,"REDWOOD DR","J ROGERS LN",1000.00,S,N,A,-,N,,,,,,,,,,N,2,0,1,1,A,-,03,22350,,N,E,I,A,A,H,-,A,D,0,,,Y,,Y,,C,02,1,0,0,0,0,0,0,0,1,"- ","- ",,,SONOMA,"ROHNERT PARK",-122.71403949,38.352899870000002
6525044,2014,2014-08-07,9360,2014-05-18,1835,19833,,7,2,5,4908,0,2,4,,1,047,"LAKEVILLE HWY","OLD LAKEVILLE RD #2",800.00,S,N,A,-,N,,,,,,,,,,Y,2,0,2,2,A,-,08,22107,,N,A,C,A,A,H,-,A,D,0,,,,,Y,,A,01,1,0,1,0,0,0,0,0,0,"- ","- ",38.182499999999997,-122.53545,SONOMA,PETALUMA,-122.54209843,38.189835260000002
6525068,2014,2016-04-14,9360,2014-05-19,1555,20160,,1,2,9,4900,0,1,2,,2,030,"RT 101","RIVER RD",1650.00,S,N,A,-,Y,SON,4,101,-,-,24.350,H,-,S,Y,2,0,1,2,A,-,07,21658,A,N,B,C,A,A,H,-,A,D,1,,,Y,,Y,,A,01,1,0,0,0,0,0,0,0,1,"- ","- ",38.294400000000003,-122.4512,SONOMA,UNINCORPORATED,-122.74907930000001,38.490955329999998
6525072,2014,2014-08-07,9360,2014-05-30,0206,20266,,5,3,9,4900,0,2,4,,1,032,"RIVER RD","MIRABEL RD",1210.00,W,N,A,-,N,,,,,,,,,,Y,2,0,2,1,A,-,01,23152,E,N,E,I,A,A,H,-,C,D,0,,,,,Y,,A,01,1,1,0,0,0,0,0,0,0,"- ","- ",38.49512,-122.89852999999999,SONOMA,UNINCORPORATED,-122.89874654,38.49533048
6527534,2014,2016-05-10,4905,2014-04-26,1035,SR445,10606,6,5,6,4905,0,0,0,,0,006,"RT 12","MELITA RD",535.00,W,N,A,-,Y,SON,4,12,-,-,21.530,H,-,E,Y,2,0,4,2,A,-,01,23152,A,N,A,C,A,A,H,-,A,D,0,,,,,Y,Y,A,01,3,1,0,0,0,0,0,0,0,"- ","- ",,,SONOMA,"SANTA ROSA",-122.62964732,38.456711159999998
6533664,2014,2014-08-01,4905,2014-05-28,1757,SR485,10605,3,5,6,4905,0,0,0,,0,005,"OCCIDINTAL RD","LEISURE PARK CIR",0.00,,Y,A,-,N,,,,,,,,,,Y,2,0,3,2,A,-,03,22350,,N,C,C,A,A,H,-,A,D,0,,,,,Y,,A,07,2,0,1,0,0,0,0,0,0,"- ","- ",,,SONOMA,"SANTA ROSA",-122.75001,38.429740000000002
6536982,2014,2014-08-20,9360,2014-06-07,1640,019697,,6,2,9,4900,0,2,4,,1,032,"RIVER RD","MIRABEL AV",0.00,,Y,A,-,N,,,,,,,,,,Y,2,0,1,2,A,-,09,21801,A,N,D,C,A,A,H,-,A,D,0,,,Y,,Y,,A,01,1,0,0,0,0,0,0,0,1,"- ","- ",38.49306,-122.89264,SONOMA,UNINCORPORATED,-122.89298994000001,38.493059950000003
6536986,2014,2014-08-20,9360,2014-06-01,0100,020136,,7,3,9,4900,0,2,4,,1,032,"RIVER RD","MARTINELLI RD",595.00,E,N,A,-,N,,,,,,,,,,Y,2,0,1,1,A,-,08,22107,,N,E,I,A,A,H,-,D,D,0,,,,,Y,,A,01,1,0,0,0,0,0,0,0,0,"- ","- ",38.502479999999998,-122.90805,SONOMA,UNINCORPORATED,-122.90806446000001,38.502670629999997
6543246,2014,2014-08-20,4905,2014-06-24,1458,SR383,10605,2,5,6,4905,0,0,0,,0,005,"WEST COLLEGE AV","STONY POINT RD",0.00,,Y,A,-,N,,,,,,,,,,N,2,0,1,2,A,-,10,21950,A,N,G,B,B,A,H,-,A,A,0,Y,,,,Y,,D,22,1,0,0,0,1,0,0,0,0,"- ","- ",,,SONOMA,"SANTA ROSA",-122.75129998,38.445239890000003
6543286,2014,2014-08-18,4905,2014-06-12,1538,SR422,10609,4,5,6,4905,0,0,0,,0,009,"5TH ST","HUMBOLDT ST",0.00,,N,A,-,N,,,,,,,,,,N,2,0,1,1,A,-,03,22350,,N,F,A,A,A,H,-,A,A,0,,,Y,,Y,,C,02,1,0,0,0,0,0,0,0,1,"- ","- ",,,SONOMA,"SANTA ROSA",-122.71307997,38.441739990000002
6543287,2014,2015-05-04,4905,2014-05-05,1907,SR394,10607,1,5,6,4905,0,0,0,,0,007,"RT 12","FULTON RD",0.00,,Y,A,-,Y,SON,4,12,-,R,12.940,I,5,W,Y,2,0,4,3,A,-,12,21453,A,N,D,C,A,A,H,-,A,A,0,,,,,Y,,A,01,1,1,2,0,0,0,0,0,0,"- ","- ",,,SONOMA,"SANTA ROSA",-122.76922003999999,38.427682500000003
6543322,2014,2014-08-18,4905,2014-06-04,1713,SR485,10607,3,5,6,4905,0,0,0,,0,007,"SEBASTOPOL RD","STONY POINT RD",455.00,W,N,A,-,N,,,,,,,,,,N,2,0,1,2,A,-,11,21954,A,N,G,B,D,A,H,-,A,D,0,Y,,,,Y,,N,60,1,0,0,0,1,0,0,0,0,"- ","- ",,,SONOMA,"SANTA ROSA",-122.74293349,38.426757969999997
6558826,2014,2016-01-19,9360,2014-07-01,1440,019405,,2,2,9,4900,0,3,5,,2,003,"HALL RD","IRWIN LN",400.00,E,N,A,-,N,,,,,,,,,,Y,2,0,3,2,A,-,05,21650,,N,B,C,A,A,H,-,A,D,0,,,,,Y,,A,01,2,1,0,0,0,0,0,0,0,"- ","- ",38.437930000000001,-122.78718000000001,SONOMA,UNINCORPORATED,-122.78681311,38.437962480000003
6558865,2014,2016-05-14,9360,2014-07-17,0845,18881,,4,1,9,4900,0,1,3,,1,061,"RT 1","TIMBER COVE RD",9504.00,N,N,B,-,Y,SON,4,1,-,-,37.400,H,-,S,Y,2,0,2,1,A,-,08,22107,,N,E,I,A,A,H,-,A,D,0,,,,,Y,,A,01,1,1,0,0,0,0,0,0,0,"- ","- ",38.547469999999997,-123.29915,SONOMA,UNINCORPORATED,-123.29887100000001,38.547413509999998
6573520,2014,2016-01-13,9360,2014-07-21,0940,20160,,1,1,9,4900,0,2,4,,1,038,"BODEGA HWY","GRANDVIEW RD",120.00,W,N,B,-,N,,,,,,,,,,Y,2,0,4,2,A,-,03,22350,,N,E,I,A,B,H,-,A,D,0,,,,,Y,,D,22,3,0,1,0,0,0,0,0,0,"- ","- ",38.392740000000003,-122.87764,SONOMA,UNINCORPORATED,-122.87751243,38.392811000000002
6576608,2014,2014-08-19,9360,2014-07-26,2030,019359,,6,2,9,4900,0,2,4,,2,056,"STONY POINT RD","RAILROAD AV",1000.00,N,N,A,-,N,,,,,,,,,,Y,2,0,1,1,A,-,08,22107,,N,E,I,A,A,H,-,D,D,0,,,,,Y,,A,01,1,0,0,0,0,0,0,0,0,"- ","- ",38.301009999999998,-122.7154,SONOMA,UNINCORPORATED,-122.71534487,38.30088121
6588083,2014,2014-09-04,9360,2014-08-03,1200,019697,,7,1,9,4900,0,2,4,,1,038,"GRATON RD","FACENDINI LN",1584.00,E,N,A,-,N,,,,,,,,,,N,2,0,1,1,A,-,08,22107,,N,H,A,A,A,H,-,A,D,0,,Y,,,Y,,L,04,1,0,0,0,0,0,1,0,0,"- ","- ",38.414760000000001,-122.92874999999999,SONOMA,UNINCORPORATED,-122.92970712,38.414959359999997
6599767,2014,2014-09-09,9360,2014-08-14,1540,18790,,4,2,9,4900,0,3,5,,2,004,"SCHULTZ RD","BRISTOL RD",1056.00,N,N,A,-,N,,,,,,,,,,N,2,0,1,2,A,-,03,22350,,F,B,G,A,A,H,-,A,D,0,,Y,,,Y,,A,08,1,0,0,0,0,0,1,0,0,"- ","- ",38.400930000000002,-122.57554,SONOMA,UNINCORPORATED,-122.57421208,38.400655620000002
6602143,2014,2014-09-09,4905,2014-06-07,0046,SR452,10607,6,5,6,4905,0,0,0,,0,007,"BELLEVUE AV","CORBY AV",4.00,E,N,A,-,N,,,,,,,,,,Y,2,0,3,1,A,-,01,23152,A,N,E,I,A,A,H,-,C,A,0,,,,,Y,Y,A,07,1,0,2,0,0,0,0,0,0,"- ","- ",,,SONOMA,"SANTA ROSA",-122.71852,38.401829999999997
6603100,2014,2014-08-29,4905,2014-07-11,1752,SR383,10608,5,5,6,4905,0,0,0,,0,008,"SONOMA AV","FARMERS LN",300.00,E,N,A,-,N,,,,,,,,,,N,2,0,1,2,A,-,10,21950,A,N,G,B,C,A,H,-,A,A,0,Y,,,,Y,,A,01,1,0,0,0,1,0,0,0,0,"- ","- ",,,SONOMA,"SANTA ROSA",-122.68670791,38.444785090000003
6603800,2014,2014-09-19,4904,2014-08-06,2340,453,,3,5,4,4904,0,0,0,,0,003,"LANCASTER DR","LIVERY CT",34.00,N,N,B,-,N,,,,,,,,,,N,2,0,1,2,A,-,01,23152,E,N,C,E,A,A,H,-,C,D,0,,,,,Y,,A,07,1,0,0,0,0,0,0,0,0,"- ","- ",,,SONOMA,"ROHNERT PARK",-122.69325705999999,38.327433640000002
6606143,2014,2014-09-23,9360,2014-05-06,1950,19485,,2,2,9,4900,0,3,5,,2,005,"LLANO RD","TODD RD",1584.00,S,N,A,-,N,,,,,,,,,,Y,1,1,2,1,A,-,03,22350,,N,F,I,A,A,H,-,A,D,0,,,,,Y,,A,01,1,1,0,0,0,0,0,0,0,"- ","- ",38.380479999999999,-122.76882999999999,SONOMA,UNINCORPORATED,-122.76877694,38.381901890000002
6606144,2014,2015-12-29,9360,2014-05-03,1756,19833,,6,2,9,4900,0,3,5,,2,002,"FRANZ VALLEY SCHOOL RD","FRANZ VALLEY RD",496.00,E,N,A,-,N,,,,,,,,,,Y,1,1,1,1,A,-,01,23152,A,N,E,I,A,A,H,-,A,D,0,,,,,Y,Y,A,01,1,0,0,0,0,0,0,0,0,"- ","- ",38.582189999999997,-122.67552999999999,SONOMA,UNINCORPORATED,-122.67550430999999,38.582188189999997