CASE_ID,ACCIDENT_YEAR,PROC_DATE,JURIS,COLLISION_DATE,COLLISION_TIME,OFFICER_ID,REPORTING_DISTRICT,DAY_OF_WEEK,CHP_SHIFT,POPULATION,CNTY_CITY_LOC,SPECIAL_COND,BEAT_TYPE,CHP_BEAT_TYPE,CITY_DIVISION_LAPD,CHP_BEAT_CLASS,BEAT_NUMBER,PRIMARY_RD,SECONDARY_RD,DISTANCE,DIRECTION,INTERSECTION,WEATHER_1,WEATHER_2,STATE_HWY_IND,CALTRANS_COUNTY,CALTRANS_DISTRICT,STATE_ROUTE,ROUTE_SUFFIX,POSTMILE_PREFIX,POSTMILE,LOCATION_TYPE,RAMP_INTERSECTION,SIDE_OF_HWY,TOW_AWAY,COLLISION_SEVERITY,NUMBER_KILLED,NUMBER_INJURED,PARTY_COUNT,PRIMARY_COLL_FACTOR,PCF_CODE_OF_VIOL,PCF_VIOL_CATEGORY,PCF_VIOLATION,PCF_VIOL_SUBSECTION,HIT_AND_RUN,TYPE_OF_COLLISION,MVIW,PED_ACTION,ROAD_SURFACE,ROAD_COND_1,ROAD_COND_2,LIGHTING,CONTROL_DEVICE,CHP_ROAD_TYPE,PEDESTRIAN_ACCIDENT,BICYCLE_ACCIDENT,MOTORCYCLE_ACCIDENT,TRUCK_ACCIDENT,NOT_PRIVATE_PROPERTY,ALCOHOL_INVOLVED,STWD_VEHTYPE_AT_FAULT,CHP_VEHTYPE_AT_FAULT,COUNT_SEVERE_INJ,COUNT_VISIBLE_INJ,COUNT_COMPLAINT_PAIN,COUNT_PED_KILLED,COUNT_PED_INJURED,COUNT_BICYCLIST_KILLED,COUNT_BICYCLIST_INJURED,COUNT_MC_KILLED,COUNT_MC_INJURED,PRIMARY_RAMP,SECONDARY_RAMP,LATITUDE,LONGITUDE,COUNTY,CITY,POINT_X,POINT_Y
6606299,2014,2014-10-15,9360,2014-06-25,1514,020160,,3,2,6,4905,0,1,2,,2,030,"RT 101","BICENTENNIAL WY",850.00,S,N,A,-,Y,SON,4,101,-,-,22.370,H,-,S,Y,1,1,0,3,A,-,03,22350,,N,F,A,A,A,H,-,A,D,1,,,Y,,Y,,C,02,0,0,0,0,0,0,0,1,0,"- ","- ",38.467959999999998,-122.72841,SONOMA,"SANTA ROSA",-122.72863934999999,38.468575970000003
6606302,2014,2014-10-15,9360,2014-06-29,0400,020498,,7,3,9,4900,0,1,3,,1,061,"RT 1","ANNAPOLIS RD",2640.00,N,N,A,-,Y,SON,4,1,-,-,52.460,H,-,N,Y,1,3,0,1,A,-,03,22350,,N,E,I,A,A,H,-,D,D,0,,,,,Y,Y,A,01,0,0,0,0,0,0,0,0,0,"- ","- ",38.701270000000001,-123.43268,SONOMA,UNINCORPORATED,-123.4378844,38.70100446
6612615,2014,2014-09-19,4905,2014-08-08,1402,SR5959,10603,5,5,6,4905,0,0,0,,0,003,"FULTON RD","GREENVALE CT",0.00,,Y,A,-,N,,,,,,,,,,Y,2,0,3,2,A,-,09,21804,A,N,D,C,A,A,H,-,A,D,0,,,Y,,Y,,A,01,1,1,1,0,0,0,0,0,1,"- ","- ",,,SONOMA,"SANTA ROSA",-122.76962999,38.448679970000001
6614814,2014,2016-05-25,9360,2014-08-21,0600,016045,,4,1,9,4900,0,1,3,,1,013,"RT 116","FOOTHILL DR",1320.00,W,N,B,-,Y,SON,4,116,-,-,7.020,H,-,W,N,2,0,1,1,A,-,08,22107,,N,F,A,A,A,H,-,A,D,0,,,Y,,Y,,C,02,1,0,0,0,0,0,0,0,1,"- ","- ",38.474719999999998,-123.01734,SONOMA,UNINCORPORATED,-123.01951089000001,38.47572246
6627242,2014,2014-10-06,9360,2014-09-08,1800,020457,,1,2,9,4900,0,2,4,,1,046,"WARM SPRINGS RD","BENNETT VALLEY RD",528.00,S,N,A,-,N,,,,,,,,,,Y,2,0,1,1,A,-,01,23152,A,N,E,I,A,A,H,-,A,D,0,,,,,Y,Y,A,07,1,0,0,0,0,0,0,0,0,"- ","- ",,,SONOMA,UNINCORPORATED,-122.55294979999999,38.379490680000004
6635597,2014,2014-10-29,4903,2014-09-16,1614,1328,2,2,5,3,4903,0,0,0,,0,00S,"GRANT ST","PRINCE ST",0.00,,Y,A,-,N,,,,,,,,,,Y,2,0,1,2,A,-,12,22450,A,N,H,G,A,A,H,-,A,A,0,,Y,,,Y,,L,04,1,0,0,0,0,0,1,0,0,"- ","- ",38.610840000000003,-122.87096,SONOMA,HEALDSBURG,-122.86842998,38.615859980000003
6638919,2014,2016-06-16,9360,2014-09-10,0920,015034,,3,1,9,4900,0,1,2,,2,050,"RT 101","W RAILROAD AV",3696.00,S,N,A,-,Y,SON,4,101,-,-,9.710,H,-,S,Y,2,0,1,2,A,-,03,22350,,N,C,C,A,A,H,-,A,D,1,,,Y,Y,Y,,C,02,1,0,0,0,0,0,0,0,1,"- ","- ",38.294919999999998,-122.7009,SONOMA,UNINCORPORATED,-122.69726743,38.292349889999997
6638931,2014,2016-05-28,9360,2014-09-03,0115,018520,,3,3,9,4900,0,1,2,,1,060,"RT 101","RT 116",0.00,N,N,A,-,Y,SON,4,101,-,-,3.660,H,-,S,N,2,0,2,4,C,-,18,,,N,E,J,F,A,D,-,C,D,1,Y,,,Y,Y,,-,"- ",1,1,0,0,2,0,0,0,0,"- ","- ",38.233330000000002,-122.61815,SONOMA,UNINCORPORATED,-122.61813766,38.233290279999999
6638935,2014,2016-05-25,9360,2014-09-12,1525,018790,,5,2,9,4900,0,1,3,,1,045,"RT 116","STAGE GULCH RD",600.00,N,N,A,-,Y,SON,4,116,-,-,39.220,H,-,E,Y,2,0,1,5,A,-,09,21801,A,M,D,C,A,A,H,-,A,D,0,,,,Y,Y,,A,01,1,0,0,0,0,0,0,0,0,"- ","- ",38.21199,-122.5491,SONOMA,UNINCORPORATED,-122.55006983,38.212504590000002
6639072,2014,2016-01-13,9360,2014-09-10,1530,19366,,3,2,9,4900,0,2,4,,1,032,"RIVER RD","WOOLSEY RD",4752.00,W,N,A,-,N,,,,,,,,,,Y,2,0,1,2,A,-,05,21650,,N,A,C,A,A,H,-,A,D,0,,,,,Y,,A,01,1,0,0,0,0,0,0,0,0,"- ","- ",38.482759999999999,-122.83093,SONOMA,UNINCORPORATED,-122.80344665,38.489723439999999
6640597,2014,2015-07-30,9360,2014-09-15,2105,019744,,1,2,9,4900,0,1,3,,1,013,"RT 116","FORESTVILLE ST",200.00,E,N,A,-,Y,SON,4,116,-,-,19.700,H,-,E,N,1,1,0,1,A,-,08,22107,,N,H,G,A,A,H,-,A,D,0,,Y,,,Y,,L,04,0,0,0,0,0,1,0,0,0,"- ","- ",38.47457,-122.89014,SONOMA,UNINCORPORATED,-122.88976647,38.47362734
6643957,2014,2015-01-22,9360,2014-11-18,1430,015434,,2,2,9,4900,0,3,5,,2,004,"SANTA ROSA AV","BUCKS RD",0.00,,Y,A,-,N,,,,,,,,,,N,2,0,1,2,A,-,05,21650,1,N,D,G,A,A,H,-,A,D,0,,Y,,,Y,,L,04,1,0,0,0,0,0,1,0,0,"- ","- ",38.387900000000002,-122.71335000000001,SONOMA,UNINCORPORATED,-122.71360989999999,38.387739969999998
6649191,2014,2016-05-25,9360,2014-09-19,1335,120136,,5,1,9,4900,0,1,3,,1,037,"RT 116","GREEN VALLEY RD",0.00,,Y,A,-,Y,SON,4,116,-,R,22.136,I,5,E,Y,2,0,2,2,A,-,09,21802,A,N,D,C,A,A,H,-,A,A,0,,,,,Y,,A,01,1,0,1,0,0,0,0,0,0,"- ","- ",38.447890000000001,-122.86716,SONOMA,UNINCORPORATED,-122.86672036,38.445832969999998
6653827,2014,2014-10-15,9360,2014-09-24,1940,018497,,3,2,9,4900,0,2,4,,2,056,"STONY POINT RD","JEWETT RD",1320.00,S,N,B,-,N,,,,,,,,,,Y,2,0,1,1,C,-,18,,,N,H,H,A,A,H,-,D,D,0,,,Y,,Y,,-,"- ",1,0,0,0,0,0,0,0,1,"- ","- ",38.295009999999998,-122.70508,SONOMA,UNINCORPORATED,-122.70584073000001,38.295545959999998
6653828,2014,2014-10-15,9360,2014-09-23,2120,016660,,2,2,9,4900,0,3,5,,2,003,"FULTON RD","RIVER RD",2112.00,N,N,A,-,N,,,,,,,,,,N,2,0,1,2,A,-,11,21956,A,N,G,B,E,A,H,-,D,D,0,Y,,,,Y,,N,60,1,0,0,0,1,0,0,0,0,"- ","- ",38.502789999999997,-122.77009,SONOMA,UNINCORPORATED,-122.77001,38.502330819999997
6676615,2014,2016-06-18,9350,2014-10-04,1135,018319,,6,1,9,4900,0,1,3,,2,137,"RT 37","RT 121",2000.00,W,N,A,-,Y,SON,4,37,-,-,3.520,H,-,E,Y,2,0,4,5,A,-,03,22350,,N,C,C,A,A,H,-,A,D,0,,,Y,,Y,,A,07,1,1,2,0,0,0,0,0,2,"- ","- ",38.146279999999997,-122.45607,SONOMA,UNINCORPORATED,-122.45475150999999,38.147126299999996
6678399,2017,2018-01-23,4905,2017-07-14,0215,SR383,10609,5,5,6,4905,0,0,0,,0,009,"5TH ST","HUMBOLDT ST",0.00,,Y,A,-,N,,,,,,,,,,Y,1,1,0,1,A,-,01,23152,A,N,E,I,A,A,H,-,C,A,0,,,,,Y,Y,D,23,0,0,0,0,0,0,0,0,0,"- ","- ",,,SONOMA,"SANTA ROSA",-122.71307997,38.441739990000002
6683560,2014,2016-06-28,9360,2014-10-18,2014,018196,,6,2,9,4900,0,1,2,,2,050,"RT 101","RAILROAD AV",350.00,N,N,A,-,Y,SON,4,101,-,-,10.730,H,-,N,Y,2,0,1,1,C,-,18,,,N,F,A,A,A,H,-,A,D,1,,,Y,,Y,,-,"- ",1,0,0,0,0,0,0,0,1,"- ","- ",38.304549999999999,-122.70889,SONOMA,UNINCORPORATED,-122.70869644,38.304389999999998
6686428,2014,2016-06-18,9360,2014-10-26,1935,020819,,7,2,9,4900,0,1,3,,1,053,"RT 116","WOODWORTH RD",5.00,W,N,A,-,Y,SON,4,116,-,-,31.880,I,5,E,Y,2,0,1,2,A,-,03,22350,,N,C,C,A,A,H,-,C,D,0,,,,,Y,,D,22,1,0,0,0,0,0,0,0,0,"- ","- ",38.349319999999999,-122.76287000000001,SONOMA,UNINCORPORATED,-122.76284692,38.349272620000001
6688776,2014,2016-04-14,9360,2014-05-25,0755,20136,,7,1,9,4900,0,1,2,,2,050,"RT 101","TODD RD",540.00,S,N,A,-,Y,SON,4,101,-,-,16.440,H,-,N,Y,2,0,4,4,A,-,08,22107,,N,C,E,E,A,H,-,A,D,1,Y,,,,Y,,N,60,1,0,3,0,1,0,0,0,0,"- ","- ",38.384039999999999,-122.71599999999999,SONOMA,UNINCORPORATED,-122.71607778000001,38.384841430000002
6697943,2014,2015-01-08,9360,2014-11-05,1715,015434,,3,2,9,4900,0,2,4,,1,032,"RIVER RD","MARTINELLI RD",0.00,,Y,A,-,N,,,,,,,,,,Y,2,0,2,2,A,-,01,23152,A,N,A,C,A,A,H,-,B,D,0,,,,,Y,Y,D,22,1,0,1,0,0,0,0,0,0,"- ","- ",38.503329999999998,-122.91012000000001,SONOMA,UNINCORPORATED,-122.90994988999999,38.503359979999999
6704056,2014,2016-06-24,4908,2014-11-01,2115,2716,15,6,5,5,4908,0,0,0,,0,001,"LAKEVILLE HWY","BROWNS LN",1836.00,W,N,A,-,Y,SON,4,116,-,-,37.290,H,-,W,N,2,0,3,2,A,-,08,22107,,N,A,C,A,A,H,-,D,D,0,,,,,Y,,A,01,1,1,1,0,0,0,0,0,0,"- ","- ",,,SONOMA,PETALUMA,-122.57925679,38.228494640000001
6705883,2014,2016-06-18,9360,2014-11-01,1235,19366,,6,1,9,4900,0,1,3,,1,037,"RT 116","GREEN VALLEY RD",8448.00,W,N,A,-,Y,SON,4,116,-,-,14.380,H,-,W,Y,2,0,1,1,A,-,08,22107,,N,F,A,A,A,H,-,A,D,0,,,Y,,Y,,C,02,1,0,0,0,0,0,0,0,1,"- ","- ",38.480890000000002,-122.95972999999999,SONOMA,UNINCORPORATED,-122.96172443,38.494199289999997
6710595,2014,2015-01-02,9360,2014-10-27,1455,20160,,1,2,6,4905,1,4,S,,2,901,"WEST COLLEGE AV","NORTH DUTTON AV",0.00,,Y,A,-,N,,,,,,,,,,Y,2,0,1,3,A,-,03,22350,,N,B,C,A,A,H,-,A,A,0,,,Y,,Y,,C,02,1,0,0,0,0,0,0,0,1,"- ","- ",38.445790000000002,-122.73077000000001,SONOMA,"SANTA ROSA",-122.73044991,38.445809959999998
6712696,2014,2014-12-23,4905,2014-10-28,0834,SR487,10604,2,5,6,4905,0,0,0,,0,004,"GARFIELD PARK AV","DUPONT DR",10.00,N,N,A,-,N,,,,,,,,,,N,2,0,1,2,A,-,10,21950,A,N,G,B,B,A,H,-,A,A,0,Y,,,,Y,,D,22,1,0,0,0,1,0,0,0,0,"- ","- ",,,SONOMA,"SANTA ROSA",-122.65460231,38.469031139999998
6712956,2014,2015-01-06,4905,2014-10-11,1245,SR8704,10604,6,5,6,4905,0,0,0,,0,004,"FOUNTAINGROVE PKWY","AIKIN PL",400.00,W,N,A,-,N,,,,,,,,,,Y,2,0,1,2,A,-,05,21651,B,N,A,C,A,A,H,-,A,D,0,,,Y,,Y,,A,01,1,0,0,0,0,0,0,0,1,"- ","- ",,,SONOMA,"SANTA ROSA",,
6717518,2014,2015-01-12,4905,2014-11-03,1914,SR445,10605,1,5,6,4905,0,0,0,,0,005,"OCCIDINTAL RD","BRITTAIN LN",0.00,,Y,A,-,N,,,,,,,,,,Y,2,0,3,2,A,-,09,21802,A,N,D,D,A,A,H,-,C,A,0,,,,,Y,Y,A,01,1,0,2,0,0,0,0,0,0,"- ","- ",,,SONOMA,"SANTA ROSA",-122.75230000000001,38.429589900000003
6718174,2014,2015-03-09,9350,2014-11-04,1513,16577,,2,2,9,4900,0,2,4,,2,024,"MARK WEST SPRINGS RD","MICHELLE WY",67.00,E,N,A,-,N,,,,,,,,,,Y,1,1,0,1,A,-,08,22107,,N,E,I,A,A,H,-,A,D,0,,,,,Y,,A,01,0,0,0,0,0,0,0,0,0,"- ","- ",35.517479999999999,-122.72069,SONOMA,UNINCORPORATED,-122.72058387,38.517407230000003
6718380,2015,2015-03-16,9360,2015-01-12,1814,20819,,1,2,9,4900,0,2,4,,1,032,"RIVER RD","CANYON TWO RD",1056.00,E,N,A,-,N,,,,,,,,,,Y,1,1,1,3,A,-,01,23152,A,N,A,C,A,A,H,-,D,D,0,,,,,Y,Y,A,01,0,1,0,0,0,0,0,0,0,"- ","- ",38.519869999999997,-122.97337,SONOMA,UNINCORPORATED,-122.97469045,38.519776999999998
6718383,2015,2015-03-19,9360,2015-01-16,1328,17693,,5,1,9,4900,0,1,3,,1,041,"RT 12","DUNBAR RD",3432.00,W,N,B,-,Y,SON,4,12,-,-,28.200,H,-,E,Y,1,1,0,2,A,-,08,22107,,N,A,C,A,B,H,-,A,D,0,,,,,Y,,A,01,0,0,0,0,0,0,0,0,0,"- ","- ",38.235709999999997,-122.32165000000001,SONOMA,UNINCORPORATED,-122.53669386999999,38.398017840000001
6718455,2014,2014-12-11,4905,2014-10-13,1450,SR408,10602,1,5,6,4905,0,0,0,,0,002,"MENDOCINO AV","BENTON ST",244.00,S,N,A,-,N,,,,,,,,,,Y,1,1,0,2,A,-,11,21954,A,N,G,B,D,A,H,-,A,D,0,Y,,,,Y,,N,60,0,0,0,1,0,0,0,0,0,"- ","- ",,,SONOMA,"SANTA ROSA",-122.71768768,38.44721011
6718461,2014,2015-12-23,9360,2014-07-20,0226,20565,,7,3,6,4905,0,1,3,,1,051,"RT 12","DUTTON AV",300.00,E,N,A,-,Y,SON,4,12,-,R,15.444,R,2,E,Y,1,1,1,1,A,-,01,23152,A,N,E,I,A,A,-,-,D,A,1,,,,,Y,Y,A,07,0,1,0,0,0,0,0,0,0,FR,"- ",38.43338,-122.72409,SONOMA,"SANTA ROSA",-122.72389552999999,38.433246990000001
6718745,2017,2018-03-28,4906,2017-08-24,1004,451,4906,4,5,2,4906,0,0,0,,0,,"BODEGA AV","RAGLE RD",22.00,W,N,A,-,N,,,,,,,,,,Y,1,1,1,2,A,-,11,21950,B,N,G,B,B,A,H,-,A,A,0,Y,,,,Y,,-,"- ",0,1,0,1,0,0,0,0,0,"- ","- ",38.39799,-122.84268,SONOMA,SEBASTOPOL,-122.84275621,38.397952549999999
6725224,2014,2015-01-23,9360,2014-11-23,1310,017693,,7,1,9,4900,0,2,4,,1,046,"WARM SPRINGS RD","SADDLE RD",300.00,E,N,A,-,N,,,,,,,,,,N,2,0,3,3,A,-,08,22107,,N,H,G,A,A,H,-,A,A,0,,Y,,,Y,,L,04,2,1,0,0,0,0,3,0,0,"- ","- ",38.220359999999999,-122.31536,SONOMA,UNINCORPORATED,-122.53139182,38.36763929
6739280,2014,2014-12-23,4905,2014-07-31,0247,SR394,10602,4,5,6,4905,0,0,0,,0,002,"OLD REDWOOD HWY","KAISER MEDICAL BLD",115.00,S,N,A,-,N,,,,,,,,,,Y,2,0,1,1,A,-,08,22107,,N,E,I,A,A,H,-,C,A,0,,,,,Y,,A,01,1,0,0,0,0,0,0,0,0,"- ","- ",,,SONOMA,"SANTA ROSA",,
6740022,2015,2015-08-04,9325,2015-05-06,0905,17478,,3,1,9,4900,0,1,3,,1,072,"RT 121","NAPA RD",3168.00,S,N,A,-,Y,SON,4,121,-,-,10.190,H,-,S,Y,1,2,1,2,A,-,08,22107,,N,A,C,A,A,H,-,A,D,0,,,,,Y,,D,22,0,1,0,0,0,0,0,0,0,"- ","- ",38.252650000000003,-122.4021,SONOMA,UNINCORPORATED,-122.40371202,38.252645569999999
6749626,2014,2016-06-28,9360,2014-12-05,1145,017693,,5,1,6,4905,0,1,2,,2,040,"RT 101","BAKER AV",400.00,S,N,B,-,Y,SON,4,101,-,-,18.930,H,-,N,Y,2,0,1,4,A,-,07,21658,A,N,C,C,A,B,H,-,A,D,1,,,,Y,Y,,A,01,1,0,0,0,0,0,0,0,0,"- ","- ",38.252299999999998,-122.42552000000001,SONOMA,"SANTA ROSA",-122.71539267,38.421021009999997
6754505,2014,2015-01-27,4905,2014-11-17,1504,SR8703,10603,1,5,6,4905,0,0,0,,0,003,"MARLOW RD","WINDMILL DR",181.00,S,N,A,-,N,,,,,,,,,,Y,2,0,1,2,C,-,18,,,N,C,C,A,A,H,-,A,D,0,,,,Y,Y,,-,"- ",1,0,0,0,0,0,0,0,0,"- ","- ",,,SONOMA,"SANTA ROSA",-122.75125,38.463322810000001
6754509,2014,2015-01-28,4905,2014-11-14,1043,SR341,10609,5,5,6,4905,0,0,0,,0,009,"BROOKWOOD AV","COLLEGE AV",0.00,,Y,A,-,N,,,,,,,,,,Y,2,0,2,4,A,-,12,21453,A,N,D,D,A,A,H,-,A,A,0,,,,,Y,,A,01,1,1,0,0,0,0,0,0,0,"- ","- ",,,SONOMA,"SANTA ROSA",-122.70807988999999,38.445399899999998
6771156,2014,2015-02-06,4905,2014-12-11,1647,SR484,10064,4,5,6,4905,0,0,0,,0,004,"MONTECITO BL","SAINT MARY DR",434.00,E,N,C,G,N,,,,,,,,,,Y,2,0,1,1,A,-,01,23152,F,M,E,I,A,B,H,-,C,A,0,,,,,Y,,A,01,1,0,0,0,0,0,0,0,0,"- ","- ",,,SONOMA,"SANTA ROSA",-122.66339546,38.47862344
6773414,2014,2015-02-12,4904,2014-12-28,0132,368,,7,5,4,4904,0,0,0,,0,001,"GOLF COURSE DR","ROBERTS LAKE RD",165.00,E,N,A,-,N,,,,,,,,,,Y,2,0,1,1,A,-,01,23152,A,N,E,I,A,A,H,-,C,A,0,,,,,Y,Y,A,01,1,0,0,0,0,0,0,0,0,"- ","- ",,,SONOMA,"ROHNERT PARK",-122.71002898,38.363264180000002
6781907,2014,2015-01-23,4905,2014-10-10,1925,SR422,10603,5,5,6,4905,0,0,0,,0,003,"MARLOW RD","GUERNEVILLE RD",285.00,S,N,A,-,N,,,,,,,,,,N,2,0,1,2,A,-,11,21954,A,F,G,B,D,A,H,-,C,D,0,Y,,,,Y,Y,N,60,1,0,0,0,1,0,0,0,0,"- ","- ",,,SONOMA,"SANTA ROSA",-122.75133,38.451876069999997
6782428,2014,2015-02-17,9360,2014-12-27,1525,18196,,6,2,2,4902,0,1,2,,2,050,"RT 101 S","RT 116",125.00,N,N,A,-,Y,,,,,,,,,,Y,2,0,1,5,A,-,03,22350,,N,C,C,A,A,H,-,A,A,0,,,,,Y,,A,01,1,0,0,0,0,0,0,0,0,TO,"- ",38.195450000000001,-122.42484,SONOMA,COTATI,,
6784752,2014,2015-02-18,4904,2014-12-04,2348,403,,4,5,4,4904,0,0,0,,0,001,"FAUNA AV","FILBERT CT",94.00,W,N,B,E,N,,,,,,,,,,N,2,0,1,2,A,-,"- ",,,N,G,B,E,A,-,-,C,D,0,Y,,,,Y,Y,N,60,1,0,0,0,1,0,0,0,0,"- ","- ",38.367759999999997,-122.70269,SONOMA,"ROHNERT PARK",-122.70279408,38.367953249999999
6797477,2015,2015-02-25,9325,2015-01-20,1912,012894,,2,2,9,4900,0,3,5,,2,006,"CARRIGER RD","STREETER RD",308.00,N,N,A,-,N,,,,,,,,,,Y,2,0,1,1,A,-,01,23152,A,N,E,I,A,A,H,-,D,D,0,,,,,Y,Y,A,07,1,0,0,0,0,0,0,0,0,"- ","- ",38.181739999999998,-122.30150999999999,SONOMA,UNINCORPORATED,-122.503046,38.305557999999998
6797480,2015,2016-10-26,9325,2015-01-26,0650,015176,,1,1,9,4900,0,1,3,,1,063,"RT 12","HARLEY ST",0.00,,Y,A,-,Y,SON,4,12,-,-,35.860,I,5,W,Y,2,0,1,2,D,-,00,,,N,H,G,A,A,H,-,B,D,0,,Y,,,Y,,-,"- ",1,0,0,0,0,0,1,0,0,"- ","- ",38.303989999999999,-122.47714000000001,SONOMA,UNINCORPORATED,-122.47706559,38.303778049999998
6806813,2015,2016-09-07,9360,2015-01-26,1210,013513,,1,1,9,4900,0,1,2,,1,010,"RT 101","N OLD REDWOOD HWY",1409.00,S,N,A,-,Y,SON,4,101,-,R,53.930,H,-,S,Y,2,0,2,1,C,-,18,,,N,F,A,A,A,H,-,A,D,0,,,Y,,Y,,-,"- ",2,0,0,0,0,0,0,0,2,"- ","- ",38.824190000000002,-123.01511000000001,SONOMA,UNINCORPORATED,-123.0146556,38.826743450000002
6813563,2015,2015-03-11,9360,2015-02-14,1435,019825,,6,2,6,4905,0,3,5,,2,004,"LOS ALAMOS RD","CORRICK RD",300.00,S,N,A,-,N,,,,,,,,,,N,2,0,1,2,A,-,03,22350,,N,H,G,A,A,H,-,A,D,0,,Y,,,Y,,L,04,1,0,0,0,0,0,1,0,0,"- ","- ",38.477460000000001,-122.61217000000001,SONOMA,"SANTA ROSA",-122.61197352000001,38.47789547
6819019,2015,2015-03-17,9360,2015-02-08,0356,020457,,7,3,9,4900,0,3,5,,2,005,"SANTINI CT","FUNSTON DR",300.00,E,N,A,-,N,,,,,,,,,,N,2,0,1,2,A,-,11,21954,A,N,G,B,E,A,H,-,C,D,0,Y,,,,Y,,N,60,1,0,0,0,1,0,0,0,0,"- ","- ",38.421880000000002,-122.72208999999999,SONOMA,UNINCORPORATED,-122.72273119,38.421706299999997
6819023,2015,2016-10-20,9360,2015-02-05,1820,018667,,4,2,6,4905,0,1,2,,2,040,"RT 101","TODD RD",755.00,N,N,A,-,Y,SON,4,101,-,-,16.680,H,-,N,Y,2,0,3,5,A,-,03,22350,,M,C,C,A,A,H,-,C,D,1,,,,,Y,,A,08,1,1,1,0,0,0,0,0,0,"- ","- ",38.388500000000001,-122.71561,SONOMA,"SANTA ROSA",-122.71605289,38.388323540000002
6820996,2015,2016-10-26,9360,2015-02-01,0210,019681,,7,3,5,4908,0,1,2,,1,060,"RT 101","EAST WASHINGTON ST",2640.00,N,N,A,-,Y,SON,4,101,-,-,5.580,H,-,S,Y,2,0,1,2,A,-,01,23152,A,N,C,C,A,A,H,-,D,D,1,,,,,Y,Y,A,01,1,0,0,0,0,0,0,0,0,"- ","- ",38.251080000000002,-122.63625,SONOMA,PETALUMA,-122.64064998000001,38.253449430000003
6830402,2015,2015-03-06,4905,2015-01-13,0010,SR485,10606,2,5,6,4905,0,0,0,,0,006,"MONTGOMERY DR","MISSION BL",150.00,W,N,A,-,N,,,,,,,,,,Y,2,0,3,1,A,-,08,22107,,F,E,I,A,A,H,-,C,D,0,,,,,Y,,A,01,1,2,0,0,0,0,0,0,0,"- ","- ",,,SONOMA,"SANTA ROSA",-122.67153946000001,38.456937879999998
6831332,2015,2015-03-17,4905,2015-02-02,1550,SR5959,10605,1,5,6,4905,0,0,0,,0,005,"WEST 9TH ST","NORTH DUTTON AV",0.00,,Y,A,-,N,,,,,,,,,,N,2,0,1,2,A,-,09,21801,A,N,A,C,A,A,H,-,A,A,0,,,Y,,Y,,D,22,1,0,0,0,0,0,0,0,1,"- ","- ",,,SONOMA,"SANTA ROSA",-122.72897998000001,38.441609970000002
6836601,2015,2015-03-17,9360,2015-02-16,1654,16577,,1,2,9,4900,0,2,4,,1,054,"BODEGA AV","PEPPER RD",0.00,,Y,A,-,N,,,,,,,,,,Y,2,0,1,2,A,-,09,21801,A,N,A,C,A,A,H,-,A,D,0,,,Y,,Y,,A,07,1,0,0,0,0,0,0,0,1,"- ","- ",38.257770000000001,-122.77145,SONOMA,UNINCORPORATED,-122.77142987000001,38.257749969999999
6841775,2015,2016-10-17,9360,2015-03-05,2334,20266,,4,3,9,4900,0,1,2,,2,020,"RT 101","HEALDSBURG AV",530.00,S,N,A,-,Y,SON,4,101,-,-,34.370,R,2,S,Y,2,0,2,1,A,-,01,23152,A,N,E,I,A,A,H,-,D,D,1,,,,,Y,Y,A,07,1,1,0,0,0,0,0,0,0,FR,"- ",38.602339999999998,-122.86685,SONOMA,UNINCORPORATED,-122.86584338,38.602107529999998
6842660,2015,2016-05-02,9360,2015-03-02,0540,013911,,1,3,9,4900,0,3,5,,2,003,"TRENTON-HEALDSBURG RD","RIVER RD",528.00,N,N,B,-,N,,,,,,,,,,Y,2,0,2,1,A,-,08,22107,,N,E,I,A,A,H,-,D,D,0,,,,,Y,Y,A,01,1,0,1,0,0,0,0,0,0,"- ","- ",38.490349999999999,-122.85597,SONOMA,UNINCORPORATED,-122.85555916,38.489609710000003
6848225,2015,2015-03-19,9360,2015-02-22,1750,19359,,7,2,9,4900,0,3,5,,2,001,"WESTSIDE RD","W DRY CREEK RD",800.00,S,N,A,-,N,,,,,,,,,,Y,2,0,2,1,A,-,01,23152,A,N,F,A,A,A,H,-,A,D,0,,,,,Y,Y,D,22,1,1,0,0,0,0,0,0,0,"- ","- ",38.602530000000002,-122.88531,SONOMA,UNINCORPORATED,-122.8853543,38.601411710000001
6857048,2015,2015-04-02,9360,2015-03-09,1610,013838,,1,2,9,4900,0,2,4,,1,052,"STONY POINT RD","SCENIC AV",0.00,,Y,A,-,N,,,,,,,,,,Y,2,0,1,2,A,-,09,21802,A,N,D,C,A,A,H,-,A,A,0,,,Y,,Y,,A,07,1,0,0,0,0,0,0,0,1,"- ","- ",38.376330000000003,-122.74123,SONOMA,UNINCORPORATED,-122.74143989,38.3762799
6857058,2015,2016-10-26,9360,2015-03-14,1510,019825,,6,2,5,4908,0,1,2,,1,060,"RT 101","EAST WASHINGTON ST",250.00,S,N,A,-,Y,SON,4,101,-,-,4.665,R,2,N,N,2,0,1,1,A,-,03,22350,,N,E,I,A,A,H,-,A,D,1,,,Y,,Y,,C,02,1,0,0,0,0,0,0,0,1,"- ","- ",38.246679999999998,-122.62658,SONOMA,PETALUMA,-122.62617705,38.246152789999996