CASE_ID,ACCIDENT_YEAR,PROC_DATE,JURIS,COLLISION_DATE,COLLISION_TIME,OFFICER_ID,REPORTING_DISTRICT,DAY_OF_WEEK,CHP_SHIFT,POPULATION,CNTY_CITY_LOC,SPECIAL_COND,BEAT_TYPE,CHP_BEAT_TYPE,CITY_DIVISION_LAPD,CHP_BEAT_CLASS,BEAT_NUMBER,PRIMARY_RD,SECONDARY_RD,DISTANCE,DIRECTION,INTERSECTION,WEATHER_1,WEATHER_2,STATE_HWY_IND,CALTRANS_COUNTY,CALTRANS_DISTRICT,STATE_ROUTE,ROUTE_SUFFIX,POSTMILE_PREFIX,POSTMILE,LOCATION_TYPE,RAMP_INTERSECTION,SIDE_OF_HWY,TOW_AWAY,COLLISION_SEVERITY,NUMBER_KILLED,NUMBER_INJURED,PARTY_COUNT,PRIMARY_COLL_FACTOR,PCF_CODE_OF_VIOL,PCF_VIOL_CATEGORY,PCF_VIOLATION,PCF_VIOL_SUBSECTION,HIT_AND_RUN,TYPE_OF_COLLISION,MVIW,PED_ACTION,ROAD_SURFACE,ROAD_COND_1,ROAD_COND_2,LIGHTING,CONTROL_DEVICE,CHP_ROAD_TYPE,PEDESTRIAN_ACCIDENT,BICYCLE_ACCIDENT,MOTORCYCLE_ACCIDENT,TRUCK_ACCIDENT,NOT_PRIVATE_PROPERTY,ALCOHOL_INVOLVED,STWD_VEHTYPE_AT_FAULT,CHP_VEHTYPE_AT_FAULT,COUNT_SEVERE_INJ,COUNT_VISIBLE_INJ,COUNT_COMPLAINT_PAIN,COUNT_PED_KILLED,COUNT_PED_INJURED,COUNT_BICYCLIST_KILLED,COUNT_BICYCLIST_INJURED,COUNT_MC_KILLED,COUNT_MC_INJURED,PRIMARY_RAMP,SECONDARY_RAMP,LATITUDE,LONGITUDE,COUNTY,CITY,POINT_X,POINT_Y
6864039,2015,2015-04-07,9360,2015-03-20,1354,019366,,5,1,9,4900,0,3,5,,2,003,"OCCIDINTAL RD","SANFORD RD",386.00,E,N,A,-,N,,,,,,,,,,N,2,0,1,2,A,-,08,22107,,N,B,G,A,A,H,-,A,D,0,,Y,,,Y,,A,01,1,0,0,0,0,0,1,0,0,"- ","- ",38.424129999999998,-122.82256,SONOMA,UNINCORPORATED,-122.82412012,38.424707519999998
6883851,2015,2016-10-20,9360,2015-03-28,1410,019825,,6,2,6,4905,0,1,S,,2,901,"STELLAR LN","RT 101",0.00,,Y,A,-,Y,SON,4,101,-,-,21.929,R,1,N,Y,2,0,1,2,A,-,05,21650,,N,D,G,A,A,H,-,A,D,1,,,Y,,Y,,C,03,1,0,0,0,0,0,0,0,1,"- ",TO,38.460070000000002,-122.72575000000001,SONOMA,"SANTA ROSA",-122.72634467,38.462561860000001
6883903,2015,2015-04-30,4905,2015-03-31,2153,SR394,10607,2,5,6,4905,0,0,0,,0,007,"CAMPOY ST","SEBASTOPOL RD",0.00,,Y,A,-,N,,,,,,,,,,Y,2,0,3,2,A,-,03,22350,,N,D,C,A,A,H,-,C,A,0,,,,,Y,,A,01,1,0,2,0,0,0,0,0,0,"- ","- ",,,SONOMA,"SANTA ROSA",-122.76349999,38.42525989
6888491,2015,2015-04-28,4905,2015-04-02,0754,SR320,10607,4,5,6,4905,0,0,0,,0,007,"BELLEVUE AV","DUTTON AV",3.00,E,N,A,-,N,,,,,,,,,,N,2,0,1,2,A,-,10,21950,A,F,G,B,B,A,H,-,A,A,0,Y,,,,Y,,A,08,1,0,0,0,1,0,0,0,0,"- ","- ",,,SONOMA,"SANTA ROSA",-122.72322953,38.401839819999999
6888495,2015,2015-04-28,4905,2015-04-04,1819,SR442,10605,6,5,6,4905,0,0,0,,0,005,"W 8TH ST","DAMON CT",0.00,,Y,B,-,N,,,,,,,,,,N,2,0,1,1,A,-,08,22107,,N,F,A,A,A,H,-,A,D,0,,,Y,,Y,,C,02,1,0,0,0,0,0,0,0,1,"- ","- ",,,SONOMA,"SANTA ROSA",-122.7411099,38.440019919999997
6889396,2015,2016-06-15,9360,2015-04-05,0810,19366,,7,1,9,4900,0,2,4,,1,024,"MARK WEST SPRINGS RD","FOX HUNT LN",103.00,E,N,B,C,N,,,,,,,,,,Y,2,0,1,1,A,-,03,22350,,N,E,I,A,B,H,-,A,D,0,,,,,Y,,A,01,1,0,0,0,0,0,0,0,0,"- ","- ",38.528730000000003,-122.72357,SONOMA,UNINCORPORATED,-122.72232504,38.52822038
6905534,2015,2015-07-11,9360,2015-06-04,1600,016076,,4,2,9,4900,0,2,4,,1,046,"BENNETT VALLEY RD","GRANGE RD",0.00,,Y,A,-,N,,,,,,,,,,Y,2,0,3,2,A,-,12,22450,A,N,D,C,A,A,H,-,A,A,0,,,,,Y,,A,01,1,0,2,0,0,0,0,0,0,"- ","- ",38.398519999999998,-122.63714,SONOMA,UNINCORPORATED,-122.63708996,38.398519989999997
6905620,2015,2015-09-15,9360,2015-04-25,1622,14377,,6,2,9,4900,0,3,5,,2,007,"DILLON BEACH RD","FRANKLIN SCHOOL RD",4.00,W,N,A,G,N,,,,,,,,,,Y,1,1,1,1,A,-,01,23152,A,N,F,A,A,A,H,-,A,D,0,,,Y,,Y,Y,C,02,1,0,0,0,0,0,0,1,1,"- ","- ",38.248899999999999,-122.94268,SONOMA,UNINCORPORATED,-122.94273,38.248784999999998
6908163,2015,2015-05-11,9360,2015-04-12,1545,019825,,7,2,9,4900,0,2,4,,1,043,"OLD REDWOOD HWY","EUCALYPTUS AV",213.00,S,N,A,-,N,,,,,,,,,,Y,2,0,1,1,A,-,08,22107,,N,E,I,A,A,H,-,A,B,0,,,,,Y,,A,01,1,0,0,0,0,0,0,0,0,"- ","- ",38.317830000000001,-122.69851,SONOMA,UNINCORPORATED,-122.69811966,38.317487610000001
6911392,2015,2016-06-15,4902,2015-04-16,1300,609,COTAT,4,5,2,4902,0,0,0,,0,,"RT 116","RT 101",276.00,E,N,A,-,N,,,,,,,,,,N,2,0,1,2,A,-,00,23103,,N,C,C,A,A,H,-,A,A,0,,,Y,,Y,,A,01,1,0,0,0,0,0,0,0,1,"- ",NF,,,SONOMA,COTATI,-122.71191,38.331144999999999
6929000,2015,2015-06-11,9360,2015-05-03,1050,17693,,7,1,9,4900,0,2,4,,1,042,"PETALUMA HILL RD","WARRINGTON RD",234.00,N,N,B,-,N,,,,,,,,,,Y,2,0,2,3,A,-,01,23152,E,N,B,C,A,A,H,-,A,D,0,,,,,Y,,A,01,2,0,0,0,0,0,0,0,0,"- ","- ",38.380949999999999,-122.6841,SONOMA,UNINCORPORATED,-122.68406869,38.380862710000002
6933154,2015,2015-10-02,9360,2015-04-18,0920,16660,,6,1,6,4905,0,3,5,,2,003,"MARK WEST STATION RD","STARR RD",25.00,W,N,A,-,N,,,,,,,,,,N,2,0,1,2,A,-,08,22107,,N,D,G,A,A,H,-,A,D,0,,Y,,,Y,,L,04,1,0,0,0,0,0,1,0,0,"- ","- ",35.510899999999999,-122.84028000000001,SONOMA,"SANTA ROSA",-122.84023738,38.510911550000003
6935898,2015,2015-06-26,9360,2015-05-12,0900,013513,,2,1,9,4900,0,2,4,,1,022,"OLD REDWOOD HWY","ALBA LN",534.00,S,N,A,-,N,,,,,,,,,,Y,2,0,1,2,A,-,06,21755,A,N,D,C,A,A,H,-,A,D,0,,,Y,,Y,,C,02,1,0,0,0,0,0,0,0,1,"- ","- ",38.488660000000003,-122.73714,SONOMA,UNINCORPORATED,-122.73666385,38.488139169999997
6938200,2015,2015-10-01,4908,2015-09-17,2044,2716,13,4,5,5,4908,0,0,0,,0,001,"SOUTH MCDOWELL BL","WEAVERLY DR",0.00,,Y,A,-,N,,,,,,,,,,Y,2,0,2,2,A,-,03,22350,,F,G,B,B,A,H,-,C,D,0,Y,,,,Y,,A,01,1,1,0,0,1,0,0,0,0,"- ","- ",,,SONOMA,PETALUMA,-122.61783996,38.24468993
6954705,2015,2016-10-18,4905,2015-03-27,1857,SR468,10608,5,5,6,4905,0,0,0,,0,008,"BROOKWOOD AV","MAPLE AV",0.00,,Y,A,-,Y,SON,4,12,-,R,17.080,R,4,W,Y,2,0,2,3,A,-,12,21453,A,N,D,C,A,A,H,-,A,A,0,,,,,Y,,A,07,1,0,1,0,0,0,0,0,0,"- ","- ",,,SONOMA,"SANTA ROSA",-122.69765039000001,38.433949030000001
6965440,2015,2015-07-03,9360,2015-05-01,0100,16660,,5,3,9,4900,0,3,5,,2,003,"VINE HILL RD","VINE HILL SCHOOL RD",3168.00,N,N,A,-,N,,,,,,,,,,Y,2,0,2,1,A,-,08,22107,,N,E,I,A,A,H,-,D,D,0,,,,,Y,,A,01,1,1,0,0,0,0,0,0,0,"- ","- ",38.476700000000001,-122.8595,SONOMA,UNINCORPORATED,-122.8654829,38.475823200000001
6965827,2015,2015-07-13,9360,2015-06-02,1610,015187,,2,2,9,4900,0,3,5,,2,003,"AERO DR","LYSTRA CT",0.00,,Y,A,-,N,,,,,,,,,,N,2,0,1,2,A,-,09,21801,A,N,A,C,A,A,H,-,A,D,0,,,Y,,Y,,A,01,1,0,0,0,0,0,0,0,1,"- ","- ",38.510359999999999,-122.76479999999999,SONOMA,UNINCORPORATED,-122.76488994,38.510119930000002
6970164,2015,2015-07-06,4905,2015-06-06,2046,SR452,10605,6,5,6,4905,0,0,0,,0,005,"WEST 3RD ST","SENNA DR",74.00,E,N,A,-,N,,,,,,,,,,Y,2,0,1,1,C,-,18,,,N,E,I,A,-,H,-,C,D,0,,,,,Y,,-,"- ",1,0,0,0,0,0,0,0,0,"- ","- ",,,SONOMA,"SANTA ROSA",-122.76126791999999,38.437825189999998
6974002,2015,2016-12-02,4905,2015-04-29,1649,SR215,10606,3,5,6,4905,0,0,0,,0,006,"RT 12","BRUSH CREEK RD",70.00,E,N,A,-,Y,SON,4,12,-,-,18.400,H,-,W,Y,2,0,1,2,A,-,04,21703,,N,C,C,A,A,H,-,A,A,0,,,Y,,Y,,A,07,1,0,0,0,0,0,0,0,1,"- ","- ",,,SONOMA,"SANTA ROSA",-122.67973714,38.455444389999997
6979041,2015,2015-07-08,9360,2015-06-16,2123,018482,,2,2,9,4900,0,2,4,,1,012,"DRY CREEK RD","LYTTON SPRINGS RD",2112.00,N,N,A,-,N,,,,,,,,,,Y,2,0,2,2,A,-,17,21200,,N,C,G,A,A,H,-,D,D,0,,Y,,,Y,,L,04,1,0,1,0,0,0,1,0,0,"- ","- ",38.650489999999998,-122.91677,SONOMA,UNINCORPORATED,-122.91722452,38.65069226
6979053,2015,2016-12-02,9360,2015-06-13,2030,018859,,6,2,9,4900,0,1,3,,1,051,"RT 12","MORRIS ST",3168.00,E,N,A,-,Y,SON,4,12,-,-,10.120,H,-,W,Y,2,0,5,4,A,-,03,22350,,N,C,C,A,A,D,-,D,D,0,,,,,Y,,D,22,1,1,3,0,0,0,0,0,0,"- ","- ",38.409460000000003,-122.79913999999999,SONOMA,UNINCORPORATED,-122.80949835,38.405794970000002
6981244,2015,2015-07-13,4905,2015-05-16,2049,SR452,10608,6,5,6,4905,0,0,0,,0,008,"WARE AV","RUTLEDGE AV",132.00,E,N,A,-,N,,,,,,,,,,N,2,0,1,2,A,-,11,21954,A,N,G,B,D,A,H,-,A,D,0,Y,,,,Y,,N,60,1,0,0,0,1,0,0,0,0,"- ","- ",,,SONOMA,"SANTA ROSA",-122.7092737,38.429165689999998
6985344,2015,2015-07-20,9360,2015-06-04,0810,016076,,4,1,9,4900,0,3,5,,2,005,"LLANO RD","LUDWIG AV",0.00,,Y,A,-,N,,,,,,,,,,Y,2,0,3,4,A,-,09,21801,A,N,D,C,A,A,H,-,A,A,0,,,,,Y,,A,01,1,0,2,0,0,0,0,0,0,"- ","- ",38.39723,-122.78255,SONOMA,UNINCORPORATED,-122.78270995,38.397139930000002
6986476,2015,2016-11-05,9360,2015-06-25,0825,014455,,4,1,5,4908,0,1,2,,1,060,"RT 101","PETALLUMA BLVD N",1584.00,S,N,A,-,Y,SON,4,101,-,-,7.420,H,-,S,Y,2,0,1,2,A,-,03,22350,,N,B,C,A,A,D,-,A,D,1,,,Y,,Y,,C,02,1,0,0,0,0,0,0,0,1,"- ","- ",38.26999,-122.66732,SONOMA,PETALUMA,-122.66699867,38.269616139999997
6988726,2015,2015-07-21,9360,2015-06-27,1420,16000,,6,2,9,4900,0,2,4,,1,054,"PEPPER RD","WALKER RD",500.00,W,N,A,-,N,,,,,,,,,,N,2,0,1,1,A,-,03,22350,,N,F,A,A,A,H,-,A,D,0,,,Y,,Y,,C,02,1,0,0,0,0,0,0,0,1,"- ","- ",38.274099999999997,-122.76721999999999,SONOMA,UNINCORPORATED,-122.76646458,38.275647360000001
6988797,2015,2015-07-22,9360,2015-06-27,2225,20457,,6,3,9,4900,0,2,4,,1,024,"MARK WEST SPRINGS RD","URSULINE RD",4224.00,E,N,B,-,N,,,,,,,,,,Y,2,0,2,2,A,-,08,22107,,N,A,C,A,A,H,-,D,D,0,,,,,Y,,A,01,1,1,0,0,0,0,0,0,0,"- ","- ",38.505249999999997,-122.72984,SONOMA,UNINCORPORATED,-122.72846829,38.505282899999997
6990558,2015,2017-01-09,9360,2015-07-06,1430,015434,,1,2,9,4900,0,1,3,,1,041,"RT 12","DUNBAR RD",528.00,W,N,A,-,Y,SON,4,12,-,-,28.780,H,-,E,Y,2,0,1,1,A,-,08,22107,,N,F,A,A,A,H,-,A,D,0,,,,,Y,,D,22,1,0,0,0,0,0,0,0,0,"- ","- ",38.392049999999998,-122.52992999999999,SONOMA,UNINCORPORATED,-122.52935251,38.391642930000003
6995627,2015,2016-11-18,9360,2015-06-20,2256,020326,,6,3,9,4900,0,1,2,,2,050,"RT 101","COMMERCE BL",97.00,W,N,A,B,Y,SON,4,101,-,-,14.739,R,2,N,Y,2,0,4,2,A,-,01,23152,A,N,C,C,A,A,H,-,D,D,1,,,,,Y,Y,A,08,3,1,0,0,0,0,0,0,0,"- ","- ",38.361849999999997,-122.71241999999999,SONOMA,UNINCORPORATED,-122.71292372000001,38.360640859999997
6998679,2015,2015-07-22,9360,2015-07-04,1319,019485,,6,1,9,4900,0,2,4,,1,052,"PRIMROSE AV","TODD RD",0.00,,Y,A,-,N,,,,,,,,,,Y,2,0,1,3,A,-,01,23152,A,N,D,C,A,A,H,-,A,A,0,,,Y,,Y,Y,A,07,1,0,0,0,0,0,0,0,1,"- ","- ",38.387340000000002,-122.7353,SONOMA,UNINCORPORATED,-122.73532991,38.38715998
6999561,2015,2017-01-21,9325,2015-07-08,0840,015786,,3,1,9,4900,0,1,3,,1,053,"RT 116","WATMAUGH RD",0.00,,Y,A,-,Y,SON,4,116,-,-,44.200,I,5,W,Y,2,0,3,3,A,-,09,21801,A,N,A,C,A,A,H,-,A,D,0,,,,,Y,,A,01,1,1,1,0,0,0,0,0,0,"- ","- ",38.252459999999999,-122.48974,SONOMA,UNINCORPORATED,-122.48980201000001,38.252132029999999
7005933,2015,2015-11-10,9360,2015-06-30,1210,014455,,2,1,9,4900,0,2,4,,1,054,"BODEGA AV","KING RD",1584.00,W,N,A,-,N,,,,,,,,,,Y,2,0,1,1,A,-,01,23152,A,N,E,I,A,A,H,-,A,D,0,,,,,Y,Y,A,07,1,0,0,0,0,0,0,0,0,"- ","- ",38.263100000000001,-122.71872,SONOMA,UNINCORPORATED,-122.72000159,38.2633577
7006433,2015,2016-01-26,4905,2015-11-15,0534,SR394,10606,7,5,6,4905,0,0,0,,0,006,"MONTGOMERY DR","YULUPA AV",440.00,E,N,C,-,N,,,,,,,,,,Y,1,1,0,2,A,-,11,21954,A,N,G,B,E,B,H,-,C,D,0,Y,,Y,,Y,,N,60,0,0,0,1,0,0,0,0,0,"- ","- ",,,SONOMA,"SANTA ROSA",-122.67806503,38.450200090000003
7006773,2015,2016-01-25,9325,2015-06-12,1610,019864,,5,2,9,4900,0,1,3,,1,072,"RT 121","BURNDALE RD",0.00,,Y,A,-,Y,SON,4,121,-,-,9.120,I,5,N,Y,1,1,0,2,A,-,03,22350,,N,C,C,A,A,H,-,A,D,0,,,,,Y,,A,08,0,0,0,0,0,0,0,0,0,"- ","- ",38.246420000000001,-122.42186,SONOMA,UNINCORPORATED,-122.42172891,38.246453850000002
7008568,2015,2015-08-13,9360,2015-07-12,1423,018828,,7,2,9,4900,0,2,4,,1,032,"RIVER RD","ODD FELLOWS PARK RD",1584.00,W,N,A,-,N,,,,,,,,,,Y,2,0,3,2,A,-,08,22107,,N,D,C,A,A,H,-,A,D,0,,,,,Y,,A,01,2,1,0,0,0,0,0,0,0,"- ","- ",38.508119999999998,-122.96585,SONOMA,UNINCORPORATED,-122.96581276000001,38.50816975
7008572,2015,2015-08-13,9360,2015-07-12,0250,020819,,7,3,6,4905,0,3,5,,2,004,"SANTA ROSA AV","HORN AV",300.00,S,N,A,-,N,,,,,,,,,,N,2,0,1,1,A,-,03,22350,,N,F,G,A,A,A,-,D,D,0,,Y,,,Y,,L,04,1,0,0,0,0,0,1,0,0,"- ","- ",38.374960000000002,-122.71353000000001,SONOMA,"SANTA ROSA",-122.71342642,38.374815929999997
7011975,2015,2015-08-11,9360,2015-07-12,1800,019824,,7,2,9,4900,0,3,5,,2,005,"SAN ANTONIO RD","SAN ANTONIO RD S",4224.00,W,N,A,-,N,,,,,,,,,,Y,2,0,1,3,A,-,09,21804,A,N,F,A,A,A,H,-,A,D,0,,,Y,,Y,,C,02,1,0,0,0,0,0,0,0,1,"- ","- ",38.182920000000003,-122.61878,SONOMA,UNINCORPORATED,-122.66252,38.190559999999998
7014201,2015,2017-01-14,9350,2015-07-10,1625,019875,,5,2,9,4900,0,1,3,,2,137,"RT 37","RT 121",3168.00,W,N,A,-,Y,SON,4,37,-,-,3.300,H,-,E,Y,2,0,1,3,A,-,03,22350,,N,B,C,A,A,H,-,A,D,0,,,Y,,Y,,C,02,1,0,0,0,0,0,0,0,1,"- ","- ",38.145060000000001,-122.45809,SONOMA,UNINCORPORATED,-122.45797876,38.145100540000001
7030708,2015,2015-09-08,4908,2015-08-01,1452,2926,2,6,5,5,4908,0,0,0,,0,002,"KENILWORTH DR","JOHNSON ST",50.00,S,N,A,-,N,,,,,,,,,,Y,2,0,1,2,A,-,03,22350,,N,C,C,A,A,H,-,A,A,0,,,Y,,Y,,C,02,1,0,0,0,0,0,0,0,1,"- ","- ",,,SONOMA,PETALUMA,,
7039688,2015,2015-08-29,4905,2015-07-18,0607,SR506,10603,6,5,6,4905,0,0,0,,0,003,"DENNIS LN","BARNES RD",21.00,E,N,A,-,N,,,,,,,,,,Y,2,0,4,1,A,-,01,23152,A,M,E,I,A,A,H,-,A,D,0,,,,,Y,Y,A,01,1,0,3,0,0,0,0,0,0,"- ","- ",,,SONOMA,"SANTA ROSA",-122.76005631,38.482628660000003
7041305,2015,2015-09-01,4905,2015-04-13,1511,SR8704,10601,1,5,6,4905,0,0,0,,0,001,"GUERNEVILLE RD","STEELE WY",0.00,,Y,A,-,N,,,,,,,,,,N,2,0,1,2,A,-,09,21453,C,N,D,C,A,A,H,-,A,A,0,,,Y,,Y,,A,07,1,0,0,0,0,0,0,0,1,"- ","- ",,,SONOMA,"SANTA ROSA",-122.72676998999999,38.459999930000002
7047369,2015,2015-09-11,4905,2015-06-22,2219,SR470,10607,1,5,6,4905,0,0,0,,0,007,"NORTHPOINT  PKWY","STONY POINT RD",1056.00,W,N,A,-,N,,,,,,,,,,N,2,0,1,2,A,-,11,21954,A,N,B,B,D,A,H,-,C,D,0,Y,,,,Y,Y,N,60,1,0,0,0,1,0,0,0,0,"- ","- ",,,SONOMA,"SANTA ROSA",-122.74361793,38.416047419999998
7088593,2015,2015-10-13,4905,2015-08-30,0407,SR468,10605,7,5,6,4905,0,0,0,,0,005,"COPPERFIELD DR","MICAWBER LN",15.00,W,N,A,-,N,,,,,,,,,,Y,2,0,2,2,A,-,01,23153,A,F,C,E,A,A,H,-,C,D,0,,,,,Y,Y,A,01,1,0,1,0,0,0,0,0,0,"- ","- ",,,SONOMA,"SANTA ROSA",-122.76711065000001,38.443927870000003
7088595,2015,2015-10-20,4905,2015-08-19,1557,SR353,10605,3,5,6,4905,0,0,0,,0,005,"WEST 3RD ST","CARINA DR",0.00,,Y,A,-,N,,,,,,,,,,Y,2,0,1,2,A,-,09,21802,A,N,D,C,A,A,H,-,A,D,0,,,Y,,Y,,D,22,1,0,0,0,0,0,0,0,1,"- ","- ",,,SONOMA,"SANTA ROSA",-122.75103992,38.435329959999997
7088678,2015,2015-10-14,4905,2015-09-10,0802,SR8917,10609,4,5,6,4905,0,0,0,,0,009,"SONOMA AV","SOUTH E ST",100.00,E,N,A,-,N,,,,,,,,,,N,2,0,1,1,C,-,18,,,N,F,A,A,A,A,-,A,D,0,,Y,,,Y,,-,"- ",1,0,0,0,0,0,1,0,0,"- ","- ",,,SONOMA,"SANTA ROSA",-122.70812112,38.438922040000001
7088806,2015,2015-10-21,4905,2015-08-22,0627,SR407,,6,5,6,4905,0,0,0,,0,006,"SUMMERFIELD RD","CARISSA AV",0.00,,Y,B,-,N,,,,,,,,,,Y,2,0,2,2,A,-,03,22350,,N,D,C,A,A,H,-,B,A,0,,,,,Y,,A,01,1,1,0,0,0,0,0,0,0,"- ","- ",,,SONOMA,"SANTA ROSA",-122.65941993,38.43763989
7093499,2015,2015-10-29,4908,2015-10-16,2322,2716,15,5,5,5,4908,0,0,0,,0,001,"ELY BL SOUTH","FRATES RD",15.00,N,N,A,-,N,,,,,,,,,,Y,2,0,1,1,A,-,21,22106,,N,H,A,A,A,H,-,C,D,0,,,,,Y,,A,07,1,0,0,0,0,0,0,0,0,"- ","- ",38.239690000000003,-122.58909,SONOMA,PETALUMA,-122.58914912,38.239714030000002
7093515,2015,2015-10-29,4908,2015-10-19,1928,2675,1,1,5,5,4908,0,0,0,,0,002,"HOWARD ST","BASSETT ST",0.00,,Y,A,-,N,,,,,,,,,,N,2,0,1,2,A,-,10,21950,A,N,G,B,B,A,H,-,C,D,0,Y,,,,Y,,A,07,1,0,0,0,1,0,0,0,0,"- ","- ",38.232219999999998,-122.643,SONOMA,PETALUMA,-122.64300999,38.232239909999997
7103674,2015,2015-11-04,4904,2015-10-03,1402,472,,6,5,4,4904,0,0,0,,0,,"ROHNERT PARK EXPWY","SNYDER LN",0.00,,Y,A,-,N,,,,,,,,,,Y,2,0,3,2,A,-,12,21453,A,N,D,C,A,A,G,-,A,A,0,,,,,Y,,A,07,1,0,2,0,0,0,0,0,0,"- ","- ",38.345790000000001,-122.68553,SONOMA,"ROHNERT PARK",-122.68554992,38.345869980000003
7103791,2015,2015-11-12,4904,2015-10-26,1238,268,,1,5,4,4904,0,0,0,,0,003,"SNYDER LN","JASMINE CIR",200.00,S,N,A,-,N,,,,,,,,,,Y,2,0,2,3,A,-,03,22350,,N,C,C,A,A,D,E,A,A,0,,,,,Y,,A,01,1,1,0,0,0,0,0,0,0,"- ","- ",38.344569999999997,-122.68553,SONOMA,"ROHNERT PARK",-122.68550429,38.343900769999998
7111348,2015,2015-11-24,4905,2015-10-18,0030,SR469,,7,5,6,4905,0,0,0,,0,008,"HENDLEY ST","SOUTH E ST",0.00,,Y,A,-,N,,,,,,,,,,Y,2,0,2,1,A,-,01,23153,A,N,E,I,A,A,H,-,C,D,0,,,,,Y,Y,A,01,1,1,0,0,0,0,0,0,0,"- ","- ",,,SONOMA,"SANTA ROSA",-122.70535989,38.431599939999998
7117537,2015,2015-12-02,4905,2015-09-06,0201,SR452,10605,7,5,6,4905,0,0,0,,0,005,"STONY POINT RD","GLENBROOK DR",0.00,,Y,A,-,N,,,,,,,,,,N,2,0,1,2,A,-,11,21954,A,F,G,B,D,A,H,-,C,A,0,Y,,,,Y,Y,N,60,1,0,0,0,1,0,0,0,0,"- ","- ",,,SONOMA,"SANTA ROSA",-122.74284987999999,38.43734998
7125442,2015,2015-12-04,4904,2015-11-09,1255,343,,1,5,4,4904,0,0,0,,0,001,"GOLF COURSE DR","FERN PL",437.00,E,N,B,-,N,,,,,,,,,,Y,2,0,2,2,A,-,03,22350,,N,D,C,A,B,H,-,A,D,0,,,,,Y,,D,22,2,0,0,0,0,0,0,0,0,"- ","- ",33.361620000000002,-122.70541,SONOMA,"ROHNERT PARK",-122.70471333,38.36138021
7147430,2015,2016-02-01,4908,2015-12-19,1826,2697,1,6,5,5,4908,0,0,0,,0,002,"PETALLUMA BLVD N","B ST",271.00,N,N,A,-,N,,,,,,,,,,Y,2,0,2,3,A,-,01,23152,A,N,G,B,C,A,H,-,C,A,0,Y,,,,Y,,A,01,2,0,0,0,2,0,0,0,0,"- ","- ",38.233409999999999,-122.63921000000001,SONOMA,PETALUMA,-122.63997046,38.233601800000002
7149663,2015,2016-01-07,4905,2015-12-12,1846,SR427,10607,6,5,6,4905,0,0,0,,0,007,"HEARN AV","DUTTON MEADOW",100.00,W,N,C,-,N,,,,,,,,,,Y,2,0,1,2,A,-,01,23152,,F,C,C,A,B,H,-,C,A,0,,,,,Y,Y,A,01,1,0,0,0,0,0,0,0,0,"- ","- ",,,SONOMA,"SANTA ROSA",-122.72963908,38.414235349999998
7150566,2015,2016-01-11,4904,2015-12-09,0830,445,CENTR,3,5,4,4904,0,0,0,,0,001,"GOLF COURSE DR","HACIENDA WY",0.00,,Y,B,C,N,,,,,,,,,,Y,2,0,1,2,A,-,09,21804,A,N,D,C,A,B,-,-,A,D,0,,,,,Y,,A,01,1,0,0,0,0,0,0,0,0,"- ","- ",,,SONOMA,"ROHNERT PARK",-122.69346998,38.362689889999999
7151519,2015,2017-01-30,4902,2015-12-22,1231,345,SONOM,2,5,2,4902,0,0,0,,0,,"RT 116","PG&E POLE #120006932",287.00,E,N,B,-,Y,SON,4,116,-,-,34.750,H,-,W,N,2,0,1,1,A,-,03,22350,,N,H,A,A,B,H,-,A,D,0,,,Y,,Y,,C,02,1,0,0,0,0,0,0,0,1,"- ","- ",,,SONOMA,COTATI,-122.71804374,38.331939579999997
7166978,2015,2017-01-28,4907,2015-12-31,1813,SD2310,10701,4,5,2,4907,0,0,0,,0,SO1,"RT 12","WEST SPAIN ST",0.00,,Y,A,-,Y,SON,4,12,-,-,36.490,I,5,E,Y,2,0,3,3,A,-,01,23152,A,N,A,C,A,A,H,-,C,A,0,,,Y,,Y,Y,C,02,1,1,1,0,0,0,0,0,1,"- ","- ",,,SONOMA,SONOMA,-122.47580069999999,38.29462891
7190187,2016,2016-06-14,4905,2016-01-10,1017,SR452,10604,7,5,6,4905,0,0,0,,0,004,"MONTECITO BL","BENICIA DR",0.00,,Y,A,-,N,,,,,,,,,,Y,1,1,4,2,A,-,09,21802,A,N,D,C,A,A,H,-,A,A,0,,,,,Y,,A,01,0,0,4,0,0,0,0,0,0,"- ","- ",,,SONOMA,"SANTA ROSA",-122.67563989999999,38.473309890000003
7190198,2016,2016-06-14,4905,2016-03-21,2041,SR473,10602,1,5,6,4905,0,0,0,,0,002,"LEWIS RD","MENDOCINO AV",9.00,E,N,B,-,N,,,,,,,,,,Y,1,1,0,2,A,-,11,21950,B,N,G,B,B,B,H,-,C,A,0,Y,,,,Y,Y,N,60,0,0,0,1,0,0,0,0,0,"- ","- ",,,SONOMA,"SANTA ROSA",-122.71717105,38.461019649999997
7190199,2016,2018-09-18,4905,2016-02-04,1953,SR422,10604,4,5,6,4905,0,0,0,,0,004,"RT 12","CALISTOGA RD",98.00,E,N,A,-,Y,SON,4,12,-,-,20.120,H,-,E,Y,1,1,0,2,C,-,18,,,F,E,J,E,A,H,-,C,D,0,Y,,,,Y,Y,-,"- ",0,0,0,1,0,0,0,0,0,"- ","- ",,,SONOMA,"SANTA ROSA",-122.65274294,38.464819980000001
7190401,2016,2016-09-21,4908,2016-07-28,1528,2747,11,4,5,5,4908,0,0,0,,0,004,"SONOMA MOUNTAIN  PKWY","RAINIER AV",330.00,S,N,A,-,N,,,,,,,,,,Y,1,1,2,5,A,-,03,22350,,N,C,E,F,A,H,-,-,D,0,Y,,,,Y,,A,01,0,1,1,1,1,0,0,0,0,"- ","- ",,,SONOMA,PETALUMA,-122.62868428,38.261963270000003
7190802,2016,2016-03-02,4904,2016-02-03,0931,485,SONOM,3,5,4,4904,0,0,0,,0,002,"REDWOOD DR","ROHNERT PARK EXPWY",0.00,,Y,A,-,N,,,,,,,,,,Y,2,0,2,2,A,-,12,21453,A,N,D,C,A,A,H,-,A,A,0,,,,,Y,,A,01,1,0,1,0,0,0,0,0,0,"- ","- ",38.348460000000003,-122.71701,SONOMA,"ROHNERT PARK",-122.71689000000001,38.34842991