CASE_ID,ACCIDENT_YEAR,PROC_DATE,JURIS,COLLISION_DATE,COLLISION_TIME,OFFICER_ID,REPORTING_DISTRICT,DAY_OF_WEEK,CHP_SHIFT,POPULATION,CNTY_CITY_LOC,SPECIAL_COND,BEAT_TYPE,CHP_BEAT_TYPE,CITY_DIVISION_LAPD,CHP_BEAT_CLASS,BEAT_NUMBER,PRIMARY_RD,SECONDARY_RD,DISTANCE,DIRECTION,INTERSECTION,WEATHER_1,WEATHER_2,STATE_HWY_IND,CALTRANS_COUNTY,CALTRANS_DISTRICT,STATE_ROUTE,ROUTE_SUFFIX,POSTMILE_PREFIX,POSTMILE,LOCATION_TYPE,RAMP_INTERSECTION,SIDE_OF_HWY,TOW_AWAY,COLLISION_SEVERITY,NUMBER_KILLED,NUMBER_INJURED,PARTY_COUNT,PRIMARY_COLL_FACTOR,PCF_CODE_OF_VIOL,PCF_VIOL_CATEGORY,PCF_VIOLATION,PCF_VIOL_SUBSECTION,HIT_AND_RUN,TYPE_OF_COLLISION,MVIW,PED_ACTION,ROAD_SURFACE,ROAD_COND_1,ROAD_COND_2,LIGHTING,CONTROL_DEVICE,CHP_ROAD_TYPE,PEDESTRIAN_ACCIDENT,BICYCLE_ACCIDENT,MOTORCYCLE_ACCIDENT,TRUCK_ACCIDENT,NOT_PRIVATE_PROPERTY,ALCOHOL_INVOLVED,STWD_VEHTYPE_AT_FAULT,CHP_VEHTYPE_AT_FAULT,COUNT_SEVERE_INJ,COUNT_VISIBLE_INJ,COUNT_COMPLAINT_PAIN,COUNT_PED_KILLED,COUNT_PED_INJURED,COUNT_BICYCLIST_KILLED,COUNT_BICYCLIST_INJURED,COUNT_MC_KILLED,COUNT_MC_INJURED,PRIMARY_RAMP,SECONDARY_RAMP,LATITUDE,LONGITUDE,COUNTY,CITY,POINT_X,POINT_Y
7196812,2016,2016-03-03,4900,2016-02-13,0109,SD2340,11101,6,5,3,4980,0,0,0,,0,WI1,"GEMINI DR","ORIOLE DR",287.00,E,N,A,-,N,,,,,,,,,,,2,0,2,3,A,-,00,20001,B,F,G,B,E,A,H,-,C,D,0,Y,,,,Y,Y,A,01,2,0,0,0,2,0,0,0,0,"- ","- ",,,SONOMA,WINDSOR,,
7213807,2016,2017-02-09,4908,2016-02-24,1934,2939,15,3,5,5,4908,0,0,0,,0,001,"LAKEVILLE HWY","CASA GRANDE RD",0.00,,Y,A,-,Y,SON,4,116,-,-,35.770,H,-,E,N,2,0,1,2,A,-,11,21456,B,N,G,B,B,A,H,-,C,A,0,Y,,,,Y,,N,60,1,0,0,0,1,0,0,0,0,"- ","- ",38.23368,-122.60473,SONOMA,PETALUMA,-122.60381345,38.2336551
8002250,2016,2016-03-29,4905,2016-02-01,1000,SR401,10609,1,5,6,4905,0,0,0,,0,009,"MAPLE AV","SANTA ROSA AV",0.00,,Y,A,-,N,,,,,,,,,,N,2,0,1,2,A,-,12,21453,A,M,F,A,A,A,H,-,A,A,0,,,Y,,Y,,A,01,1,0,0,0,0,0,0,0,1,"- ","- ",,,SONOMA,"SANTA ROSA",-122.71127998999999,38.4314599
8002338,2016,2016-03-29,4905,2016-01-03,0316,SR487,10605,7,5,6,4905,0,0,0,,0,005,"WEST COLLEGE AV","CASSASA WY",50.00,E,N,A,-,N,,,,,,,,,,Y,2,0,1,1,A,-,01,23152,A,N,E,I,A,B,H,-,C,D,0,,,,,Y,Y,A,07,1,0,0,0,0,0,0,0,0,"- ","- ",,,SONOMA,"SANTA ROSA",-122.75599536,38.445329999999998
8040488,2016,2016-05-13,4904,2016-02-21,1707,482,,7,5,4,4904,0,0,0,,0,003,"SOUTHWEST BL","AVENIDA CALA",0.00,,Y,A,-,N,,,,,,,,,,Y,2,0,5,2,A,-,09,21802,A,N,D,C,A,A,H,-,A,D,0,,,,,Y,,A,01,3,0,2,0,0,0,0,0,0,"- ","- ",38.339689999999997,-122.688,SONOMA,"ROHNERT PARK",-122.68793998,38.339569900000001
8056521,2016,2016-06-13,4905,2016-01-26,2259,SR473,10601,2,5,6,4905,0,0,0,,0,001,"PINER RD","COFFEY LN",251.00,E,N,A,-,N,,,,,,,,,,N,2,0,1,2,A,-,11,21954,A,N,G,B,D,A,H,-,E,A,0,Y,,,,Y,,N,60,1,0,0,0,1,0,0,0,0,"- ","- ",,,SONOMA,"SANTA ROSA",-122.74398897,38.468960260000003
8056544,2016,2016-06-10,4905,2016-05-02,2048,SR394,10609,1,5,6,4905,0,0,0,,0,009,"3RD ST","WILSON ST",0.00,,Y,A,-,N,,,,,,,,,,Y,2,0,1,2,A,-,12,21453,A,N,D,C,A,A,H,-,C,A,0,,,Y,,Y,,-,"- ",1,0,0,0,0,0,0,0,1,"- ","- ",,,SONOMA,"SANTA ROSA",-122.7201,38.436589949999998
8056576,2016,2016-06-09,4905,2016-03-02,2053,SR452,10601,3,5,6,4905,0,0,0,,0,001,"PINER RD","COFFEE LN",521.00,E,N,B,-,N,,,,,,,,,,Y,2,0,1,2,A,-,11,21954,A,N,G,B,D,A,H,-,C,D,0,Y,,,,Y,Y,N,60,1,0,0,0,1,0,0,0,0,"- ","- ",,,SONOMA,"SANTA ROSA",-122.74309100000001,38.469202000000003
8056592,2016,2016-06-09,4905,2016-03-22,0930,SR401,10609,2,5,6,4905,0,0,0,,0,009,"E ST",4TH,4.00,S,N,A,-,N,,,,,,,,,,N,2,0,1,2,A,-,10,21950,A,N,G,B,B,A,H,-,A,A,0,Y,,,,Y,,A,01,1,0,0,0,1,0,0,0,0,"- ","- ",,,SONOMA,"SANTA ROSA",-122.71073299,38.4419605
8072735,2016,2016-06-30,4908,2016-06-17,1053,2697,9,5,5,5,4908,0,0,0,,0,004,"NORTH MCDOWELL BL","SUNRISE  PKWY",0.00,,Y,B,-,N,,,,,,,,,,Y,2,0,1,2,A,-,09,21804,A,N,D,G,A,A,H,-,A,A,0,,Y,,,Y,,L,04,1,0,0,0,0,0,1,0,0,"- ","- ",,,SONOMA,PETALUMA,-122.64408991000001,38.259379950000003
8113044,2016,2016-09-09,4905,2016-05-28,0632,SR422,10609,6,5,6,4905,0,0,0,,0,009,"MENDOCINO AV","10TH ST",0.00,,Y,A,-,N,,,,,,,,,,N,2,0,1,2,A,-,08,22107,,N,D,G,A,A,H,-,A,A,0,,Y,,,Y,,L,04,1,0,0,0,0,0,1,0,0,"- ","- ",,,SONOMA,"SANTA ROSA",-122.71655988000001,38.443889929999997
8113266,2016,2016-09-07,4905,2016-08-20,1826,SR473,10603,6,5,6,4905,0,0,0,,0,003,"MARLOW RD","PINERCREST RD",0.00,,Y,A,-,N,,,,,,,,,,N,2,0,1,2,A,-,08,22107,,N,D,G,A,A,H,-,A,A,0,,Y,,,Y,,A,01,1,0,0,0,0,0,1,0,0,"- ","- ",,,SONOMA,"SANTA ROSA",-122.75117994,38.467109970000003
8117447,2016,2016-09-09,4905,2016-05-24,2119,SR482,10608,2,5,6,4905,0,0,0,,0,008,"SANTA ROSA AV","BAKER AV",0.00,,Y,A,-,N,,,,,,,,,,N,2,0,1,2,A,-,09,21453,C,N,B,C,A,A,H,-,C,A,0,,,Y,,Y,,A,01,1,0,0,0,0,0,0,0,1,"- ","- ",,,SONOMA,"SANTA ROSA",-122.71354993,38.421169890000002
8117482,2016,2017-02-24,4905,2016-05-24,1038,SR397,10602,2,5,6,4905,0,0,0,,0,002,"STEELE LN","RT 101",0.00,,Y,A,-,Y,SON,4,101,-,-,21.929,R,4,N,Y,2,0,2,2,A,-,09,21453,C,N,D,C,A,A,-,-,A,A,0,,,,,Y,,A,01,1,0,1,0,0,0,0,0,0,"- ",NO,,,SONOMA,"SANTA ROSA",-122.72634467,38.462561860000001
8117576,2016,2016-11-16,4902,2016-09-02,0220,343,,5,5,2,4902,0,0,0,,0,,"OLD REDWOOD HWY","CHARLES ST",65.00,N,N,A,-,N,,,,,,,,,,Y,2,0,1,2,A,-,21,22106,,N,G,B,E,A,C,-,C,D,0,Y,,,,Y,Y,D,22,1,0,0,0,1,0,0,0,0,"- ","- ",,,SONOMA,COTATI,-122.70524917,38.325366719999998
8118407,2016,2016-09-12,4904,2016-07-19,1945,337,,2,5,4,4904,0,0,0,,0,,"ROHNERT PARK EXPWY","PETALLUMA HILL RD",693.00,W,N,A,-,N,,,,,,,,,,Y,2,0,3,2,A,-,01,23152,E,N,B,C,A,A,H,-,B,D,0,,,,,Y,,A,01,3,0,0,0,0,0,0,0,0,"- ","- ",38.345959999999998,-122.6669,SONOMA,"ROHNERT PARK",-122.66930685,38.345947979999998
8157966,2016,2017-01-27,4907,2016-10-21,1559,SD2310,10703,5,5,2,4907,0,0,0,,0,SO1,BROADWAY,"ANDRIEUX ST",0.00,,Y,A,-,Y,SON,4,12,-,-,37.810,I,5,W,N,2,0,1,2,A,-,10,21950,A,F,G,B,B,A,H,-,A,A,0,Y,,,,Y,,A,01,1,0,0,0,1,0,0,0,0,"- ","- ",,,SONOMA,SONOMA,-122.45840028000001,38.288504979999999
81642749,2021,2021-12-06,4908,2021-11-24,1411,3296,7,3,5,5,4908,0,0,0,,0,004,"CORONA RD","NORTH MCDOWELL BL",113.00,W,N,A,-,N,,,,,,,,,,Y,2,0,1,2,A,-,09,21804,A,N,D,C,A,A,H,-,A,D,0,,,Y,,Y,,C,02,1,0,0,0,0,0,0,0,1,"- ","- ",38.266670227050781,-122.65691375732422,SONOMA,PETALUMA,-122.65714263916016,38.266437530517578
81662882,2021,2021-12-28,4908,2021-12-02,1203,3412,6,4,5,5,4908,0,0,0,,0,003,"EAST WASHINGTON ST","WATER ST",0.00,,Y,A,-,N,,,,,,,,,,N,2,0,1,2,A,-,12,22450,A,N,D,G,A,A,H,-,A,A,0,,Y,,,Y,,L,04,1,0,0,0,0,0,1,0,0,"- ","- ",38.235641479492188,-122.64093780517578,SONOMA,PETALUMA,-122.64056396484375,38.235923767089844
81665964,2021,2021-12-30,4908,2021-12-15,0538,3458,7,3,5,5,4908,0,0,0,,0,004,"NORTH MCDOWELL BL","CORONA RD",0.00,,Y,A,-,N,,,,,,,,,,Y,2,0,1,1,A,-,03,22350,,N,E,I,A,B,H,-,C,A,0,,,,,Y,,A,01,1,0,0,0,0,0,0,0,0,"- ","- ",38.266510009765625,-122.65702819824219,SONOMA,PETALUMA,-122.65689849853516,38.266677856445312
8166819,2016,2017-03-28,4905,2016-12-09,2326,SR473,10608,5,5,6,4905,0,0,0,,0,008,"SANTA ROSA AV","POWDERHORN AV",57.00,S,N,C,-,N,,,,,,,,,,Y,1,1,0,2,A,-,11,21954,A,N,G,B,D,B,H,-,C,D,0,Y,,,,Y,Y,N,60,0,0,0,1,0,0,0,0,0,"- ","- ",,,SONOMA,"SANTA ROSA",-122.7134932,38.402693450000001
8166828,2016,2017-04-01,4905,2016-11-22,1755,SR469,16065,2,5,6,4905,0,0,0,,0,005,"SEBASTOPOL RD","DUTTON AV",0.00,,Y,A,-,N,,,,,,,,,,Y,1,1,1,2,A,-,09,21801,A,N,D,C,A,A,H,-,C,A,0,,,Y,,Y,,A,01,0,0,1,0,0,0,0,1,0,"- ","- ",,,SONOMA,"SANTA ROSA",-122.72529992,38.430619929999999
8166829,2016,2017-04-01,4905,2016-10-20,0146,SR394,10605,4,5,6,4905,0,0,0,,0,005,"STONY POINT RD","WEST 3RD ST",5.00,N,N,A,-,N,,,,,,,,,,Y,1,1,0,1,A,-,01,23152,F,N,E,I,A,A,H,-,C,A,0,,,,,Y,Y,A,08,0,0,0,0,0,0,0,0,0,"- ","- ",,,SONOMA,"SANTA ROSA",-122.74241167,38.433843670000002
81690289,2022,2022-02-01,4902,2022-01-12,1833,105348,,3,5,2,4902,0,0,0,,0,,"REDWOOD DR","PORTAL ST",500.00,N,N,A,-,N,,,,,,,,,,Y,2,0,3,3,A,-,01,23152,A,N,A,C,A,A,H,-,C,D,0,,,,,Y,Y,A,01,1,0,2,0,0,0,0,0,0,"- ","- ",,,SONOMA,COTATI,-122.71324920654297,38.343132019042969
81850246,2022,2022-08-26,4904,2022-07-01,1207,1040585,,5,5,4,4904,0,0,0,,0,,"ROHNERT PARK EXPY","SAN SIMEON DR",718.00,E,N,A,-,N,,,,,,,,,,Y,1,1,0,2,A,-,11,21954,A,N,G,B,D,A,H,-,A,D,0,Y,,,,Y,,N,60,0,0,0,1,0,0,0,0,0,"- ","- ",38.346260070800781,-122.69090270996094,SONOMA,"ROHNERT PARK",-122.68873596191406,38.345905303955078
81851244,2022,2022-08-29,4905,2022-08-01,1454,1060408,,1,5,6,4905,0,0,0,,0,,"HEARN AV","DUTTON AV",222.00,W,N,B,-,N,,,,,,,,,,N,2,0,1,2,A,-,09,21804,A,N,D,G,A,A,H,-,A,D,0,,Y,,,Y,Y,L,04,1,0,0,0,0,0,1,0,0,"- ","- ",,,SONOMA,"SANTA ROSA",-122.72420501708984,38.414333343505859
81856868,2022,2022-09-05,4905,2022-08-24,1155,1060408,,3,5,6,4905,0,0,0,,0,,"COFFEY LN","HOPPER AV",0.00,,Y,A,-,N,,,,,,,,,,Y,2,0,1,2,A,-,12,22450,A,N,D,C,A,A,H,-,A,A,0,,,Y,,Y,,C,02,1,0,0,0,0,0,0,0,1,"- ","- ",,,SONOMA,"SANTA ROSA",-122.74712371826172,38.479705810546875
81857120,2022,2022-09-05,4905,2022-07-07,1506,1060473,,4,5,6,4905,0,0,0,,0,,"FRANCES ST","CLEVELAND AV",0.00,,Y,A,-,N,,,,,,,,,,Y,2,0,1,1,A,-,03,22350,,N,E,I,A,A,H,-,A,A,0,,,Y,,Y,,C,02,1,0,0,0,0,0,0,0,1,"- ","- ",,,SONOMA,"SANTA ROSA",-122.72648620605469,38.450275421142578
81861763,2022,2022-09-12,4905,2022-08-25,0032,1060473,,4,5,6,4905,0,0,0,,0,,"STONY POINT RD","YUBA DR",455.00,S,N,A,-,N,,,,,,,,,,Y,2,0,1,1,A,-,08,22107,,N,E,I,A,A,H,-,D,D,0,,,,,Y,,A,01,1,0,0,0,0,0,0,0,0,"- ","- ",,,SONOMA,"SANTA ROSA",-122.74144744873047,38.405879974365234
81865991,2022,2022-09-16,4905,2022-09-01,1320,1068714,,4,5,6,4905,0,0,0,,0,003,"FULTON RD","APPLETREE DR",25.00,S,N,A,-,N,,,,,,,,,,Y,2,0,2,2,A,-,03,22350,,N,C,C,A,A,H,-,A,A,0,,,,,Y,,A,01,1,0,1,0,0,0,0,0,0,"- ","- ",,,SONOMA,"SANTA ROSA",-122.76966094970703,38.454853057861328
81869469,2022,2022-09-21,4913,2022-07-31,0001,1102805,,7,5,3,4980,0,0,0,,0,,"CONDE LN","SHILOH RD",142.00,N,N,A,-,N,,,,,,,,,,Y,2,0,1,1,A,-,03,22350,,N,E,I,A,A,H,-,C,D,0,,,Y,,Y,,C,02,1,0,0,0,0,0,0,0,1,"- ","- ",,,SONOMA,WINDSOR,-122.79764556884766,38.526123046875
8188606,2016,2016-12-29,4905,2016-10-31,1851,SR8703,10607,1,5,6,4905,0,0,0,,0,007,"RAIN DANCE WY","TUXHORN DR",0.00,,Y,C,-,N,,,,,,,,,,N,2,0,1,3,A,-,10,21950,A,N,G,B,B,B,H,-,C,D,0,Y,,,,Y,,D,22,1,0,0,0,1,0,0,0,0,"- ","- ",,,SONOMA,"SANTA ROSA",-122.73210991000001,38.410220000000002
8189019,2016,2016-12-15,4905,2016-09-01,0704,SR215,10606,4,5,6,4905,0,0,0,,0,006,"YULUPA AV","MONTGOMERY DR",2.00,S,N,E,-,N,,,,,,,,,,N,2,0,1,2,A,-,09,21804,A,N,D,G,A,A,H,-,A,A,0,,Y,,,Y,,L,04,1,0,0,0,0,0,1,0,0,"- ","- ",,,SONOMA,"SANTA ROSA",-122.67925637,38.449435309999998
8189397,2016,2016-12-15,4905,2016-08-30,1144,SR347,10601,2,5,6,4905,0,0,0,,0,001,"COFFEY LN","HOPPER AV",0.00,,Y,A,-,N,,,,,,,,,,Y,2,0,4,2,A,-,09,21802,A,N,D,C,A,A,H,-,A,D,0,,,,,Y,,A,07,1,1,2,0,0,0,0,0,0,"- ","- ",,,SONOMA,"SANTA ROSA",-122.74711993,38.479709980000003
8194515,2016,2017-01-19,4903,2016-12-12,0929,1572,2,1,5,3,4903,0,0,0,,0,,"MATHESON ST","GREENS DR",0.00,,Y,A,-,N,,,,,,,,,,N,2,0,1,2,A,-,10,21950,A,N,G,B,D,A,H,-,A,A,0,Y,,,,Y,,A,07,1,0,0,0,1,0,0,0,0,"- ","- ",38.610799999999998,-122.86023,SONOMA,HEALDSBURG,-122.85928,38.611139999999999
81951994,2022,2022-12-26,4905,2022-11-19,2231,541,,6,5,6,4905,0,0,0,,0,006,"SONOMA AV","HAHMAN DR",394.00,E,N,A,-,N,,,,,,,,,,N,2,0,2,2,A,-,11,21954,A,N,G,B,D,A,H,-,C,D,0,Y,,,,Y,Y,N,60,1,1,0,0,1,0,0,0,0,"- ","- ",,,SONOMA,"SANTA ROSA",-122.68437194824219,38.445426940917969
81967357,2022,2023-01-13,4905,2022-12-18,2144,1060550,4905,7,5,6,4905,0,0,0,,0,007,"HEARN AV","BURBANK AV",0.00,,Y,A,-,N,,,,,,,,,,Y,2,0,1,3,A,-,01,23152,A,N,D,C,A,A,H,-,C,A,0,,,,,Y,Y,A,01,1,0,0,0,0,0,0,0,0,"- ","- ",,,SONOMA,"SANTA ROSA",-122.73354339599609,38.413791656494141
81968605,2022,2023-01-16,4905,2022-11-09,0043,1060473,,3,5,6,4905,0,0,0,,0,,"HIGHWAY 12","CALISTOGA RD",560.00,E,N,A,-,Y,,,,,,,,,,Y,2,0,1,1,A,-,03,22350,,N,E,I,A,A,H,-,C,A,0,,,,,Y,,A,01,1,0,0,0,0,0,0,0,0,"- ","- ",,,SONOMA,"SANTA ROSA",,
81968796,2022,2023-01-16,4904,2022-12-21,0731,1040573,RPDPS,3,5,4,4904,0,0,0,,0,002,"GOLF COURSE DR W","LABATH AVE",0.00,,Y,A,-,N,,,,,,,,,,Y,1,1,1,2,A,-,09,21801,A,N,A,C,A,A,H,-,A,A,0,,,,,Y,,A,01,0,1,0,0,0,0,0,0,0,"- ","- ",,,SONOMA,"ROHNERT PARK",-122.72125244140625,38.363254547119141
81970334,2023,2023-01-18,4905,2023-01-07,2134,1060422,,6,5,6,4905,0,0,0,,0,,"MENDOCINO AV","SILVA AV",10.00,S,N,C,-,N,,,,,,,,,,N,2,0,1,2,A,-,11,21954,A,F,G,B,D,B,H,-,C,D,0,Y,,,,Y,Y,N,60,1,0,0,0,1,0,0,0,0,"- ","- ",,,SONOMA,"SANTA ROSA",-122.71722412109375,38.458770751953125
81973489,2022,2023-01-23,4905,2022-09-16,2341,1060550,,5,5,6,4905,0,0,0,,0,003,"FULTON RD","ONSRUD LN",0.00,,Y,A,-,N,,,,,,,,,,Y,1,1,0,1,A,-,03,22350,,N,E,I,A,A,H,-,C,A,0,,,Y,,Y,,C,03,0,0,0,0,0,0,0,1,0,"- ","- ",,,SONOMA,"SANTA ROSA",-122.76975250244141,38.470355987548828
81979990,2022,2023-01-27,4905,2022-12-26,1753,1060474,,1,5,6,4905,0,0,0,,0,002,"COLLEGE AV","MONROE ST",10.00,E,N,C,-,N,,,,,,,,,,N,2,0,1,2,A,-,10,21950,A,N,G,B,B,B,H,-,D,D,0,Y,,,,Y,,A,07,1,0,0,0,1,0,0,0,0,"- ","- ",,,SONOMA,"SANTA ROSA",-122.70549774169922,38.445320129394531
81998470,2022,2023-02-21,4905,2022-12-07,1240,1060422,,3,5,6,4905,0,0,0,,0,009,"D ST","3RD ST",5.00,S,N,A,-,N,,,,,,,,,,N,2,0,1,2,A,-,11,21456,C,N,G,B,B,A,H,-,A,A,0,Y,,,,Y,,N,60,1,0,0,0,1,0,0,0,0,"- ","- ",,,SONOMA,"SANTA ROSA",-122.71176910400391,38.440376281738281
82026215,2022,2023-03-23,4908,2022-01-28,1535,3341,14,5,5,5,4908,0,0,0,,0,001,"CRINELLA DR","LESLIE WY",228.00,S,N,A,-,N,,,,,,,,,,N,2,0,1,2,A,-,11,21954,A,N,G,B,E,A,H,-,A,D,0,Y,,,,Y,,N,60,1,0,0,0,1,0,0,0,0,"- ","- ",38.242500305175781,-122.60472106933594,SONOMA,PETALUMA,-122.60411834716797,38.242107391357422
82026219,2022,2023-03-24,4908,2022-02-08,1528,3554,5,2,5,5,4908,0,0,0,,0,003,"KEOKUK ST","WEST ST",174.00,S,N,A,-,N,,,,,,,,,,N,2,0,1,2,A,-,11,21954,A,N,G,B,D,A,H,-,A,D,0,Y,,,,Y,,N,60,1,0,0,0,1,0,0,0,0,"- ","- ",38.240421295166016,-122.64849853515625,SONOMA,PETALUMA,-122.64792633056641,38.240184783935547
82026297,2022,2023-03-23,4908,2022-06-13,1150,3341,3,1,5,5,4908,0,0,0,,0,002,"PETALUMA BL SOUTH","MOUNTAIN VIEW AV",36.00,N,N,A,-,N,,,,,,,,,,Y,2,0,4,3,C,-,18,,,N,A,C,A,A,A,D,A,A,0,,,,,Y,,-,"- ",1,3,0,0,0,0,0,0,0,"- ","- ",38.228359222412109,-122.62631988525391,SONOMA,PETALUMA,-122.62644195556641,38.228446960449219
82026362,2022,2023-03-23,4908,2022-10-15,1616,3458,9,6,5,5,4908,0,0,0,,0,004,"NORTH MCDOWELL BL","SOUTHPOINT BL",1217.00,N,N,A,-,N,,,,,,,,,,N,2,0,1,1,A,-,17,21461,A,N,H,I,A,A,H,-,A,A,0,,Y,,,Y,,L,04,1,0,0,0,0,0,1,0,0,"- ","- ",38.261089324951172,-122.64759826660156,SONOMA,PETALUMA,-122.65090942382812,38.263248443603516
82026367,2022,2023-03-30,4908,2022-10-22,1242,3458,10,6,5,5,4908,0,0,0,,0,004,"NORTH MCDOWELL BL","LYNCH CREEK WY",297.00,S,N,A,-,N,,,,,,,,,,N,1,1,0,2,A,-,11,21950,B,N,G,B,C,A,H,-,A,D,0,Y,,,,Y,Y,N,60,0,0,0,1,0,0,0,0,0,"- ","- ",38.253120422363281,-122.63262939453125,SONOMA,PETALUMA,-122.63195037841797,38.252593994140625
82026399,2023,2023-03-23,4908,2023-01-06,2014,2641,14,5,5,5,4908,0,0,0,,0,001,"SOUTH MCDOWELL BL","CASA GRANDE RD",96.00,S,N,C,-,N,,,,,,,,,,N,2,0,1,2,A,-,12,22450,A,F,D,G,A,B,H,-,C,A,0,,Y,,,Y,Y,A,01,1,0,0,0,0,0,1,0,0,"- ","- ",38.236099243164062,-122.6025390625,SONOMA,PETALUMA,-122.60227966308594,38.235935211181641
82026403,2023,2023-03-23,4908,2023-01-12,2107,3458,14,4,5,5,4908,0,0,0,,0,001,"FRATES RD","LAKEVILLE HW",374.00,E,N,B,-,N,,,,,,,,,,Y,2,0,1,1,A,-,03,22350,,N,E,I,A,B,H,-,C,D,0,,,,,Y,,A,01,1,0,0,0,0,0,0,0,0,"- ","- ",38.234668731689453,-122.59391021728516,SONOMA,PETALUMA,-122.59313201904297,38.235359191894531
82026406,2023,2023-03-23,4908,2023-01-16,1909,2641,2,1,5,5,4908,0,0,0,,0,002,"EAST WASHINGTON ST","ELLIS ST",200.00,E,N,A,-,N,,,,,,,,,,Y,2,0,1,2,A,-,07,21658,A,F,E,I,A,A,H,-,C,A,0,,,Y,,Y,,A,07,1,0,0,0,0,0,0,0,1,"- ","- ",38.243759155273438,-122.63086700439453,SONOMA,PETALUMA,-122.63050842285156,38.244224548339844
82026409,2023,2023-03-23,4908,2023-01-17,1745,2641,4,2,5,5,4908,0,0,0,,0,002,"WESTERN AV","FAIR ST",0.00,,Y,A,-,N,,,,,,,,,,Y,2,0,1,2,A,-,00,23103,A,N,D,C,A,A,H,-,C,D,0,,,Y,,Y,,C,02,1,0,0,0,0,0,0,0,1,"- ","- ",38.230979919433594,-122.64981079101562,SONOMA,PETALUMA,-122.64984893798828,38.230937957763672
82065385,2023,2023-05-10,4908,2023-04-18,2003,3450,,2,5,5,4908,0,0,0,,0,004,"CORONA RD","SONOMA MOUNTAIN PW",0.00,,Y,A,-,N,,,,,,,,,,Y,2,0,1,1,A,-,01,23152,A,N,E,I,A,A,H,-,C,D,0,,,,,Y,Y,A,01,1,0,0,0,0,0,0,0,0,"- ","- ",38.268909454345703,-122.654541015625,SONOMA,PETALUMA,-122.65448760986328,38.268966674804688
82084063,2023,2023-06-05,4908,2023-05-26,1345,3458,9,5,5,5,4908,0,0,0,,0,004,"TRANSPORT WY","NORTH MCDOWELL BL",355.00,W,N,A,-,N,,,,,,,,,,Y,2,0,1,4,A,-,08,22107,,F,B,E,E,A,H,-,A,D,0,Y,,,Y,Y,,G,25,1,0,0,0,1,0,0,0,0,"- ","- ",38.256610870361328,-122.63919830322266,SONOMA,PETALUMA,-122.63993835449219,38.255851745605469
82096038,2023,2023-06-19,4908,2023-06-08,"719 ",3367,2,4,5,5,4908,0,0,0,,0,001,"LAKEVILLE ST","SB LAKEVILLE HW ONRAMP",382.00,S,N,B,-,Y,,,,,,,,,,N,2,0,1,2,A,-,03,22350,,N,D,C,A,A,H,-,A,D,0,,,Y,,Y,,C,03,1,0,0,0,0,0,0,0,1,"- ","- ",38.234821319580078,-122.62026977539062,SONOMA,PETALUMA,-122.61805725097656,38.233318328857422
82105405,2023,2024-03-05,4913,2023-04-22,2218,1102267,,6,5,3,4980,0,0,0,,0,,"OLD REDWOOD HW","SHIRA ST",252.00,N,N,A,-,N,,,,,,,,,,Y,1,1,0,2,A,-,11,21954,A,N,G,B,D,A,H,-,C,D,0,Y,,,,Y,,N,60,0,0,0,1,0,0,0,0,0,"- ","- ",,,SONOMA,WINDSOR,-122.79241943359375,38.539203643798828
82109043,2023,2023-07-04,4905,2023-03-16,1308,1060408,,4,5,6,4905,0,0,0,,0,003,"FULTON RD","GUERNEVILLE RD",0.00,,Y,A,-,N,,,,,,,,,,N,2,0,1,2,A,-,12,21453,A,N,D,C,A,A,H,-,A,A,0,,,Y,,Y,,-,"- ",1,0,0,0,0,0,0,0,1,"- ","- ",,,SONOMA,"SANTA ROSA",-122.76963043212891,38.452552795410156
82109056,2023,2023-07-04,4905,2023-03-29,"901 ",1068916,,3,5,6,4905,0,0,0,,0,002,"FRANKLIN AV","NORTH ST",0.00,,Y,B,-,N,,,,,,,,,,N,2,0,1,2,A,-,10,21950,A,N,G,B,B,B,H,-,A,A,0,Y,,,,Y,,A,07,1,0,0,0,1,0,0,0,0,"- ","- ",,,SONOMA,"SANTA ROSA",-122.70793914794922,38.4573974609375
82109068,2023,2023-07-04,4905,2023-04-08,1741,1060550,,6,5,6,4905,0,0,0,,0,002,"MENDOCINO AV","PACIFIC AV",257.00,S,N,A,-,N,,,,,,,,,,N,2,0,1,2,A,-,05,21650,1,N,D,G,A,A,H,-,A,D,0,,Y,,,Y,,L,04,1,0,0,0,0,0,1,0,0,"- ","- ",,,SONOMA,"SANTA ROSA",-122.71746826171875,38.452663421630859
82109098,2023,2023-07-04,4905,2023-05-06,"510 ",1060550,,6,5,6,4905,0,0,0,,0,008,"SANTA ROSA AV","BARHAM AV",265.00,S,N,C,-,N,,,,,,,,,,Y,2,0,1,2,A,-,11,21956,A,N,G,B,E,B,H,-,C,D,0,Y,,,,Y,,N,60,1,0,0,0,1,0,0,0,0,"- ","- ",,,SONOMA,"SANTA ROSA",-122.71346282958984,38.426502227783203
82109131,2023,2023-07-05,4905,2023-06-02,2012,1060550,,5,5,6,4905,0,0,0,,0,004,"MONTECITO BL","WEST ENTRANCE/EXIT MARIA CARRILLO HIGH SCHOOL",143.00,W,N,A,-,N,,,,,,,,,,Y,2,0,1,1,A,-,00,23103,,N,E,I,A,A,H,-,B,A,0,,,,,Y,,A,01,1,0,0,0,0,0,0,0,0,"- ","- ",,,SONOMA,"SANTA ROSA",,
82123903,2022,2023-07-25,4905,2022-02-14,1904,1060422,,1,5,6,4905,0,0,0,,0,008,"ASTON AV","MORAGA DR",70.00,W,N,A,-,N,,,,,,,,,,N,2,0,1,2,A,-,11,21954,A,F,G,B,E,A,H,-,C,D,0,Y,,,,Y,,N,60,1,0,0,0,1,0,0,0,0,"- ","- ",,,SONOMA,"SANTA ROSA",-122.70030212402344,38.425613403320312