CASE_ID,ACCIDENT_YEAR,PROC_DATE,JURIS,COLLISION_DATE,COLLISION_TIME,OFFICER_ID,REPORTING_DISTRICT,DAY_OF_WEEK,CHP_SHIFT,POPULATION,CNTY_CITY_LOC,SPECIAL_COND,BEAT_TYPE,CHP_BEAT_TYPE,CITY_DIVISION_LAPD,CHP_BEAT_CLASS,BEAT_NUMBER,PRIMARY_RD,SECONDARY_RD,DISTANCE,DIRECTION,INTERSECTION,WEATHER_1,WEATHER_2,STATE_HWY_IND,CALTRANS_COUNTY,CALTRANS_DISTRICT,STATE_ROUTE,ROUTE_SUFFIX,POSTMILE_PREFIX,POSTMILE,LOCATION_TYPE,RAMP_INTERSECTION,SIDE_OF_HWY,TOW_AWAY,COLLISION_SEVERITY,NUMBER_KILLED,NUMBER_INJURED,PARTY_COUNT,PRIMARY_COLL_FACTOR,PCF_CODE_OF_VIOL,PCF_VIOL_CATEGORY,PCF_VIOLATION,PCF_VIOL_SUBSECTION,HIT_AND_RUN,TYPE_OF_COLLISION,MVIW,PED_ACTION,ROAD_SURFACE,ROAD_COND_1,ROAD_COND_2,LIGHTING,CONTROL_DEVICE,CHP_ROAD_TYPE,PEDESTRIAN_ACCIDENT,BICYCLE_ACCIDENT,MOTORCYCLE_ACCIDENT,TRUCK_ACCIDENT,NOT_PRIVATE_PROPERTY,ALCOHOL_INVOLVED,STWD_VEHTYPE_AT_FAULT,CHP_VEHTYPE_AT_FAULT,COUNT_SEVERE_INJ,COUNT_VISIBLE_INJ,COUNT_COMPLAINT_PAIN,COUNT_PED_KILLED,COUNT_PED_INJURED,COUNT_BICYCLIST_KILLED,COUNT_BICYCLIST_INJURED,COUNT_MC_KILLED,COUNT_MC_INJURED,PRIMARY_RAMP,SECONDARY_RAMP,LATITUDE,LONGITUDE,COUNTY,CITY,POINT_X,POINT_Y
82124866,2022,2023-08-03,4908,2022-12-17,0553,3341,13,6,5,5,4908,0,0,0,,0,001,"SOUTH MCDOWELL BL","CAULFIELD LN",914.00,S,N,A,-,N,,,,,,,,,,Y,1,1,0,2,A,-,11,21954,A,N,G,B,E,A,H,-,C,D,0,Y,,,,Y,,N,60,0,0,0,1,0,0,0,0,0,"- ","- ",38.243179321289062,-122.61518859863281,SONOMA,PETALUMA,-122.61255645751953,38.241710662841797
82124925,2023,2023-07-26,4905,2023-06-15,1720,1060422,,4,5,6,4905,0,0,0,,0,005,"3RD ST","RUSCH DR",635.00,E,N,A,-,N,,,,,,,,,,Y,2,0,1,1,A,-,03,22350,,N,E,I,A,A,H,-,A,D,0,,,Y,,Y,,C,02,1,0,0,0,0,0,0,0,1,"- ","- ",,,SONOMA,"SANTA ROSA",-122.73191833496094,38.432945251464844
82135866,2023,2023-08-07,4905,2023-07-06,2314,1060611,,4,5,6,4905,0,0,0,,0,003,"RANGE AV","KATY CT",76.00,S,N,A,-,N,,,,,,,,,,Y,2,0,1,2,A,-,09,21804,A,N,C,C,A,A,H,-,C,D,0,,,Y,,Y,,A,01,1,0,0,0,0,0,0,0,1,"- ","- ",,,SONOMA,"SANTA ROSA",-122.73265838623047,38.464790344238281
82147906,2023,2023-08-21,4905,2023-07-30,1054,1060523,SANTA,7,5,6,4905,0,0,0,,0,001,"GUERNEVILLE RD","COFFEY LN",0.00,,Y,A,-,N,,,,,,,,,,Y,2,0,1,2,A,-,01,23153,A,N,D,C,A,A,H,-,A,A,0,,,,Y,Y,Y,A,01,1,0,0,0,0,0,0,0,0,"- ","- ",,,SONOMA,"SANTA ROSA",-122.73628997802734,38.456569671630859
82161549,2023,2023-09-04,4905,2023-08-15,1921,1060618,,2,5,6,4905,0,0,0,,0,001,"COFFEY LN","SAN MIGUEL RD",0.00,,Y,A,-,N,,,,,,,,,,Y,2,0,2,2,A,-,09,21801,A,N,D,C,A,A,H,-,B,A,0,,,,,Y,,A,01,1,0,1,0,0,0,0,0,0,"- ","- ",,,SONOMA,"SANTA ROSA",-122.74700927734375,38.474533081054688
82161856,2023,2023-09-05,4908,2023-08-18,1028,3704,2,5,5,5,4908,0,0,0,,0,002,"EAST WASHINGTON ST","ELLIS ST",25.00,E,N,A,-,N,,,,,,,,,,Y,2,0,1,1,C,-,18,,,N,E,I,A,A,H,-,A,D,0,,,,,Y,,-,"- ",1,0,0,0,0,0,0,0,0,"- ","- ",38.243759155273438,-122.63086700439453,SONOMA,PETALUMA,-122.63085174560547,38.243827819824219
82171521,2023,2023-09-18,4908,2023-09-07,2224,2641,12,4,5,5,4908,0,0,0,,0,001,"EAST WASHINGTON ST","ELY BL SOUTH",41.00,E,N,A,-,N,,,,,,,,,,Y,2,0,1,1,A,-,01,23152,A,N,E,I,A,A,H,-,C,A,0,,,,,Y,Y,A,01,1,0,0,0,0,0,0,0,0,"- ","- ",38.256629943847656,-122.61924743652344,SONOMA,PETALUMA,-122.61913299560547,38.256702423095703
82192593,2023,2023-10-06,4908,2023-10-03,"846 ",3383,14,2,5,5,4908,0,0,0,,0,001,"SOUTH MCDOWELL BL","CASA GRANDE RD",0.00,,Y,A,-,N,,,,,,,,,,Y,2,0,1,2,A,-,12,22450,A,N,D,C,A,A,H,-,A,A,0,,,Y,,Y,,A,07,1,0,0,0,0,0,0,0,1,"- ","- ",38.236099243164062,-122.6025390625,SONOMA,PETALUMA,-122.60254669189453,38.236087799072266
82199119,2023,2023-10-16,4905,2023-08-26,1755,1060593,,6,5,6,4905,0,0,0,,0,002,"COLLEGE AV","BEAVER ST",9.00,W,N,A,-,N,,,,,,,,,,N,2,0,1,2,A,-,01,23152,A,F,G,B,B,A,H,-,A,A,0,Y,,,,Y,Y,A,07,1,0,0,0,1,0,0,0,0,"- ","- ",,,SONOMA,"SANTA ROSA",-122.71231842041016,38.445510864257812
82199126,2023,2023-10-16,4905,2023-09-18,"637 ",1060513,,1,5,6,4905,0,0,0,,0,007,"SEBASTOPOL AV","BOYD ST",25.00,W,N,A,-,N,,,,,,,,,,N,2,0,1,2,A,-,11,21950,B,N,G,B,E,A,H,-,D,D,0,Y,,,,Y,,N,60,1,0,0,0,1,0,0,0,0,"- ","- ",,,SONOMA,"SANTA ROSA",-122.72042083740234,38.431758880615234
82226953,2023,2023-11-03,4904,2023-10-12,1847,1040547,,4,5,4,4904,0,0,0,,0,002,"COMMERCE BLVD","ENTERPRISE DR",200.00,S,N,A,-,N,,,,,,,,,,Y,2,0,1,2,A,-,03,22350,,N,B,C,A,A,H,-,C,D,0,,,,,Y,Y,D,72,1,0,0,0,0,0,0,0,0,"- ","- ",38.344959259033203,-122.71199798583984,SONOMA,"ROHNERT PARK",-122.71212768554688,38.344341278076172
82257964,2023,2023-12-25,4905,2023-08-21,2150,1060593,,1,5,6,4905,0,0,0,,0,007,"CORBY AV","BELLEVUE AV",110.00,N,N,A,-,N,,,,,,,,,,Y,2,0,1,1,A,-,01,23152,A,N,E,I,A,A,H,-,D,A,0,,,,,Y,Y,A,01,1,0,0,0,0,0,0,0,0,"- ","- ",,,SONOMA,"SANTA ROSA",-122.71675872802734,38.402130126953125
82257970,2023,2023-12-11,4905,2023-11-23,1724,1060561,,4,5,6,4905,0,0,0,,0,004,"HWY 12","MISSION BL",0.00,,Y,A,-,N,,,,,,,,,,N,2,0,1,2,A,-,07,21658,A,N,G,B,E,A,H,-,C,A,0,Y,,,,Y,,A,01,1,0,0,0,1,0,0,0,0,"- ","- ",,,SONOMA,"SANTA ROSA",-122.67433929443359,38.458648681640625
82266745,2023,2023-12-22,4905,2023-12-07,1826,1060626,,4,5,6,4905,0,0,0,,0,007,"STONY POINT RD","YUBA DR",0.00,,Y,A,-,N,,,,,,,,,,N,2,0,1,2,A,-,10,21950,A,F,G,B,B,A,H,-,C,A,0,Y,,,,Y,,A,01,1,0,0,0,1,0,0,0,0,"- ","- ",,,SONOMA,"SANTA ROSA",-122.74141693115234,38.407131195068359
82275452,2023,2024-01-01,4905,2023-12-07,1723,1060626,,4,5,6,4905,0,0,0,,0,008,"SANTA ROSA AV","YOLANDA AV",0.00,,Y,A,-,N,,,,,,,,,,N,2,0,1,2,A,-,10,21950,A,N,G,B,B,A,H,-,E,A,0,Y,,,,Y,,A,07,1,0,0,0,1,0,0,0,0,"- ","- ",,,SONOMA,"SANTA ROSA",-122.71353912353516,38.413204193115234
82288629,2024,2025-01-31,4905,2024-01-03,1639,1060550,,3,5,6,4905,0,0,0,,0,006,"FARMERS LN","MAGOWAN DR",0.00,,Y,A,-,N,,,,,,,,,,Y,2,0,1,2,A,-,09,21801,A,N,D,C,A,A,H,-,A,A,0,,,,,Y,Y,D,22,1,0,0,0,0,0,0,0,0,"- ","- ",,,SONOMA,"SANTA ROSA",-122.68782043457031,38.445209503173828
82322406,2024,2024-02-26,4905,2024-02-13,1818,1060550,,2,5,6,4905,0,0,0,,0,009,"4TH ST","LELAND ST",0.00,,Y,A,-,N,,,,,,,,,,Y,2,0,2,2,A,-,09,21801,A,N,D,C,A,A,H,-,C,D,0,,,Y,,Y,Y,A,01,1,0,1,0,0,0,0,0,2,"- ","- ",,,SONOMA,"SANTA ROSA",-122.70353698730469,38.445766448974609
82350099,2024,2024-03-29,4905,2024-01-29,"815 ",1060408,,1,5,6,4905,0,0,0,,0,,"BURBANK AV","LIANA DR",1054.00,N,N,A,-,N,,,,,,,,,,N,2,0,1,2,A,-,08,22107,,N,D,G,A,A,H,-,A,A,0,,Y,,,Y,,L,04,1,0,0,0,0,0,1,0,0,"- ","- ",,,SONOMA,"SANTA ROSA",-122.73443603515625,38.42095947265625
82356756,2024,2024-04-08,4905,2024-02-20,1708,1060474,,2,5,6,4905,0,0,0,,0,003,"FULTON RD","TEDESCHI DR",0.00,,Y,A,-,N,,,,,,,,,,Y,2,0,3,2,A,-,09,21802,A,N,D,C,A,B,H,-,A,D,0,,,,,Y,,D,72,2,0,1,0,0,0,0,0,0,"- ","- ",,,SONOMA,"SANTA ROSA",-122.769775390625,38.476539611816406
82375542,2024,2024-04-29,4905,2024-03-21,"816 ",1060550,,4,5,6,4905,0,0,0,,0,002,"MENDOCINO AV","MENDOCINO OV",156.00,S,N,A,-,N,,,,,,,,,,N,2,0,1,2,A,-,11,21954,A,N,G,B,D,A,H,-,A,A,0,Y,,,,Y,,N,60,1,0,0,0,1,0,0,0,0,"- ","- ",,,SONOMA,"SANTA ROSA",,
82386442,2024,2024-05-10,4905,2024-04-28,1920,1060541,,7,5,6,4905,0,0,0,,0,004,"4TH ST","BRYDEN LN",0.00,,Y,A,-,N,,,,,,,,,,N,2,0,1,1,A,-,03,22350,,N,E,I,A,A,H,-,A,D,0,,,Y,,Y,,C,02,1,0,0,0,0,0,0,0,1,"- ","- ",,,SONOMA,"SANTA ROSA",-122.69727325439453,38.450637817382812
82387297,2024,2024-05-13,4905,2024-04-19,1704,1068926,,5,5,6,4905,0,0,0,,0,004,"MONTECITO BL","BAIRD RD",0.00,,Y,A,-,N,,,,,,,,,,N,2,0,1,2,A,-,12,22450,A,N,A,G,A,A,H,-,A,A,0,,Y,,,Y,,L,04,1,0,0,0,0,0,1,0,0,"- ","- ",,,SONOMA,"SANTA ROSA",-122.66702270507812,38.477420806884766
82387300,2024,2024-05-13,4905,2024-04-28,1311,1060527,,7,5,6,4905,0,0,0,,0,005,"STONY POINT RD","GLENBROOK DR",110.00,S,N,A,-,N,,,,,,,,,,N,2,0,3,1,A,-,01,23153,A,N,E,I,A,A,H,-,A,D,0,,,,,Y,Y,A,01,1,2,0,0,0,0,0,0,0,"- ","- ",,,SONOMA,"SANTA ROSA",-122.74281311035156,38.437049865722656
82391037,2024,2024-05-16,4904,2024-03-24,"13  ",1040607,,7,5,4,4904,0,0,0,,0,,"GOLF COURSE DR","HARBOR LN",49.00,E,N,A,B,N,,,,,,,,,,Y,2,0,1,4,A,-,01,23152,A,N,C,E,A,B,H,-,C,D,0,,,,,Y,Y,A,01,1,0,0,0,0,0,0,0,0,"- ","- ",38.367198944091797,-122.68701934814453,SONOMA,"ROHNERT PARK",-122.68691253662109,38.36724853515625
82397635,2024,2024-05-24,4904,2024-04-18,2049,1040616,,4,5,4,4904,0,0,0,,0,001,"GOLF COURSE DR","FRANCIS CIR",25.00,W,N,A,-,N,,,,,,,,,,N,2,0,1,2,A,-,10,21950,A,N,G,B,B,A,H,-,C,A,0,Y,,,,Y,,A,01,1,0,0,0,1,0,0,0,0,"- ","- ",38.361190795898438,-122.69799041748047,SONOMA,"ROHNERT PARK",-122.69833374023438,38.361427307128906
82403611,2024,2024-06-03,4905,2024-04-09,2039,1060550,,2,5,6,4905,0,0,0,,0,,"SEBASTOPOL RD","GOODMAN AV",57.00,E,N,A,-,N,,,,,,,,,,N,2,0,1,2,A,-,10,21954,B,F,G,B,D,A,H,-,C,D,0,Y,,,,Y,,A,01,1,0,0,0,1,0,0,0,0,"- ","- ",,,SONOMA,"SANTA ROSA",-122.72334289550781,38.431064605712891
82414552,2024,2024-06-14,4905,2024-06-02,2116,1060541,,7,5,6,4905,0,0,0,,0,006,"SUMMERFIELD RD","KANSAS DR",116.00,N,N,A,-,N,,,,,,,,,,Y,2,0,1,1,A,-,01,23152,A,N,E,I,A,A,H,-,C,D,0,,,,,Y,Y,A,01,1,0,0,0,0,0,0,0,0,"- ","- ",,,SONOMA,"SANTA ROSA",-122.66692352294922,38.448299407958984
82419968,2024,2024-06-21,4905,2024-05-30,1511,1060576,,4,5,6,4905,0,0,0,,0,007,"SEBASTOPOL RD","CORPORATE CENTER PW",152.00,W,N,A,-,N,,,,,,,,,,Y,2,0,3,4,A,-,11,21950,B,M,G,B,E,A,H,-,A,D,0,Y,,,,Y,,N,60,1,2,0,0,1,0,0,0,0,"- ","- ",,,SONOMA,"SANTA ROSA",-122.75389099121094,38.425899505615234
82419972,2024,2024-06-21,4905,2024-06-04,1550,1060550,,2,5,6,4905,0,0,0,,0,003,"PINERCREST DR","FRANCISCO AV",220.00,W,N,A,-,N,,,,,,,,,,N,2,0,1,2,A,-,03,22350,,F,D,C,A,A,H,-,A,D,0,,,,,Y,,D,22,1,0,0,0,0,0,0,0,0,"- ","- ",,,SONOMA,"SANTA ROSA",-122.76134490966797,38.469577789306641
82431001,2024,2024-07-08,4904,2024-06-04,2010,1040586,,2,5,4,4904,0,0,0,,0,002,"ROHNERT PARK EXPY","COMMERCE BLVD",0.00,,Y,A,-,N,,,,,,,,,,Y,2,0,1,3,A,-,12,21453,A,N,D,C,A,A,H,-,A,A,0,,,,,Y,,A,01,1,0,0,0,0,0,0,0,0,"- ","- ",38.34844970703125,-122.70960998535156,SONOMA,"ROHNERT PARK",-122.70960998535156,38.348533630371094
82444435,2024,2024-07-22,4905,2024-07-02,1723,1068911,,2,5,6,4905,0,0,0,,0,003,"MARLOW RD","GUERNEVILLE RD",270.00,S,N,A,-,N,,,,,,,,,,N,2,0,2,2,A,-,09,21804,A,N,D,C,A,A,H,-,A,D,0,,,Y,,Y,,A,01,1,0,1,0,0,0,0,0,1,"- ","- ",,,SONOMA,"SANTA ROSA",-122.75132751464844,38.451915740966797
8308607,2017,2017-02-17,4908,2017-01-19,1813,2939,6,4,5,5,4908,0,0,0,,0,003,"PETALLUMA BLVD N","CINNABAR RD",0.00,,Y,A,-,N,,,,,,,,,,N,2,0,1,2,A,-,01,21200,5,F,H,G,A,B,H,-,C,D,0,,Y,,,Y,Y,L,04,1,0,0,0,0,0,1,0,0,"- ","- ",38.248860000000001,-122.64597999999999,SONOMA,PETALUMA,-122.64595989999999,38.248799949999999
83097235,2024,2024-08-01,4904,2024-05-03,"828 ",1040615,,5,5,4,4904,0,0,0,,0,003,"SNYDER LN","JASMINE CIR",329.00,S,N,A,-,N,,,,,,,,,,N,2,0,1,2,A,-,10,21950,A,F,G,B,B,A,H,-,A,A,0,Y,,,,Y,,A,01,1,0,0,0,1,0,0,0,0,"- ","- ",38.344570159912109,-122.68553161621094,SONOMA,"ROHNERT PARK",-122.68549346923828,38.343475341796875
83097237,2024,2024-08-02,4904,2024-05-08,2230,1040618,,3,5,4,4904,0,0,0,,0,,"REDWOOD DR","BUSINESS PARK DR",0.00,,Y,A,-,N,,,,,,,,,,Y,1,1,3,2,A,-,03,22350,,N,D,C,A,A,H,-,C,A,0,,,Y,,Y,,O,05,0,3,0,0,0,0,0,1,0,"- ","- ",38.357601165771484,-122.71330261230469,SONOMA,"ROHNERT PARK",-122.71353912353516,38.357692718505859
8313388,2017,2017-03-15,4908,2017-02-06,1811,2641,14,1,5,5,4908,0,0,0,,0,001,"ELY BL SOUTH","CAULFIELD LN",0.00,,Y,C,-,N,,,,,,,,,,Y,2,0,1,2,A,-,12,22450,A,N,D,C,A,B,G,-,C,A,0,,,,,Y,,A,01,1,0,0,0,0,0,0,0,0,"- ","- ",,,SONOMA,PETALUMA,-122.60736996,38.249929940000001
8317016,2017,2017-03-02,4903,2017-02-19,0806,1165,3,7,5,3,4903,0,0,0,,0,,"CENTER ST","CENTER ST 434",0.00,,N,C,-,N,,,,,,,,,,N,2,0,1,2,A,-,03,22350,,N,G,B,F,B,H,-,A,D,0,Y,,,,Y,,A,08,1,0,0,0,1,0,0,0,0,"- ","- ",38.634700000000002,-122.86947000000001,SONOMA,HEALDSBURG,-122.870209,38.613446000000003
8319956,2016,2017-03-06,4905,2016-12-16,1326,SR474,10602,5,5,6,4905,0,0,0,,0,002,"MENDOCINO AV","PACIFIC AV",260.00,S,N,A,-,N,,,,,,,,,,N,2,0,1,2,C,-,18,,,N,G,B,F,A,H,-,A,D,0,Y,,,,Y,,-,"- ",1,0,0,0,1,0,0,0,0,"- ","- ",,,SONOMA,"SANTA ROSA",-122.71746769000001,38.452656140000002
8325672,2016,2017-03-23,4908,2016-11-09,0643,2747,11,3,5,5,4908,0,0,0,,0,004,"SONOMA MOUNTAIN  PKWY","RAINIER CIR",0.00,,Y,E,-,N,,,,,,,,,,Y,2,0,3,2,A,-,03,22350,,N,D,C,A,A,H,-,B,A,0,,,,,Y,,D,22,1,1,1,0,0,0,0,0,0,"- ","- ",,,SONOMA,PETALUMA,-122.63438991,38.265159930000003
83491201,2024,2024-08-05,4905,2024-07-23,1553,1060550,,2,5,6,4905,0,0,0,,0,006,"FARMERS LN","MONTGOMERY DR",90.00,N,N,A,-,Y,,,,,,,,,,Y,2,0,1,2,A,-,07,21658,A,N,B,C,A,A,H,-,A,A,0,,,,,Y,,A,01,1,0,0,0,0,0,0,0,0,"- ","- ",,,SONOMA,"SANTA ROSA",-122.68807983398438,38.446784973144531
8353604,2017,2017-05-02,4905,2017-04-19,1105,SR215,10605,3,5,6,4905,0,0,0,,0,005,"FULTON RD","OCCIDINTAL RD",0.00,,Y,A,-,N,,,,,,,,,,Y,2,0,2,2,A,-,12,21453,A,N,A,C,A,A,H,-,A,A,0,,,,,Y,,D,22,1,0,1,0,0,0,0,0,0,"- ","- ",,,SONOMA,"SANTA ROSA",-122.76937988,38.429009980000004
8355446,2017,2017-04-28,4905,2017-03-10,1650,SR440,16080,5,5,6,4905,0,0,0,,0,008,"PETALUMA HILL RD","BARHAM AV",0.00,,Y,A,-,N,,,,,,,,,,Y,2,0,1,2,A,-,09,21802,A,N,D,C,A,A,H,-,A,D,0,,,Y,,Y,,A,07,1,0,0,0,0,0,0,0,1,"- ","- ",,,SONOMA,"SANTA ROSA",-122.71038991,38.427609949999997
8369187,2017,2017-05-24,4908,2017-04-03,2336,2641,13,1,5,5,4908,0,0,0,,0,001,"SOUTH MCDOWELL BL","MARIA DR",0.00,,Y,A,-,N,,,,,,,,,,N,2,0,1,2,A,-,11,21456,B,N,G,B,B,A,H,-,C,A,0,Y,,,,Y,,N,60,1,0,0,0,1,0,0,0,0,"- ","- ",,,SONOMA,PETALUMA,-122.62242990999999,38.247279890000002
8380874,2017,2017-06-19,4904,2017-05-17,0956,472,,3,5,4,4904,0,0,0,,0,,"STATE FARM DR","COMMERCE BL",42.00,E,N,A,-,N,,,,,,,,,,Y,2,0,1,1,C,-,18,,,N,E,I,A,A,H,-,A,A,0,,,,,Y,,-,"- ",1,0,0,0,0,0,0,0,0,"- ","- ",,,SONOMA,"ROHNERT PARK",-122.71240348000001,38.357420840000003
8393102,2017,2017-06-22,4905,2017-04-24,0817,SR292,1060,1,5,6,4905,0,0,0,,0,004,"4TH ST","BRYDEN LN",25.00,W,N,B,-,N,,,,,,,,,,Y,2,0,1,2,A,-,09,21803,A,N,F,A,A,B,H,-,A,A,0,,,Y,,Y,,A,01,1,0,0,0,0,0,0,0,1,"- ","- ",,,SONOMA,"SANTA ROSA",-122.69734784000001,38.450608870000003
8397310,2017,2017-06-26,4908,2017-06-18,2257,3189,3,7,5,5,4908,0,0,0,,0,002,"B ST","FAIR ST",0.00,,Y,A,-,N,,,,,,,,,,Y,2,0,1,2,A,-,12,22450,A,N,D,C,A,A,H,-,C,A,0,,,Y,,Y,Y,C,02,1,0,0,0,0,0,0,0,1,"- ","- ",38.226730000000003,-122.64328,SONOMA,PETALUMA,-122.64330986,38.226689890000003
84176255,2024,2024-08-13,4905,2024-07-15,1955,1060422,,1,5,6,4905,0,0,0,,0,002,"MENDOCINO AV","PACIFIC AV",0.00,,Y,A,-,N,,,,,,,,,,N,2,0,1,2,A,-,12,21453,A,N,D,C,A,A,H,-,A,A,0,,,Y,,Y,,C,02,1,0,0,0,0,0,0,0,1,"- ","- ",,,SONOMA,"SANTA ROSA",-122.71743774414062,38.453372955322266
8428877,2017,2017-08-21,4905,2017-06-27,1919,SR394,10607,2,5,6,4905,0,0,0,,0,007,"STONY POINT RD","SEBASTOPOL RD",0.00,,Y,A,-,N,,,,,,,,,,Y,2,0,1,2,A,-,01,21200,5,N,D,G,A,A,D,-,A,A,0,,Y,,,Y,Y,L,04,1,0,0,0,0,0,1,0,0,"- ","- ",,,SONOMA,"SANTA ROSA",-122.74134993,38.42685994
84376195,2024,2024-08-30,4905,2024-07-27,1030,1060555,,6,5,6,4905,0,0,0,,0,003,"APPLETREE DR","FULTON RD",0.00,,Y,B,-,N,,,,,,,,,,Y,2,0,2,3,A,-,03,22350,,N,D,C,A,A,D,-,A,A,0,,,,,Y,,-,"- ",1,1,0,0,0,0,0,0,0,"- ","- ",,,SONOMA,"SANTA ROSA",-122.76966094970703,38.454921722412109
84376203,2024,2024-08-30,4905,2024-08-17,1325,1068929,,6,5,6,4905,0,0,0,,0,009,"SANTA ROSA AV","SONOMA AV",260.00,S,N,B,-,N,,,,,,,,,,Y,2,0,3,3,A,-,03,22350,,N,C,C,A,A,H,-,A,D,0,,,,,Y,,J,48,1,0,2,0,0,0,0,0,0,"- ","- ",,,SONOMA,"SANTA ROSA",-122.71220397949219,38.435951232910156
84387501,2024,2024-09-10,4905,2024-08-12,1953,1068929,,1,5,6,4905,0,0,0,,0,008,"KAWANA SPRINGS RD","MEADOW WY (E)",0.00,,Y,A,-,N,,,,,,,,,,N,2,0,1,2,A,-,10,21950,A,N,G,B,B,A,H,-,B,A,0,Y,,,,Y,,A,01,1,0,0,0,1,0,0,0,0,"- ","- ",,,SONOMA,"SANTA ROSA",-122.7080078125,38.416481018066406
84412066,2024,2024-09-30,4905,2024-08-26,"700 ",1060513,,1,5,6,4905,0,0,0,,0,004,"FARMERS LN","4TH ST",0.00,,Y,A,-,Y,,,,,,,,,,Y,2,0,1,2,A,-,12,21453,A,N,D,C,A,A,H,-,A,A,0,,,Y,,Y,,C,02,1,0,0,0,0,0,0,0,1,"- ","- ",,,SONOMA,"SANTA ROSA",-122.68849182128906,38.449630737304688
84422193,2024,2024-10-08,4904,2024-09-19,"27  ",1040525,,4,5,4,4904,0,0,0,,0,003,"BERNICE AVE","BURTON AVE",800.00,S,N,A,-,N,,,,,,,,,,Y,2,0,1,2,A,-,08,22107,,N,A,E,A,A,H,-,C,D,0,,,,,Y,Y,A,01,1,0,0,0,0,0,0,0,0,"- ","- ",38.337089538574219,-122.6982421875,SONOMA,"ROHNERT PARK",-122.69810485839844,38.335197448730469
84464698,2024,2024-11-14,4905,2024-04-30,1454,1060541,,2,5,6,4905,0,0,0,,0,001,"HOPPER AV","AIRWAY DR",0.00,,Y,A,-,N,,,,,,,,,,Y,2,0,1,2,A,-,09,21801,A,F,A,C,A,A,H,-,A,A,0,,,Y,,Y,Y,D,22,1,0,0,0,0,0,0,0,1,"- ","- ",,,SONOMA,"SANTA ROSA",-122.73811340332031,38.479717254638672
84464709,2024,2024-11-11,4905,2024-10-28,1825,1060541,,1,5,6,4905,0,0,0,,0,009,"MAPLE AV","SOUTH E ST",0.00,,Y,B,-,N,,,,,,,,,,Y,2,0,2,2,A,-,12,21453,A,N,D,C,A,A,H,-,B,A,0,,,,,Y,Y,A,01,1,0,1,0,0,0,0,0,0,"- ","- ",,,SONOMA,"SANTA ROSA",-122.70437622070312,38.433124542236328
84488108,2024,2024-12-02,4907,2024-10-20,1307,1102576,,7,5,2,4907,0,0,0,,0,,"NAPA ST","5TH ST WEST",0.00,,Y,A,-,Y,,,,,,,,,,N,2,0,1,2,A,-,10,21950,A,F,G,B,B,A,H,-,A,A,0,Y,,,,Y,,A,01,1,0,0,0,1,0,0,0,0,"- ","- ",38.291469573974609,-122.47022247314453,SONOMA,SONOMA,-122.46807098388672,38.292919158935547
84500951,2024,2024-12-13,4904,2024-10-26,1620,1040613,,6,5,4,4904,0,0,0,,0,001,"COUNTRY CLUB DR","ELEANOR AVE",0.00,,Y,A,-,N,,,,,,,,,,N,2,0,1,1,A,-,03,22350,,N,F,A,A,A,H,-,A,A,0,,,,,Y,Y,M,97,1,0,0,0,0,0,0,0,0,"- ","- ",38.360420227050781,-122.69403076171875,SONOMA,"ROHNERT PARK",-122.69397735595703,38.36041259765625
84504317,2024,2024-12-16,4904,2024-11-15,1856,1040574,,5,5,4,4904,0,0,0,,0,001,"COUNTRY CLUB DR","COPELAND CREEK DR",338.00,N,N,A,-,N,,,,,,,,,,N,2,0,3,2,A,-,07,21658,A,N,A,C,A,A,H,-,C,D,0,,,,,Y,,-,"- ",1,2,0,0,0,0,0,0,0,"- ","- ",38.343940734863281,-122.69583129882812,SONOMA,"ROHNERT PARK",-122.69615936279297,38.3447265625
84506261,2024,2025-08-07,4904,2024-11-07,1831,1040627,,4,5,4,4904,0,0,0,,0,,"SNYDER LN","SOUTHWEST BLVD",0.00,,Y,A,-,N,,,,,,,,,,Y,2,0,1,2,A,-,09,21801,A,N,A,C,A,A,H,-,C,A,0,,,,,Y,,A,01,1,0,0,0,0,0,0,0,0,"- ","- ",,,SONOMA,"ROHNERT PARK",-122.6854248046875,38.339622497558594
84560798,2024,2025-02-03,4905,2024-12-02,1608,1068929,,1,5,6,4905,0,0,0,,0,005,"3RD ST","BROCKHURST DR",0.00,,Y,A,-,N,,,,,,,,,,N,2,0,1,2,A,-,09,21804,A,N,D,G,A,A,H,-,A,A,0,,Y,,,Y,,L,04,1,0,0,0,0,0,1,0,0,"- ","- ",,,SONOMA,"SANTA ROSA",-122.744140625,38.433933258056641
84561076,2025,2025-02-03,4905,2025-01-10,2354,1060643,,5,5,6,4905,0,0,0,,0,004,"BENICIA DR","GRANADA DR",8.00,S,N,A,-,N,,,,,,,,,,Y,2,0,1,1,A,-,01,23152,A,N,E,I,A,A,H,-,C,D,0,,,,,Y,Y,A,01,1,0,0,0,0,0,0,0,0,"- ","- ",,,SONOMA,"SANTA ROSA",-122.67192077636719,38.468772888183594
84561094,2025,2025-02-03,4905,2025-01-12,1713,1068929,,7,5,6,4905,0,0,0,,0,009,"COLLEGE AV","E ST",0.00,,Y,A,-,N,,,,,,,,,,N,2,0,1,2,A,-,05,21650,1,N,D,G,A,A,H,-,B,A,0,,Y,,,Y,,L,04,1,0,0,0,0,0,1,0,0,"- ","- ",,,SONOMA,"SANTA ROSA",,
84580965,2025,2025-02-17,4913,2025-02-03,"20  ",1102471,,1,5,3,4980,0,0,0,,0,008,"OLD REDWOOD HW","PLEASANT AV",290.00,N,N,C,-,N,,,,,,,,,,Y,2,0,2,1,A,-,01,23152,A,N,E,I,A,B,H,-,C,D,0,,,,,Y,Y,-,"- ",1,1,0,0,0,0,0,0,0,"- ","- ",38.540138244628906,-122.79350280761719,SONOMA,WINDSOR,-122.79447937011719,38.540424346923828
84586680,2025,2025-02-24,4905,2025-01-26,1056,1060575,,7,5,6,4905,0,0,0,,0,004,"JACK LONDON DR","SNARK AV",113.00,S,N,A,-,N,,,,,,,,,,N,2,0,1,3,A,-,01,23152,A,F,A,G,A,A,H,-,A,D,0,,Y,,,Y,Y,A,01,1,0,0,0,0,0,1,0,0,"- ","- ",,,SONOMA,"SANTA ROSA",-122.66233825683594,38.469711303710938