CASE_ID,ACCIDENT_YEAR,PROC_DATE,JURIS,COLLISION_DATE,COLLISION_TIME,OFFICER_ID,REPORTING_DISTRICT,DAY_OF_WEEK,CHP_SHIFT,POPULATION,CNTY_CITY_LOC,SPECIAL_COND,BEAT_TYPE,CHP_BEAT_TYPE,CITY_DIVISION_LAPD,CHP_BEAT_CLASS,BEAT_NUMBER,PRIMARY_RD,SECONDARY_RD,DISTANCE,DIRECTION,INTERSECTION,WEATHER_1,WEATHER_2,STATE_HWY_IND,CALTRANS_COUNTY,CALTRANS_DISTRICT,STATE_ROUTE,ROUTE_SUFFIX,POSTMILE_PREFIX,POSTMILE,LOCATION_TYPE,RAMP_INTERSECTION,SIDE_OF_HWY,TOW_AWAY,COLLISION_SEVERITY,NUMBER_KILLED,NUMBER_INJURED,PARTY_COUNT,PRIMARY_COLL_FACTOR,PCF_CODE_OF_VIOL,PCF_VIOL_CATEGORY,PCF_VIOLATION,PCF_VIOL_SUBSECTION,HIT_AND_RUN,TYPE_OF_COLLISION,MVIW,PED_ACTION,ROAD_SURFACE,ROAD_COND_1,ROAD_COND_2,LIGHTING,CONTROL_DEVICE,CHP_ROAD_TYPE,PEDESTRIAN_ACCIDENT,BICYCLE_ACCIDENT,MOTORCYCLE_ACCIDENT,TRUCK_ACCIDENT,NOT_PRIVATE_PROPERTY,ALCOHOL_INVOLVED,STWD_VEHTYPE_AT_FAULT,CHP_VEHTYPE_AT_FAULT,COUNT_SEVERE_INJ,COUNT_VISIBLE_INJ,COUNT_COMPLAINT_PAIN,COUNT_PED_KILLED,COUNT_PED_INJURED,COUNT_BICYCLIST_KILLED,COUNT_BICYCLIST_INJURED,COUNT_MC_KILLED,COUNT_MC_INJURED,PRIMARY_RAMP,SECONDARY_RAMP,LATITUDE,LONGITUDE,COUNTY,CITY,POINT_X,POINT_Y
84638716,2025,2025-04-07,4905,2025-03-24,"718 ",1068931,,1,5,6,4905,0,0,0,,0,003,"PETERSON CREEK DR","PEPPERGRASS ST",40.00,E,N,A,-,N,,,,,,,,,,N,2,0,1,2,A,-,03,22350,,N,G,B,D,A,H,-,B,D,0,Y,,,,Y,,-,"- ",1,0,0,0,1,0,0,0,0,"- ","- ",,,SONOMA,"SANTA ROSA",-122.77214050292969,38.459758758544922
8465387,2018,2018-12-19,4900,2018-07-03,1715,SD1536,11101,2,5,3,4980,0,0,0,,0,WI1,"OLD REDWOOD HWY","LAKEWOOD DR ROADWAY EXTENSION",73.00,W,N,A,-,Y,SON,4,101,-,-,7.555,R,4,N,Y,2,0,1,1,C,-,18,,,N,H,A,A,A,H,-,A,A,0,,,Y,,Y,,-,"- ",1,0,0,0,0,0,0,0,1,"- ","- ",,,SONOMA,WINDSOR,-122.66868591308594,38.271194458007812
8465827,2019,2021-05-25,4905,2019-03-15,0123,SR383,10604,5,5,6,4905,0,0,0,,0,004,"RT 12","MIDDLE RINCON RD",120.00,W,N,A,-,Y,SON,4,12,-,-,19.420,H,-,W,N,1,1,0,2,A,-,01,23152,A,F,G,B,E,A,H,-,C,A,0,Y,,,,Y,,D,22,0,0,0,1,0,0,0,0,0,"- ","- ",,,SONOMA,"SANTA ROSA",-122.66473388671875,38.463947296142578
8465829,2019,2019-06-04,4905,2019-03-20,0706,SR473,10607,3,5,6,4905,0,0,0,,0,007,"STONY POINT RD","BARNDANCE LN",20.00,S,N,C,-,N,,,,,,,,,,Y,1,1,0,2,A,-,11,21954,A,N,G,B,D,B,H,-,A,D,0,Y,,,,Y,Y,N,60,0,0,0,1,0,0,0,0,0,"- ","- ",,,SONOMA,"SANTA ROSA",-122.74144744873047,38.409214019775391
8466588,2017,2017-10-11,4905,2017-09-22,0256,SR466,10606,5,5,6,4905,0,0,0,,0,006,"BENNETT VALLEY RD","HOLLAND DR",900.00,E,N,A,-,N,,,,,,,,,,Y,2,0,3,1,A,-,03,22350,,N,A,H,A,A,H,-,D,D,0,,,,,Y,Y,A,07,1,2,0,0,0,0,0,0,0,"- ","- ",,,SONOMA,"SANTA ROSA",-122.68042269999999,38.431458139999997
8481536,2017,2017-11-17,4908,2017-10-17,1817,2939,13,2,5,5,4908,0,0,0,,0,001,"WILLIAMS DR","LINDBERG LN",175.00,N,N,A,-,N,,,,,,,,,,N,2,0,1,1,C,-,18,,,N,H,A,A,A,H,-,A,D,0,,,,,Y,,-,"- ",1,0,0,0,0,0,0,0,0,"- ","- ",38.244010000000003,-122.6182,SONOMA,PETALUMA,-122.61869686999999,38.244288470000001
8492349,2017,2017-11-29,4908,2017-10-29,1755,3251,2,7,5,5,4908,0,0,0,,0,003,"EAST WASHINGTON ST","EDITH ST",75.00,E,N,A,-,N,,,,,,,,,,Y,2,0,1,2,A,-,03,22350,,N,F,A,A,A,H,-,A,D,0,,,Y,,Y,,C,02,1,0,0,0,0,0,0,0,1,"- ","- ",38.24006,-122.6343,SONOMA,PETALUMA,-122.63416914,38.240228199999997
8503844,2017,2018-07-06,4905,2017-11-05,1955,SR529,10606,7,5,6,4905,0,0,0,,0,006,"RT 12","MIDDLE RINCON RD",490.00,W,N,B,-,Y,SON,4,12,-,-,19.350,H,-,E,Y,2,0,1,2,A,-,09,21804,A,N,B,C,A,A,H,-,C,D,0,,,Y,,Y,,A,07,1,0,0,0,0,0,0,0,1,"- ","- ",,,SONOMA,"SANTA ROSA",-122.66591434,38.463556320000002
8504131,2017,2018-07-02,4906,2017-12-05,1453,451,4906,2,5,2,4906,0,0,0,,0,,"RT 116","PITT AV",0.00,,Y,A,-,Y,SON,4,116,-,-,26.390,I,5,E,N,2,0,1,2,A,-,06,21755,A,N,H,G,A,A,H,-,A,A,0,,Y,,,Y,,L,04,1,0,0,0,0,0,1,0,0,"- ","- ",,,SONOMA,SEBASTOPOL,-122.82807812999999,38.405265729999996
8505286,2017,2017-11-30,4905,2017-10-03,0940,SR473,10603,2,5,6,4905,0,0,0,,0,003,"GUERNEVILLE RD","FULTON RD",578.00,W,N,A,-,N,,,,,,,,,,Y,2,0,3,2,A,-,03,22350,,M,D,C,A,A,H,-,A,A,0,,,Y,,Y,,C,02,1,0,2,0,0,0,0,0,1,"- ","- ",,,SONOMA,"SANTA ROSA",-122.77164892,38.452532609999999
8516280,2017,2018-01-05,4908,2017-12-10,1509,3251,14,7,5,5,4908,0,0,0,,0,001,"CAULFIELD LN","DANIEL DR",268.00,E,N,A,-,N,,,,,,,,,,N,2,0,1,2,A,-,03,22350,,N,C,E,A,A,H,-,A,D,0,,Y,,,Y,,L,04,1,0,0,0,0,0,1,0,0,"- ","- ",38.243789999999997,-122.61466,SONOMA,PETALUMA,-122.6141085,38.244394939999999
8522966,2017,2018-01-11,4904,2017-12-22,1720,485,,5,5,4,4904,0,0,0,,0,,"COMMERCE BL","POST 413",66.00,N,N,A,-,N,,,,,,,,,,Y,2,0,1,2,A,-,09,21801,A,N,D,C,A,A,H,-,C,A,0,,,Y,,Y,,A,01,1,0,0,0,0,0,0,0,1,"- ","- ",,,SONOMA,"ROHNERT PARK",,
8526911,2017,2018-01-17,4904,2017-12-20,1049,337,,3,5,4,4904,0,0,0,,0,002,"GOLF COURSE DR W","DOWDELL AV",318.00,W,N,A,-,N,,,,,,,,,,N,2,0,1,2,A,-,08,22107,,N,D,G,A,A,H,-,A,A,0,,Y,,,Y,,L,04,1,0,0,0,0,0,1,0,0,"- ","- ",38.363169999999997,-122.71729999999999,SONOMA,"ROHNERT PARK",-122.71834946,38.363268069999997
8538864,2017,2018-01-31,4904,2017-12-31,1742,518,SONOM,7,5,4,4904,0,0,0,,0,002,"ROHNERT PARK EXPWY","COMMERCE BL",198.00,E,N,A,-,N,,,,,,,,,,N,2,0,2,2,A,-,11,21954,A,N,G,B,D,A,H,-,D,D,0,Y,,,,Y,,N,60,1,0,1,0,1,0,0,0,0,"- ","- ",38.34845,-122.70961,SONOMA,"ROHNERT PARK",-122.70891966000001,38.34854644
8543462,2017,2018-02-09,4905,2017-10-28,0058,SR524,10601,6,5,6,4905,0,0,0,,0,001,"PINER RD","COFFEY LN",840.00,E,N,A,-,N,,,,,,,,,,Y,2,0,1,1,A,-,01,23152,A,N,A,I,A,A,H,-,C,D,0,,,,,Y,Y,A,01,1,0,0,0,0,0,0,0,0,"- ","- ",,,SONOMA,"SANTA ROSA",-122.7420637,38.46952864
8567162,2018,2018-03-08,4905,2018-01-05,1337,SR469,10603,5,5,6,4905,0,0,0,,0,003,"FULTON RD","SEVEN GABLES DR",0.00,,Y,B,-,N,,,,,,,,,,Y,2,0,2,2,A,-,09,21801,A,N,D,C,A,B,H,-,A,D,0,,,,,Y,,A,01,1,0,1,0,0,0,0,0,0,"- ","- ",,,SONOMA,"SANTA ROSA",-122.76963806152344,38.447509765625
8570968,2017,2018-05-24,4906,2017-08-25,1413,451,4906,5,5,2,4906,0,0,0,,0,,"RT 12","BARNES AV",49.00,W,N,A,-,Y,SON,4,12,-,-,9.340,H,-,W,Y,2,0,1,2,A,-,10,21950,A,N,G,B,C,A,H,-,A,A,0,Y,,,,Y,Y,A,01,1,0,0,0,1,0,0,0,0,"- ","- ",38.402610000000003,-122.82207,SONOMA,SEBASTOPOL,-122.82238421,38.402309709999997
8572318,2017,2018-03-15,4908,2017-02-10,0143,2939,6,5,5,5,4908,0,0,0,,0,003,"W PAYRAN ST","JESS AV",175.00,W,N,A,-,N,,,,,,,,,,Y,2,0,1,2,A,-,03,22350,,N,A,E,A,A,H,-,C,D,0,,,Y,,Y,,C,02,1,0,0,0,0,0,0,0,1,"- ","- ",38.245559999999998,-122.63907,SONOMA,PETALUMA,-122.63956958999999,38.245767960000002
8582891,2018,2018-03-26,4904,2018-03-12,1436,520,,1,5,4,4904,0,0,0,,0,,"ROHNERT PARK EXPWY","COMMERCE BL",450.00,W,N,A,-,N,,,,,,,,,,Y,2,0,2,2,A,-,09,21801,A,N,D,C,A,A,H,-,A,A,0,,,,,Y,,A,01,1,0,1,0,0,0,0,0,0,"- ","- ",38.34844970703125,-122.70960998535156,SONOMA,"ROHNERT PARK",-122.711181640625,38.3485107421875
8614580,2018,2018-05-01,4905,2018-03-04,1836,SR466,10607,7,5,6,4905,0,0,0,,0,1836,"WEST AV","MERA CT",50.00,S,N,A,-,N,,,,,,,,,,N,2,0,1,2,A,-,11,21954,A,N,G,B,E,A,H,-,C,D,0,Y,,,,Y,,N,60,1,0,0,0,1,0,0,0,0,"- ","- ",,,SONOMA,"SANTA ROSA",-122.72834777832031,38.425033569335938
8614620,2018,2018-05-07,4905,2018-04-03,0747,SR440,1060,2,5,6,4905,0,0,0,,0,002,"BICENTENNIAL WY","MENDOCINO AV",9.00,E,N,A,-,N,,,,,,,,,,N,2,0,1,2,A,-,12,21453,A,N,D,G,A,A,H,-,A,A,0,,Y,,,Y,,L,04,1,0,0,0,0,0,1,0,0,"- ","- ",,,SONOMA,"SANTA ROSA",-122.72286987304688,38.470378875732422
8617573,2018,2018-08-22,4907,2018-05-01,2156,SD2593,10701,2,5,2,4907,0,0,0,,0,SO1,"RT 12","RAMON ST",95.00,N,N,A,-,Y,SON,4,12,-,-,36.230,H,-,W,Y,2,0,2,2,A,-,01,23153,A,F,A,C,A,A,H,-,C,A,0,,,,,Y,Y,A,01,1,0,1,0,0,0,0,0,0,"- ","- ",,,SONOMA,SONOMA,-122.47521209716797,38.298721313476562
8636453,2018,2018-06-21,4905,2018-04-17,0124,SR526,10607,2,5,6,4905,0,0,0,,0,007,"W BARHAM AV","BEACHWOOD AV",185.00,,N,A,-,N,,,,,,,,,,Y,2,0,2,5,A,-,01,23153,B,F,B,E,A,B,H,-,C,D,0,,,,,Y,Y,A,07,1,1,0,0,0,0,0,0,0,"- ","- ",,,SONOMA,"SANTA ROSA",-122.72068786621094,38.426509857177734
8639214,2018,2018-07-31,4905,2018-02-05,0925,SR473,10602,1,5,6,4905,0,0,0,,0,002,"FOUNTAINGROVE PKWY","MENDOCINO AV",0.00,,Y,A,-,N,,,,,,,,,,Y,2,0,9,9,A,-,15,26453,,N,D,C,A,A,H,-,A,A,0,,,,,Y,,K,45,2,4,3,0,0,0,0,0,0,"- ","- ",,,SONOMA,"SANTA ROSA",-122.72866821289062,38.474720001220703
8646964,2018,2018-07-11,4903,2018-06-20,1318,1448,1,3,5,3,4903,0,0,0,,0,,"HEALDSBURG AV","MARCH AV",0.00,,Y,A,-,N,,,,,,,,,,N,2,0,1,2,A,-,10,21950,A,N,G,B,B,A,G,-,A,A,0,Y,,,,Y,,-,,1,0,0,0,1,0,0,0,0,"- ","- ",38.626239776611328,-122.87265777587891,SONOMA,HEALDSBURG,-122.87268829345703,38.626239776611328
8648171,2018,2018-09-27,4905,2018-06-02,0623,SR469,10608,6,5,6,4905,0,0,0,,0,008,"SANTA ROSA AV","COURT ST",13.00,N,N,A,-,N,,,,,,,,,,Y,1,1,0,2,A,-,01,23153,A,F,G,B,B,A,H,-,B,D,0,Y,,,,Y,Y,D,22,0,0,0,1,0,0,0,0,0,"- ","- ",,,SONOMA,"SANTA ROSA",-122.71349334716797,38.406806945800781
8648536,2018,2019-01-23,4905,2018-09-15,2119,SR473,10605,6,5,6,4905,0,0,0,,0,005,"OCCIDINTAL RD","STONY POINT RD",130.00,W,N,A,-,N,,,,,,,,,,Y,1,1,0,3,A,-,11,21954,A,F,G,B,E,A,H,-,C,D,0,Y,,,,Y,,N,60,0,0,0,1,0,0,0,0,0,"- ","- ",,,SONOMA,"SANTA ROSA",-122.74240112304688,38.431713104248047
8648544,2018,2019-01-25,4905,2018-10-30,1223,SR473,10609,2,5,6,4905,0,0,0,,0,009,"STONY POINT RD","RT 12",10.00,S,N,A,-,Y,SON,4,12,-,R,14.278,R,4,E,Y,1,1,0,2,A,-,09,21804,A,N,D,G,A,A,H,-,A,A,0,,Y,,Y,Y,,L,04,0,0,0,0,0,1,0,0,0,"- ",EF,,,SONOMA,"SANTA ROSA",-122.74482727050781,38.429759979248047
8648665,2018,2019-03-01,4905,2018-08-23,1218,SR394,10608,4,5,6,4905,0,0,0,,0,008,"TEMPLE AV",FRAZIER,180.00,S,N,A,-,N,,,,,,,,,,N,1,1,0,1,C,-,18,,,N,F,A,A,A,H,-,A,D,0,,Y,,,Y,,-,"- ",0,0,0,0,0,1,0,0,0,"- ","- ",,,SONOMA,"SANTA ROSA",-122.70467376708984,38.427959442138672
8657597,2018,2018-08-13,4905,2018-06-26,1217,SR286,10609,2,5,6,4905,0,0,0,,0,009,"3RD ST","RAILROAD ST",0.00,,Y,A,-,N,,,,,,,,,,Y,2,0,3,2,A,-,12,21453,A,N,D,C,A,A,H,-,A,A,0,,,,,Y,,D,22,1,0,2,0,0,0,0,0,0,"- ","- ",,,SONOMA,"SANTA ROSA",-122.72010040283203,38.436588287353516
8657730,2018,2018-10-04,4905,2018-07-15,1737,SR408,10605,7,5,6,4905,0,0,0,,0,005,"OCCIDINTAL RD","YONKERS ST",50.00,W,N,A,-,N,,,,,,,,,,Y,2,0,1,1,A,-,08,22107,,N,E,I,A,A,H,-,A,D,0,,,,,Y,,A,01,1,0,0,0,0,0,0,0,0,"- ","- ",,,SONOMA,"SANTA ROSA",-122.76227569580078,38.428897857666016
8657746,2018,2018-10-04,4905,2018-07-11,1052,SR440,10602,3,5,6,4905,0,0,0,,0,002,"MENDOCINO AV","BICENTENNIAL WY",300.00,S,N,A,-,N,,,,,,,,,,Y,2,0,1,3,C,-,18,,,N,C,C,A,A,H,-,A,D,0,,,,,Y,,-,"- ",1,0,0,0,0,0,0,0,0,"- ","- ",,,SONOMA,"SANTA ROSA",-122.72235107421875,38.469669342041016
8658088,2018,2018-09-24,4905,2018-07-14,2001,SR516,10603,6,5,6,4905,0,0,0,,0,003,"GUERNEVILLE RD","PETERSON LN",0.00,,Y,A,-,N,,,,,,,,,,Y,2,0,1,2,A,-,09,21803,A,N,D,C,A,A,H,-,A,A,0,,,Y,,Y,,A,08,1,0,0,0,0,0,0,0,1,"- ","- ",,,SONOMA,"SANTA ROSA",-122.76445007324219,38.452621459960938
8660877,2018,2018-08-28,4906,2018-06-28,1616,455,4906,4,5,2,4906,0,0,0,,0,,"RT 116","SOLL CT",93.00,,N,A,-,Y,SON,4,116,-,-,25.540,H,-,E,Y,2,0,2,2,A,-,01,23152,A,N,D,C,A,A,H,-,A,A,0,,,,,Y,Y,A,01,1,1,0,0,0,0,0,0,0,"- ","- ",38.406909942626953,-122.83860778808594,SONOMA,SEBASTOPOL,-122.83833312988281,38.407157897949219
8676364,2018,2018-08-28,4905,2018-06-07,2228,SR473,10604,4,5,6,4905,0,0,0,,0,004,"RT 12","FARMERS LN",1300.00,E,N,A,-,Y,SON,4,12,-,-,17.950,H,-,E,Y,2,0,2,1,A,-,03,22350,,N,E,I,A,A,H,-,D,D,0,,,,,Y,,A,01,2,0,0,0,0,0,0,0,0,"- ","- ",,,SONOMA,"SANTA ROSA",-122.68424224853516,38.449470520019531
8676369,2018,2018-10-24,4905,2018-07-06,2207,SR508,10606,5,5,6,4905,0,0,0,,0,006,"RT 12","MELITA RD",24.00,E,N,A,-,Y,SON,4,12,-,-,21.630,H,-,W,Y,2,0,2,2,A,-,01,23152,A,N,C,C,A,A,H,-,C,A,0,,,,,Y,Y,A,01,1,0,1,0,0,0,0,0,0,"- ","- ",,,SONOMA,"SANTA ROSA",-122.62811279296875,38.456020355224609
8695387,2018,2018-10-11,4905,2018-08-31,2008,SR497,10606,5,5,6,4905,0,0,0,,0,006,"NEOTOMAS AV","POST RANCH RD",0.00,,Y,A,-,N,,,,,,,,,,N,2,0,2,2,A,-,03,22350,,F,C,E,A,A,H,-,C,D,0,,,,,Y,Y,A,01,1,1,0,0,0,0,0,0,0,"- ","- ",,,SONOMA,"SANTA ROSA",-122.68351745605469,38.433238983154297
8695707,2018,2018-09-24,4905,2018-08-19,1342,SR8708,10605,7,5,6,4905,0,0,0,,0,005,"WEST 3RD ST","FULTON RD",0.00,,Y,A,-,N,,,,,,,,,,Y,2,0,2,2,A,-,12,21453,A,N,D,C,A,A,H,-,A,A,0,,,,,Y,,A,01,1,0,1,0,0,0,0,0,0,"- ","- ",,,SONOMA,"SANTA ROSA",-122.77024841308594,38.438079833984375
8695747,2018,2018-09-24,4905,2018-08-09,2240,SR473,10606,4,5,6,4905,0,0,0,,0,006,"MAYETTE AV","YULUPA AV",0.00,,Y,A,-,N,,,,,,,,,,Y,2,0,2,2,A,-,09,21801,A,N,D,C,A,A,H,-,C,A,0,,,Y,,Y,,C,02,1,0,1,0,0,0,0,0,1,"- ","- ",,,SONOMA,"SANTA ROSA",-122.67352294921875,38.441978454589844
8733133,2018,2018-11-27,4906,2018-07-26,1638,451,4906,4,5,2,4906,0,0,0,,0,,"RT 116","COVERT LN",0.00,,Y,A,-,Y,SON,4,116,-,-,25.690,I,5,W,Y,2,0,1,2,A,-,09,21802,A,N,D,C,A,A,H,-,A,A,0,,,Y,,Y,Y,A,07,1,0,0,0,0,0,0,0,0,"- ","- ",38.405780792236328,-122.83561706542969,SONOMA,SEBASTOPOL,-122.83699798583984,38.405757904052734
8735063,2018,2019-01-17,4905,2018-08-20,1853,SR422,10605,1,5,6,4905,0,0,0,,0,005,"STONY POINT RD","WEST 9TH ST",500.00,S,N,A,-,N,,,,,,,,,,Y,2,0,1,1,C,-,18,,,N,E,I,A,A,H,-,A,D,0,,,Y,,Y,,-,"- ",1,0,0,0,0,0,0,0,1,"- ","- ",,,SONOMA,"SANTA ROSA",-122.74326324462891,38.439552307128906
8735193,2018,2018-11-06,4905,2018-09-30,1948,SR524,10608,7,5,6,4905,0,0,0,,0,008,"COLGAN AV","SANTA ROSA AV",75.00,E,N,A,-,N,,,,,,,,,,N,2,0,1,2,A,-,09,21804,A,N,D,G,A,B,H,-,C,A,0,,Y,,,Y,Y,L,04,1,0,0,0,0,0,1,0,0,"- ","- ",,,SONOMA,"SANTA ROSA",-122.71328735351562,38.421146392822266
8736455,2018,2018-11-19,4902,2018-11-07,1537,105345,SONOM,3,5,2,4902,0,0,0,,0,,"WEST SIERRA AV","POWER POLE #110471105",28.00,W,N,A,-,N,,,,,,,,,,Y,2,0,2,2,A,-,05,21460,A,N,A,C,A,A,H,-,A,A,0,,,,,Y,,A,01,1,1,0,0,0,0,0,0,0,"- ","- ",,,SONOMA,COTATI,,
8742609,2018,2018-11-30,4908,2018-09-22,1936,3188,10,6,5,5,4908,0,0,0,,0,004,"MCDOWELL BL","EAST MADISON ST",50.00,S,N,A,-,N,,,,,,,,,,Y,2,0,1,2,A,-,11,21954,A,N,G,B,D,A,H,-,C,A,0,Y,,,,Y,Y,N,60,1,0,0,0,1,0,0,0,0,"- ","- ",38.250789642333984,-122.62857818603516,SONOMA,PETALUMA,-122.62857055664062,38.250679016113281
8742749,2018,2018-12-18,4908,2018-10-31,0301,3381,15,3,5,5,4908,0,0,0,,0,001,"LAKEVIEW HWY","S MCDOWELL EXT",545.00,E,N,A,-,N,,,,,,,,,,Y,2,0,1,2,A,-,08,22107,,N,C,E,A,A,H,-,D,D,0,,,,,Y,,A,01,1,0,0,0,0,0,0,0,0,"- ","- ",38.230281829833984,-122.58260345458984,SONOMA,PETALUMA,,
8753612,2018,2019-01-15,4906,2018-11-26,0933,462,4906,1,5,2,4906,0,0,0,,0,,"GRAVENSTEIN HWY","HUTCHINS AV",32.00,S,N,A,-,Y,SON,4,116,-,-,27.470,H,-,E,N,2,0,2,2,A,-,03,22350,,N,C,C,A,A,H,-,A,A,0,,,,,Y,,D,82,1,1,0,0,0,0,0,0,0,"- ","- ",38.403919219970703,-122.82510375976562,SONOMA,SEBASTOPOL,-122.81791687011719,38.392631530761719
8765820,2018,2019-01-02,4906,2018-10-27,1225,451,4906,6,5,2,4906,0,0,0,,0,,"FIRCREST AV","LILLIAN WY",62.00,E,N,A,-,N,,,,,,,,,,N,2,0,1,1,D,-,00,,,N,H,J,A,A,H,-,A,A,0,,Y,,,Y,,-,"- ",1,0,0,0,0,0,1,0,0,"- ","- ",38.390148162841797,-122.81965637207031,SONOMA,SEBASTOPOL,-122.81964111328125,38.390350341796875
8776828,2018,2019-01-22,4905,2018-10-10,2315,SR394,10603,3,5,6,4905,0,0,0,,0,003,"WEST STEELE LN","COFFEY LN",5.00,W,N,A,-,N,,,,,,,,,,Y,2,0,1,1,A,-,03,22350,,N,E,I,A,A,H,-,C,A,0,,,,,Y,,A,01,1,0,0,0,0,0,0,0,0,"- ","- ",,,SONOMA,"SANTA ROSA",-122.74031066894531,38.459968566894531
8780107,2018,2019-02-19,4905,2018-11-29,1756,SR383,10606,4,5,6,4905,0,0,0,,0,006,"RT 12","MIDDLE RINCON RD",0.00,,Y,B,-,Y,SON,4,12,-,-,19.442,I,5,E,Y,2,0,1,2,A,-,12,21453,A,N,G,B,B,B,H,-,C,A,0,Y,,,,Y,,A,07,1,0,0,0,1,0,0,0,0,"- ","- ",,,SONOMA,"SANTA ROSA",-122.66436004638672,38.463920593261719
8780150,2018,2019-02-04,4905,2018-12-19,2116,SR474,10606,3,5,6,4905,0,0,0,,0,006,"RT 12","STREAMSIDE DR",180.00,W,N,B,-,Y,SON,4,12,-,-,18.470,H,-,W,Y,2,0,3,2,A,-,01,23153,A,N,A,C,A,B,H,-,C,D,0,,,,,Y,Y,A,01,1,1,1,0,0,0,0,0,0,"- ","- ",,,SONOMA,"SANTA ROSA",-122.67877960205078,38.456161499023438
8780553,2018,2019-03-21,4904,2018-12-06,1554,516,RPDPS,4,5,4,4904,0,0,0,,0,002,"REDWOOD DR","BUSINESS PARK DR",250.00,N,N,A,-,N,,,,,,,,,,Y,2,0,1,2,A,-,03,22350,,N,C,C,A,A,H,-,A,A,0,,,,,Y,,A,01,1,0,0,0,0,0,0,0,0,"- ","- ",38.357830047607422,-122.71347808837891,SONOMA,"ROHNERT PARK",-122.71353912353516,38.358375549316406
8784801,2019,2019-03-08,4907,2019-02-06,1215,SD2272,10703,3,5,2,4907,0,0,0,,0,SO1,BROADWAY,"PATTEN ST",12.00,S,N,A,-,Y,SON,4,12,-,-,37.690,I,5,E,N,2,0,1,2,A,-,08,22107,,N,G,B,B,A,H,-,A,A,0,Y,,,,Y,,A,01,1,0,0,0,1,0,0,0,0,"- ","- ",,,SONOMA,SONOMA,-122.4581298828125,38.290229797363281
8787646,2018,2019-01-24,4904,2018-11-27,1656,418,SONOM,2,5,4,4904,0,0,0,,0,001,"HILLVIEW CT","HERON CT",0.00,,Y,A,-,N,,,,,,,,,,N,2,0,1,2,A,-,08,22107,,F,G,G,A,A,H,-,A,A,0,,Y,,,Y,,A,01,1,0,0,0,0,0,1,0,0,"- ","- ",38.365848541259766,-122.68926239013672,SONOMA,"ROHNERT PARK",-122.68927001953125,38.365871429443359
8799459,2019,2019-02-22,4904,2019-01-11,1503,516,RPDPS,5,5,4,4904,0,0,0,,0,002,"ROHNERT PARK EXPWY","COMMERCE BL",0.00,,Y,C,-,N,,,,,,,,,,Y,2,0,2,2,A,-,12,21453,A,N,A,C,A,B,H,-,A,A,0,,,,,Y,,A,01,1,1,0,0,0,0,0,0,0,"- ","- ",38.347999572753906,-122.70899963378906,SONOMA,"ROHNERT PARK",-122.70960998535156,38.348529815673828
8799900,2019,2019-02-28,4903,2019-02-01,1319,1384,3,5,5,3,4903,0,0,0,,0,,"PLAZA ST","HEALDSBURG AV",0.00,,Y,C,-,N,,,,,,,,,,N,2,0,1,2,A,-,03,22350,,N,H,G,A,B,H,-,A,D,0,,Y,,,Y,,L,04,1,0,0,0,0,0,1,0,0,"- ","- ",38.611030578613281,-122.8707275390625,SONOMA,HEALDSBURG,-122.87075042724609,38.611038208007812
8808784,2019,2019-10-21,4908,2019-09-27,0503,3301,6,5,5,5,4908,0,0,0,,0,003,"CORONA RD","INDUSTRIAL AV",409.00,E,N,C,-,N,,,,,,,,,,Y,2,0,1,1,A,-,00,23103,A,N,E,I,A,B,H,-,C,D,0,,,,,Y,,A,01,1,0,0,0,0,0,0,0,0,"- ","- ",38.262149810791016,-122.66033935546875,SONOMA,PETALUMA,-122.65968322753906,38.263137817382812
8809419,2019,2019-04-02,4908,2019-02-22,1850,3384,6,5,5,5,4908,0,0,0,,0,003,"EAST WASHINGTON ST","VALLEJO ST",1.00,W,N,A,-,N,,,,,,,,,,N,2,0,1,2,A,-,10,21950,A,N,G,B,B,A,H,-,C,D,0,Y,,,,Y,,A,01,1,0,0,0,1,0,0,0,0,"- ","- ",38.241031646728516,-122.6334228515625,SONOMA,PETALUMA,-122.63345336914062,38.24102783203125
8812104,2019,2019-02-28,4905,2019-01-07,0116,SR500,10601,1,5,6,4905,0,0,0,,0,001,"PINER RD","BAY VILLAGE CIR",5.00,E,N,C,-,N,,,,,,,,,,Y,2,0,1,1,A,-,03,22350,,N,B,I,A,B,H,-,C,D,0,,,,,Y,,A,01,1,0,0,0,0,0,0,0,0,"- ","- ",,,SONOMA,"SANTA ROSA",-122.74864196777344,38.467308044433594
8812120,2019,2019-02-28,4905,2019-01-08,1913,SR8921,10605,2,5,6,4905,0,0,0,,0,005,"WEST 3RD ST","BROCKHURST DR",0.00,,Y,C,-,N,,,,,,,,,,Y,2,0,1,2,D,-,00,,,N,G,B,B,B,H,-,C,A,0,Y,,,,Y,,-,"- ",1,0,0,0,1,0,0,0,0,"- ","- ",,,SONOMA,"SANTA ROSA",-122.744140625,38.433929443359375
8821798,2019,2019-04-03,4901,2019-03-14,1221,107,,4,5,2,4901,0,0,0,,0,,"SOUTH CLOVERDALE BL","SANTANA DR",21.00,S,N,A,-,N,,,,,,,,,,Y,2,0,2,2,A,-,"- ",,,N,C,C,A,A,H,-,A,D,0,,,,,Y,,A,07,1,1,0,0,0,0,0,0,0,"- ","- ",38.783729553222656,-123.01216888427734,SONOMA,CLOVERDALE,-123.01217651367188,38.783718109130859
8828721,2019,2019-04-15,4905,2019-02-01,1939,383,10609,5,5,6,4905,0,0,0,,0,009,"COLLEGE AV","RAILROAD TRACKS",0.00,,Y,C,-,N,,,,,,,,,,Y,2,0,1,2,A,-,11,21456,C,N,G,B,B,B,H,-,C,A,0,Y,,,,Y,Y,N,60,1,0,0,0,1,0,0,0,0,"- ","- ",,,SONOMA,"SANTA ROSA",,