CASE_ID,ACCIDENT_YEAR,PROC_DATE,JURIS,COLLISION_DATE,COLLISION_TIME,OFFICER_ID,REPORTING_DISTRICT,DAY_OF_WEEK,CHP_SHIFT,POPULATION,CNTY_CITY_LOC,SPECIAL_COND,BEAT_TYPE,CHP_BEAT_TYPE,CITY_DIVISION_LAPD,CHP_BEAT_CLASS,BEAT_NUMBER,PRIMARY_RD,SECONDARY_RD,DISTANCE,DIRECTION,INTERSECTION,WEATHER_1,WEATHER_2,STATE_HWY_IND,CALTRANS_COUNTY,CALTRANS_DISTRICT,STATE_ROUTE,ROUTE_SUFFIX,POSTMILE_PREFIX,POSTMILE,LOCATION_TYPE,RAMP_INTERSECTION,SIDE_OF_HWY,TOW_AWAY,COLLISION_SEVERITY,NUMBER_KILLED,NUMBER_INJURED,PARTY_COUNT,PRIMARY_COLL_FACTOR,PCF_CODE_OF_VIOL,PCF_VIOL_CATEGORY,PCF_VIOLATION,PCF_VIOL_SUBSECTION,HIT_AND_RUN,TYPE_OF_COLLISION,MVIW,PED_ACTION,ROAD_SURFACE,ROAD_COND_1,ROAD_COND_2,LIGHTING,CONTROL_DEVICE,CHP_ROAD_TYPE,PEDESTRIAN_ACCIDENT,BICYCLE_ACCIDENT,MOTORCYCLE_ACCIDENT,TRUCK_ACCIDENT,NOT_PRIVATE_PROPERTY,ALCOHOL_INVOLVED,STWD_VEHTYPE_AT_FAULT,CHP_VEHTYPE_AT_FAULT,COUNT_SEVERE_INJ,COUNT_VISIBLE_INJ,COUNT_COMPLAINT_PAIN,COUNT_PED_KILLED,COUNT_PED_INJURED,COUNT_BICYCLIST_KILLED,COUNT_BICYCLIST_INJURED,COUNT_MC_KILLED,COUNT_MC_INJURED,PRIMARY_RAMP,SECONDARY_RAMP,LATITUDE,LONGITUDE,COUNTY,CITY,POINT_X,POINT_Y
8829064,2019,2019-04-12,4905,2019-03-16,1157,SR418,10602,6,5,6,4905,0,0,0,,0,002,"NORTH ST","PACIFIC AV",415.00,S,N,A,-,N,,,,,,,,,,N,2,0,1,2,A,-,09,21801,A,N,D,G,A,A,H,-,A,D,0,,Y,,,Y,,A,08,1,0,0,0,0,0,1,0,0,"- ","- ",,,SONOMA,"SANTA ROSA",-122.70806884765625,38.451984405517578
8831490,2019,2019-04-02,4904,2019-02-10,0914,524,,7,5,4,4904,0,0,0,,0,001,"GOLF COURSE DR","HALCYON PL",500.00,W,N,B,-,N,,,,,,,,,,Y,2,0,2,1,A,-,08,22107,,N,E,I,A,B,H,-,A,D,0,,,,,Y,,A,01,2,0,0,0,0,0,0,0,0,"- ","- ",,,SONOMA,"ROHNERT PARK",-122.6917724609375,38.364418029785156
8847836,2019,2019-04-24,4904,2019-04-06,0041,540,,6,5,4,4904,0,0,0,,0,003,"CAMINO COLEGIO","MAGNOLIA AV",84.00,N,N,A,-,N,,,,,,,,,,Y,2,0,1,1,A,-,01,23152,A,N,E,I,A,A,H,-,C,A,0,,,,,Y,Y,A,01,1,0,0,0,0,0,0,0,0,"- ","- ",38.238441467285156,-122.6864013671875,SONOMA,"ROHNERT PARK",-122.68661499023438,38.328643798828125
8865634,2019,2019-06-10,4905,2019-03-02,2122,SR422,10606,6,5,6,4905,0,0,0,,0,006,"MONTGOMERY DR","JACQUELINE DR",160.00,E,N,B,-,N,,,,,,,,,,Y,2,0,3,5,A,-,01,23152,A,N,B,E,F,B,H,-,C,D,0,Y,,,,Y,Y,A,01,1,0,2,0,1,0,0,0,0,"- ","- ",,,SONOMA,"SANTA ROSA",-122.67588806152344,38.451591491699219
8865656,2019,2019-06-10,4905,2019-03-22,1945,SR422,10601,5,5,6,4905,0,0,0,,0,001,"RANGE AV","GUERNEVILLE RD",275.00,S,N,C,-,N,,,,,,,,,,N,2,0,1,2,A,-,11,21954,A,N,G,B,D,B,H,-,C,D,0,Y,,,,Y,Y,N,60,1,0,0,0,1,0,0,0,0,"- ","- ",,,SONOMA,"SANTA ROSA",-122.73258972167969,38.458183288574219
8872283,2019,2019-06-10,4905,2019-04-09,1823,SR8921,10606,2,5,6,4905,0,0,0,,0,006,"BENNETT VALLEY RD","TACHEVAH DR",0.00,,Y,A,-,N,,,,,,,,,,Y,2,0,2,2,A,-,09,21801,A,N,A,C,A,A,H,-,A,A,0,,,,,Y,,A,07,1,1,0,0,0,0,0,0,0,"- ","- ",,,SONOMA,"SANTA ROSA",-122.67704010009766,38.428878784179688
8872294,2021,2021-10-04,4906,2021-08-08,1646,451,4906,7,5,2,4906,0,0,0,,0,,"RT 116","SOLL CT",256.00,N,N,A,-,Y,SON,4,116,-,-,25.520,H,-,W,Y,2,0,4,2,A,-,09,21801,A,N,D,C,A,A,H,-,A,A,0,,,,,Y,,A,07,1,2,1,0,0,0,0,0,0,"- ","- ",38.407341003417969,-122.83754730224609,SONOMA,SEBASTOPOL,-122.83847045898438,38.407367706298828
8874261,2019,2019-06-13,4908,2019-04-19,1839,2939,12,5,5,5,4908,0,0,0,,0,001,"SUTTER RD","ORINDA AV",25.00,E,N,A,-,N,,,,,,,,,,N,2,0,1,2,A,-,12,22450,A,N,H,G,A,A,H,-,A,A,0,,Y,,,Y,,L,04,1,0,0,0,0,0,1,0,0,"- ","- ",38.252029418945312,-122.61521148681641,SONOMA,PETALUMA,-122.61515045166016,38.252048492431641
8877781,2019,2019-06-19,4903,2019-05-19,0038,1448,3,7,5,3,4903,0,0,0,,0,,"HEALDSBURG AV","MATHESON ST",425.00,S,N,B,-,N,,,,,,,,,,Y,2,0,2,2,A,-,21,22106,,N,D,C,A,B,H,-,C,A,0,,,,,Y,Y,A,01,1,1,0,0,0,0,0,0,0,"- ","- ",38.609230041503906,-122.86991882324219,SONOMA,HEALDSBURG,-122.87022399902344,38.609210968017578
8878097,2019,2019-06-17,4903,2019-05-10,1515,1552,2,5,5,3,4903,0,0,0,,0,,"SHERMAN ST","FITCH ST",0.00,,Y,A,-,N,,,,,,,,,,N,2,0,1,2,A,-,10,21950,A,N,G,B,D,A,H,-,A,D,0,Y,,,,Y,,A,01,1,0,0,0,1,0,0,0,0,"- ","- ",38.619270324707031,-122.86724090576172,SONOMA,HEALDSBURG,-122.86721801757812,38.619270324707031
8897441,2019,2019-08-15,4908,2019-07-07,0004,3185,3,7,5,5,4908,0,0,0,,0,002,"PETALLUMA BLVD S","I ST",0.00,,Y,A,-,N,,,,,,,,,,N,2,0,1,1,A,-,01,23152,A,N,E,J,A,A,A,-,C,D,0,,,Y,,Y,Y,C,03,1,0,0,0,0,0,0,0,1,"- ","- ",38.230129241943359,-122.6307373046875,SONOMA,PETALUMA,-122.6307373046875,38.230110168457031
8898450,2019,2019-07-26,4905,2019-06-15,1237,SR8917,10609,6,5,6,4905,0,0,0,,0,009,"VALLEJO ST","BROOKWOOD AV",5.00,W,N,A,-,N,,,,,,,,,,Y,2,0,1,2,A,-,06,21755,A,N,D,C,A,A,H,-,A,A,0,,,Y,,Y,,C,02,1,0,0,0,0,0,0,0,1,"- ","- ",,,SONOMA,"SANTA ROSA",-122.70146942138672,38.437545776367188
8907031,2019,2019-08-09,4908,2019-07-02,1506,2747,2,2,5,5,4908,0,0,0,,0,002,"LAKEVILLE ST","EAST CT",5.00,N,N,A,-,N,,,,,,,,,,Y,2,0,1,2,A,-,09,21804,A,N,D,G,A,A,H,-,A,D,0,,Y,,,Y,,L,04,1,0,0,0,0,0,1,0,0,"- ","- ",38.235561370849609,-122.62711334228516,SONOMA,PETALUMA,-122.62703704833984,38.235561370849609
8911440,2020,2022-06-14,4905,2020-03-04,1816,SR422,10607,3,5,6,4905,0,0,0,,0,007,"STONY POINT RD","ROSE AV",0.00,,Y,A,-,N,,,,,,,,,,Y,1,1,1,2,A,-,03,22350,,N,D,C,A,A,H,-,B,D,0,,,Y,,Y,,C,02,0,1,0,0,0,0,0,1,0,"- ","- ",,,SONOMA,"SANTA ROSA",-122.74107360839844,38.425060272216797
8911457,2019,2020-08-25,4905,2019-10-18,1548,SR422,10601,5,5,6,4905,0,0,0,,0,001,"CLEVELAND AV","STATE FARM DR",0.00,,Y,A,-,N,,,,,,,,,,Y,1,1,1,3,A,-,08,22107,,N,B,C,F,A,H,-,A,D,0,Y,,,,Y,,A,01,0,1,0,1,0,0,0,0,0,"- ","- ",,,SONOMA,"SANTA ROSA",-122.72840118408203,38.466239929199219
8939049,2019,2019-09-25,4905,2019-07-01,0028,SR422,10604,1,5,6,4905,0,0,0,,0,004,"THOMAS LAKE HARRIS DR","SKYFARM DR",12.00,E,N,A,-,N,,,,,,,,,,Y,1,1,2,1,A,-,03,22350,,N,E,I,A,A,H,-,C,A,0,,,,,Y,,A,07,1,1,0,0,0,0,0,0,0,"- ","- ",,,SONOMA,"SANTA ROSA",-122.72056579589844,38.491111755371094
8939591,2019,2020-02-18,4905,2019-10-26,0708,SR473,10606,6,5,6,4905,0,0,0,,0,006,"RT 12","BRAND RD",123.00,W,N,A,-,Y,SON,4,12,-,-,21.730,H,-,E,Y,1,1,0,2,A,-,11,21954,A,N,G,B,D,A,H,-,C,D,0,Y,,,,Y,,N,60,0,0,0,1,0,0,0,0,0,"- ","- ",,,SONOMA,"SANTA ROSA",-122.62651824951172,38.455287933349609
8942903,2019,2020-01-28,4908,2019-08-30,0953,1771,15,5,5,5,4908,0,0,0,,0,001,"LAKEVILLE HWY","PINE VIEW WY",1475.00,E,N,A,-,Y,SON,4,116,-,-,37.200,H,-,E,Y,2,0,2,3,A,-,05,21650,,N,D,C,A,A,H,-,A,D,0,,,,Y,Y,,D,22,1,0,1,0,0,0,0,0,0,"- ","- ",38.231258392333984,-122.58438110351562,SONOMA,PETALUMA,-122.58064270019531,38.229274749755859
8945202,2019,2019-09-27,4905,2019-09-09,1919,508,10603,1,5,6,4905,0,0,0,,0,003,"FULTON RD","GUERNEVILLE RD",0.00,,Y,A,-,N,,,,,,,,,,Y,2,0,1,2,A,-,08,22107,,F,D,C,A,A,H,-,A,A,0,,,,,Y,,A,01,1,0,0,0,0,0,0,0,0,"- ","- ",,,SONOMA,"SANTA ROSA",-122.76963043212891,38.452548980712891
8948252,2019,2019-10-02,4905,2019-08-30,0713,SR8917,10602,5,5,6,4905,0,0,0,,0,002,"FOUNTAINGROVE PKWY","ALTRURIA DR",75.00,W,N,A,-,N,,,,,,,,,,Y,2,0,1,1,A,-,06,21755,A,N,E,I,A,A,H,-,A,A,0,,,Y,,Y,,C,02,1,0,0,0,0,0,0,0,1,"- ","- ",,,SONOMA,"SANTA ROSA",-122.72090911865234,38.4764404296875
8948494,2019,2019-10-02,4905,2019-09-09,1944,SR35,10609,1,5,6,4905,0,0,0,,0,009,"NORTH DUTTON AV","W 8TH ST",10.00,W,N,A,-,N,,,,,,,,,,Y,2,0,1,2,A,-,10,21950,A,N,G,B,B,A,H,-,B,D,0,Y,,,,Y,,A,01,1,0,0,0,1,0,0,0,0,"- ","- ",,,SONOMA,"SANTA ROSA",-122.72879791259766,38.439159393310547
8964851,2019,2019-11-16,4901,2019-10-15,1811,107,4901,2,5,2,4901,0,0,0,,0,,"N CLOVERDALE BL","CALEDONIAN CT",106.00,S,N,A,-,N,,,,,,,,,,N,2,0,1,1,A,-,03,22350,,N,E,I,A,A,H,-,A,D,0,,,Y,,Y,,C,02,1,0,0,0,0,0,0,0,1,"- ","- ",38.809940338134766,-123.01950073242188,SONOMA,CLOVERDALE,-123.02027130126953,38.809688568115234
8970071,2019,2019-11-04,4908,2019-10-17,1804,3301,,4,5,5,4908,0,0,0,,0,,"WESTERN AV","FAIR ST",31.00,E,N,A,-,N,,,,,,,,,,Y,2,0,2,3,A,-,01,23153,A,N,A,B,F,A,H,-,A,D,0,Y,,,,Y,Y,A,01,1,1,0,0,1,0,0,0,0,"- ","- ",38.230960845947266,-122.64981842041016,SONOMA,PETALUMA,-122.64974975585938,38.230972290039062
8973304,2019,2019-11-12,4905,2019-09-29,1320,SR8921,10607,7,5,6,4905,0,0,0,,0,007,"STONY POINT RD","YUBA DR",0.00,,Y,A,-,N,,,,,,,,,,Y,2,0,4,2,A,-,09,21801,A,N,D,C,A,A,H,-,A,D,0,,,,,Y,,A,01,1,1,2,0,0,0,0,0,0,"- ","- ",,,SONOMA,"SANTA ROSA",-122.74141693115234,38.407131195068359
8973437,2019,2019-11-07,4905,2019-09-20,1715,SR552,10607,5,5,6,4905,0,0,0,,0,007,"SEBASTOPOL RD","CORPORATE CENTER  PKWY",58.00,E,N,A,-,N,,,,,,,,,,Y,2,0,1,2,A,-,03,22350,,N,D,C,A,A,H,-,A,A,0,,,Y,,Y,,C,02,1,0,0,0,0,0,0,0,1,"- ","- ",,,SONOMA,"SANTA ROSA",-122.75315856933594,38.425952911376953
8973497,2019,2019-12-17,4905,2019-10-02,0913,SR8916,10601,3,5,6,4905,0,0,0,,0,001,"CLEVELAND AV","GUERNEVILLE RD",350.00,S,N,A,-,N,,,,,,,,,,Y,2,0,1,1,A,-,08,22107,,N,E,I,A,A,H,-,A,D,0,,,,,Y,,A,01,1,0,0,0,0,0,0,0,0,"- ","- ",,,SONOMA,"SANTA ROSA",-122.72770690917969,38.459148406982422
8976547,2019,2020-10-07,4906,2019-09-18,1232,407,,3,5,2,4906,0,0,0,,0,,"RT 116","BODEGA AV",7.00,S,N,A,-,Y,SON,4,116,-,R,9.230,I,5,E,Y,2,0,1,2,A,-,11,21456,C,N,G,B,B,A,H,-,A,A,0,Y,,,Y,Y,,N,60,1,0,0,0,1,0,0,0,0,"- ","- ",38.402030944824219,-122.82421112060547,SONOMA,SEBASTOPOL,-122.82421112060547,38.402030944824219
8988831,2019,2020-01-08,4905,2019-11-20,1357,SR555,10603,3,5,6,4905,0,0,0,,0,003,"NORTH DUTTON AV","JENNINGS AV",0.00,,Y,A,-,N,,,,,,,,,,Y,2,0,2,3,A,-,12,22450,A,N,D,C,A,A,H,-,A,A,0,,,,,Y,,A,07,1,0,1,0,0,0,0,0,0,"- ","- ",,,SONOMA,"SANTA ROSA",-122.73523712158203,38.452098846435547
8995689,2019,2019-12-19,4903,2019-10-06,1245,1572,3,7,5,3,4903,0,0,0,,0,,"HEALDSBURG AV","PLAZA ST",20.00,N,N,A,-,N,,,,,,,,,,N,2,0,1,2,A,-,10,21950,A,N,G,B,B,A,H,-,A,D,0,Y,,,,Y,,A,07,1,0,0,0,1,0,0,0,0,"- ","- ",38.611049652099609,-122.87069702148438,SONOMA,HEALDSBURG,-122.87076568603516,38.611095428466797
8996119,2019,2020-01-08,4905,2019-10-29,1831,SR510,10605,2,5,6,4905,0,0,0,,0,005,"FULTON RD","HALL RD",0.00,,Y,F,-,N,,,,,,,,,,Y,2,0,1,2,A,-,12,22450,,N,D,D,A,A,H,-,D,B,0,,,Y,,Y,,A,01,1,0,0,0,0,0,0,0,1,"- ","- ",,,SONOMA,"SANTA ROSA",-122.77039337158203,38.438018798828125
8996651,2019,2019-12-30,4908,2019-11-23,0508,3381,15,6,5,5,4908,0,0,0,,0,001,"LAKEVILLE HWY","SOUTH MCDOWELL BL",26.00,W,N,A,-,N,,,116,,,,,,,N,2,0,1,2,A,-,11,21453,D,N,G,B,B,A,H,-,C,A,0,Y,,,,Y,,N,60,1,0,0,0,1,0,0,0,0,"- ","- ",38.23419189453125,-122.59990692138672,SONOMA,PETALUMA,-122.59990692138672,38.234180450439453
90007241,2015,2015-10-19,9360,2015-07-29,1230,015552,,3,1,9,4900,0,1,3,,1,061,SR-1,"MEYERS GRADE RD",2165.00,N,N,B,-,Y,,,1,,,,,,,N,2,0,1,1,A,-,08,22107,,N,F,A,A,A,H,-,A,D,0,,,,,Y,,A,01,1,0,0,0,0,0,0,0,0,"- ","- ",38.481299999999997,-123.16981,SONOMA,UNINCORPORATED,-123.16980110999999,38.48131858
90008181,2015,2015-10-19,9360,2015-08-01,2138,020285,,6,2,9,4900,0,2,4,,1,012,"WESTSIDE ROAD","WEST DRY CREEK ROAD",950.00,S,N,A,-,N,,,,,,,,,,Y,2,0,1,1,A,-,01,23152,A,N,E,I,A,A,H,-,D,D,0,,,,,Y,Y,A,07,1,0,0,0,0,0,0,0,0,"- ","- ",38.599589999999999,-122.88433999999999,SONOMA,UNINCORPORATED,-122.88525725,38.601010180000003
90008328,2015,2015-10-19,9360,2015-08-01,0350,020819,,6,3,9,4900,0,2,4,,1,052,"DUTTON AVE","SOUTHWOOD DR",220.00,S,N,B,-,N,,,,,,,,,,N,2,0,1,2,A,-,11,21954,A,N,G,B,D,A,H,-,C,D,0,Y,,,,Y,,N,60,1,0,0,0,1,0,0,0,0,"- ","- ",38.416969999999999,-122.72372,SONOMA,UNINCORPORATED,-122.72381891000001,38.417628270000002
90009036,2015,2015-10-19,9325,2015-07-23,1918,019067,,4,2,9,4900,0,1,3,,1,051,SR-121,"BONNEAU RD",1056.00,S,N,A,-,Y,,,121,,,,,,,Y,2,0,2,2,A,-,08,22107,,N,A,C,A,A,H,-,A,D,0,,,,,Y,,A,01,2,0,0,0,0,0,0,0,0,"- ","- ",38.233849999999997,-122.46057,SONOMA,UNINCORPORATED,-122.46061693,38.233832890000002
90009538,2015,2015-10-19,9360,2015-08-08,1910,016000,,6,2,9,4900,0,1,3,,1,063,SR-1,"FREESTONE VALLEY FORD RD",2112.00,N,N,A,-,Y,,,1,,,,,,,N,2,0,1,2,A,-,03,22350,,N,B,G,A,A,H,-,A,D,0,,Y,,,Y,,A,01,1,0,0,0,0,0,1,0,0,"- ","- ",38.325980000000001,-122.94145,SONOMA,UNINCORPORATED,-122.94145911,38.325866490000003
90010977,2015,2017-08-31,9360,2015-08-14,1740,018828,,5,2,9,4900,0,1,2,,2,020,"US-101 S/B","INDEPENDENCE LN",2640.00,S,N,A,-,Y,,,101,,,,,,S,Y,1,2,3,3,A,-,01,23152,E,N,D,C,A,A,H,-,A,D,0,,,,,Y,,D,22,2,0,1,0,0,0,0,0,0,"- ","- ",38.67266,-122.87992,SONOMA,UNINCORPORATED,-122.88023271,38.672581649999998
90011539,2015,2015-10-19,9360,2015-08-21,1025,019744,,5,1,9,4900,0,1,3,,1,041,SR-12,"WARM SPRINGS ROAD",470.00,W,N,A,-,Y,,,12,,,,,,,Y,2,0,3,2,A,-,05,21460,A,N,A,C,A,A,H,-,A,D,0,,,,,Y,,A,07,3,0,0,0,0,0,0,0,0,"- ","- ",38.41836,-122.55021000000001,SONOMA,UNINCORPORATED,-122.55022460000001,38.418344840000003
90011546,2015,2015-10-19,9360,2015-08-04,1331,018520,,2,1,9,4900,0,1,3,,1,051,"SR-12 W/B TO US-101 S/B",SR-12,125.00,N,N,C,-,Y,,,,,,,,,,Y,2,0,3,3,A,-,08,22107,,N,A,C,A,B,H,-,A,D,0,,,,,Y,,D,22,1,0,2,0,0,0,0,0,0,"- ","- ",38.431840000000001,-122.71581999999999,SONOMA,UNINCORPORATED,,
90012795,2015,2015-10-19,9325,2015-08-14,1625,020242,,5,2,9,4900,0,1,3,,1,053,SR-116,"WILLIE BIRD WAY",1056.00,E,N,A,-,Y,,,116,,,,,,,N,2,0,2,2,A,-,03,22350,,N,H,G,A,A,H,-,A,D,0,,Y,,,Y,,L,04,1,1,0,0,0,0,2,0,0,"- ","- ",38.236759999999997,-122.5081,SONOMA,UNINCORPORATED,-122.50812942,38.236814320000001
90015117,2015,2015-10-19,9360,2015-08-29,0750,020234,,6,1,9,4900,0,2,4,,1,038,"BODEGA HWY","JONIVE RD",5280.00,E,N,C,-,N,,,,,,,,,,Y,2,0,2,2,A,-,05,21460,A,N,A,C,A,B,H,-,A,D,0,,,,,Y,,A,01,1,1,0,0,0,0,0,0,0,"- ","- ",38.231960000000001,-122.5321,SONOMA,UNINCORPORATED,-122.88884434000001,38.388863690000001
90018032,2015,2015-10-19,9360,2015-08-14,2048,020819,,5,2,9,4900,0,1,3,,1,013,SR-116,"MOSCOW RD",2112.00,W,N,A,-,Y,,,116,,,,,,,Y,1,1,0,1,A,-,08,22107,,N,E,I,A,A,H,-,D,D,0,,,Y,,Y,,C,02,0,0,0,0,0,0,0,1,0,"- ","- ",38.448709999999998,-123.05859,SONOMA,UNINCORPORATED,-123.05862399999999,38.448745299999999
90018904,2015,2015-10-19,9360,2015-09-10,2220,020038,,4,3,9,4900,0,2,4,,2,056,"STONY POINT RD","MADRONE AVE",528.00,S,N,A,-,N,,,,,,,,,,Y,2,0,1,2,A,-,09,21801,A,N,D,C,A,A,H,-,D,D,0,,,Y,,Y,,A,01,1,0,0,0,0,0,0,0,1,"- ","- ",38.327300000000001,-122.73688,SONOMA,UNINCORPORATED,-122.73721372,38.32789408
90022417,2015,2016-02-24,9360,2015-09-18,1920,016000,,5,2,9,4900,0,1,3,,1,045,"SR-116 (STAGE GULCH)","LAKEVILLE ROAD",0.00,,Y,A,-,Y,,,116,,,,,,,Y,1,1,0,2,A,-,01,23152,A,N,D,C,A,A,H,-,C,A,0,,,,,Y,,A,07,0,0,0,0,0,0,0,0,0,"- ","- ",38.212049999999998,-122.54928,SONOMA,UNINCORPORATED,-122.54927526,38.212039310000002
90024016,2015,2015-10-19,9360,2015-09-20,1850,020565,,7,2,9,4900,0,1,3,,1,037,SR-116,"OCCIDENTAL ROAD",900.00,W,N,A,-,Y,,,116,,,,,,,Y,2,0,1,1,A,-,08,22107,,N,E,I,A,A,H,-,B,D,0,,,Y,,Y,,C,02,1,0,0,0,0,0,0,0,1,"- ","- ",38.427729999999997,-122.85028,SONOMA,UNINCORPORATED,-122.85028033,38.42772927
90024380,2015,2015-10-19,9360,2015-08-30,0049,020565,,7,3,9,4900,0,1,2,,2,030,"US-101 N/B","FULTON RD O/C",264.00,S,N,A,-,Y,,,101,,,,,,N,Y,2,0,2,2,A,-,01,23152,A,F,C,C,A,A,H,-,D,D,0,,,,,Y,Y,A,01,1,1,0,0,0,0,0,0,0,"- ","- ",38.506050000000002,-122.76891000000001,SONOMA,UNINCORPORATED,-122.76891035,38.506049560000001
90025583,2015,2015-10-19,9360,2015-09-26,1950,018828,,6,2,9,4900,0,1,2,,2,020,"US-101 S/B","DRY CREEK RD",5280.00,N,N,A,-,Y,,,101,,,,,,S,Y,2,0,1,1,A,-,16,24002,A,N,F,A,A,A,H,-,D,D,0,,,Y,,Y,,C,02,1,0,0,0,0,0,0,0,1,"- ","- ",38.640279999999997,-122.87609999999999,SONOMA,UNINCORPORATED,-122.87605103999999,38.64025951
90031243,2015,2015-10-19,9360,2015-10-03,1155,020764,,6,1,9,4900,0,1,3,,1,063,SR-1,"WILLOW CREEK RD",1056.00,S,N,A,-,Y,,,1,,,,,,,Y,2,0,1,1,A,-,03,22350,,N,F,A,A,A,H,-,A,D,0,,,Y,,Y,,C,02,1,0,0,0,0,0,0,0,1,"- ","- ",38.43186,-123.10364,SONOMA,UNINCORPORATED,-123.10364389,38.431800539999998
90034319,2015,2015-10-20,9360,2015-09-27,1035,016660,,7,1,9,4900,0,3,5,,2,005,"ROBLAR RD","ORCHARD STATION RD",528.00,E,N,A,-,N,,,,,,,,,,N,2,0,1,1,A,-,08,22107,,N,F,A,A,A,H,-,A,D,0,,Y,,,Y,,L,04,1,0,0,0,0,0,1,0,0,"- ","- ",38.321199999999997,-122.76618999999999,SONOMA,UNINCORPORATED,-122.76661899,38.321161580000002
90038989,2015,2015-10-27,9360,2015-10-07,1520,018520,,3,2,9,4900,0,1,3,,1,051,SR-12,"MERCED AVE",528.00,E,N,A,-,Y,,,,,,,,,,Y,2,0,1,1,A,-,08,22107,,N,E,I,A,A,H,-,A,D,0,,,,,Y,,D,22,1,0,0,0,0,0,0,0,0,"- ","- ",38.433140000000002,-122.71719,SONOMA,UNINCORPORATED,-122.77724592,38.42196998
90039379,2015,2015-10-29,9360,2015-10-03,1035,017693,,6,1,9,4900,0,3,5,,2,001,"HAUSER BRIDGE RD","HAUSER BRIDGE - (GUALALA RIVER)",403.00,E,N,A,-,N,,,,,,,,,,N,1,1,0,1,A,-,03,22350,,N,F,G,A,A,H,-,A,D,0,,Y,,,Y,,L,04,0,0,0,0,0,1,0,0,0,"- ","- ",38.6038,-123.28596,SONOMA,UNINCORPORATED,-123.30263142,38.589321419999997
90039384,2015,2015-10-29,9360,2015-09-04,0740,017693,,5,1,6,4905,0,1,2,,2,040,"US-101 N/B","BAKER AVE O/C",171.00,S,N,A,-,Y,,,101,,,,,,N,N,1,1,0,2,A,-,11,21461,,N,G,B,E,A,H,-,A,D,0,Y,,,,Y,,N,60,0,0,0,1,0,0,0,0,0,"- ","- ",38.421529999999997,-122.71532000000001,SONOMA,"SANTA ROSA",-122.71529880999999,38.421526059999998
90040383,2015,2015-10-29,9360,2015-10-23,1700,018828,,5,2,9,4900,0,2,4,,1,012,"DRY CREEK RD","CANYON RD",1584.00,S,N,B,-,N,,,,,,,,,,Y,2,0,1,1,A,-,08,22107,,N,E,I,A,A,H,-,A,D,0,,,,,Y,Y,A,07,1,0,0,0,0,0,0,0,0,"- ","- ",38.697470000000003,-122.95004,SONOMA,UNINCORPORATED,-122.95002761000001,38.69711745
90041711,2015,2015-10-30,9360,2015-10-26,0700,011932,9360,1,1,9,4900,0,1,2,,2,050,"US-101 S/B","PETALUMA BLVD N.",528.00,N,N,E,-,Y,,,,,,,,,,Y,1,1,0,3,A,-,07,21658,A,N,C,C,A,A,H,-,B,D,0,,,Y,Y,Y,,C,02,0,0,0,0,0,0,0,1,0,"- ","- ",38.273060000000001,-122.67138,SONOMA,UNINCORPORATED,-122.61601094,38.22936086
90043933,2015,2016-01-06,9360,2015-09-14,0810,014998,,1,1,9,4900,0,2,4,,1,024,"PETRIFIED FOREST RD","SHARP RD",2640.00,W,N,B,C,N,,,,,,,,,,Y,1,1,0,1,A,-,01,23152,E,N,E,I,A,B,H,-,A,D,0,,,,,Y,,A,01,0,0,0,0,0,0,0,0,0,"- ","- ",38.559730000000002,-122.63196000000001,SONOMA,UNINCORPORATED,-122.63399853,38.558954800000002
9006205,2019,2020-01-07,4906,2019-11-14,1307,451,4906,4,5,2,4906,0,0,0,,0,,"RAGLE RD","HOLLY CT",70.00,S,N,A,-,N,,,,,,,,,,Y,2,0,1,1,A,-,05,21650,,N,E,I,A,B,H,-,A,A,0,,,,,Y,,A,07,1,0,0,0,0,0,0,0,0,"- ","- ",38.398410797119141,-122.84284210205078,SONOMA,SEBASTOPOL,-122.84288787841797,38.398475646972656
90063527,2015,2015-12-02,9360,2015-11-17,1235,014998,,2,1,9,4900,0,2,4,,1,046,"BENNETT VALLEY RD","MATANZAS CREEK",150.00,W,N,A,-,N,,,,,,,,,,Y,2,0,1,1,A,-,08,22107,,N,E,I,A,A,H,-,A,D,0,,,Y,,Y,,C,02,1,0,0,0,0,0,0,0,1,"- ","- ",38.385069999999999,-122.59923999999999,SONOMA,UNINCORPORATED,-122.59921414,38.385164160000002
90063921,2015,2015-12-02,9360,2015-11-19,1952,020819,,4,2,6,4905,0,1,2,,2,040,"US-101 S/B TO HEARN AVE","BAKER AVE",150.00,S,N,A,-,Y,,,101,,,,R,,S,Y,2,0,1,1,A,-,08,22107,,N,F,A,A,A,H,-,D,D,0,,,Y,,Y,,C,02,1,0,0,0,0,0,0,0,1,"- ","- ",38.420450000000002,-122.71615,SONOMA,"SANTA ROSA",-122.71615,38.420450000000002
90064232,2015,2015-12-02,9360,2015-11-21,1758,016000,,6,2,9,4900,0,2,4,,1,044,"OLD ADOBE RD","SR-116 (STAGE GULCH RD)",2640.00,W,N,A,-,N,,,,,,,,,,N,2,0,1,2,A,-,11,21954,A,N,G,B,D,A,H,-,D,D,0,Y,,,,Y,,N,60,1,0,0,0,1,0,0,0,0,"- ","- ",38.242930000000001,-122.53881,SONOMA,UNINCORPORATED,,
90065951,2015,2015-12-04,9360,2015-11-27,1515,018828,,5,2,9,4900,0,3,5,,2,001,"W DRY CREEK ROAD","YOAKIM BRIDGE RD",2640.00,N,N,A,-,N,,,,,,,,,,N,2,0,1,1,A,-,08,22107,,N,F,A,A,A,H,-,A,D,0,,Y,,,Y,,L,04,1,0,0,0,0,0,1,0,0,"- ","- ",38.698689999999999,-122.97029000000001,SONOMA,UNINCORPORATED,-122.97098843000001,38.699354739999997