CASE_ID,ACCIDENT_YEAR,PROC_DATE,JURIS,COLLISION_DATE,COLLISION_TIME,OFFICER_ID,REPORTING_DISTRICT,DAY_OF_WEEK,CHP_SHIFT,POPULATION,CNTY_CITY_LOC,SPECIAL_COND,BEAT_TYPE,CHP_BEAT_TYPE,CITY_DIVISION_LAPD,CHP_BEAT_CLASS,BEAT_NUMBER,PRIMARY_RD,SECONDARY_RD,DISTANCE,DIRECTION,INTERSECTION,WEATHER_1,WEATHER_2,STATE_HWY_IND,CALTRANS_COUNTY,CALTRANS_DISTRICT,STATE_ROUTE,ROUTE_SUFFIX,POSTMILE_PREFIX,POSTMILE,LOCATION_TYPE,RAMP_INTERSECTION,SIDE_OF_HWY,TOW_AWAY,COLLISION_SEVERITY,NUMBER_KILLED,NUMBER_INJURED,PARTY_COUNT,PRIMARY_COLL_FACTOR,PCF_CODE_OF_VIOL,PCF_VIOL_CATEGORY,PCF_VIOLATION,PCF_VIOL_SUBSECTION,HIT_AND_RUN,TYPE_OF_COLLISION,MVIW,PED_ACTION,ROAD_SURFACE,ROAD_COND_1,ROAD_COND_2,LIGHTING,CONTROL_DEVICE,CHP_ROAD_TYPE,PEDESTRIAN_ACCIDENT,BICYCLE_ACCIDENT,MOTORCYCLE_ACCIDENT,TRUCK_ACCIDENT,NOT_PRIVATE_PROPERTY,ALCOHOL_INVOLVED,STWD_VEHTYPE_AT_FAULT,CHP_VEHTYPE_AT_FAULT,COUNT_SEVERE_INJ,COUNT_VISIBLE_INJ,COUNT_COMPLAINT_PAIN,COUNT_PED_KILLED,COUNT_PED_INJURED,COUNT_BICYCLIST_KILLED,COUNT_BICYCLIST_INJURED,COUNT_MC_KILLED,COUNT_MC_INJURED,PRIMARY_RAMP,SECONDARY_RAMP,LATITUDE,LONGITUDE,COUNTY,CITY,POINT_X,POINT_Y
90066099,2015,2016-02-02,9360,2015-11-28,2030,018196,,6,2,9,4900,0,3,5,,2,005,"ROHNERT PARK EXPY","STONY POINT ROAD",800.00,E,N,A,-,Y,,,,,,,,,,Y,2,0,1,1,A,-,08,22107,,N,E,I,A,A,H,-,D,A,0,,,,,Y,,A,01,1,0,0,0,0,0,0,0,0,"- ","- ",38.352800000000002,-122.73820000000001,SONOMA,UNINCORPORATED,-122.73857927,38.35298006
90074621,2015,2016-05-03,9350,2015-11-18,1536,020225,,3,2,9,4900,0,1,3,,2,137,"SR-37 E/B","LAKEVILLE ROAD",5000.00,E,N,A,-,Y,,,37,,,,,,E,Y,1,1,2,6,A,-,03,22350,,N,C,C,A,A,H,-,A,D,0,,,,Y,Y,,G,25,0,0,2,0,0,0,0,0,0,"- ","- ",38.142319999999998,-122.46243,SONOMA,UNINCORPORATED,-122.46245405000001,38.142360459999999
90074971,2015,2015-12-16,9360,2015-11-30,0720,013440,9360,1,1,9,4900,0,3,5,,2,005,"MOORLAND AVE","HAZELNUT AVE",180.00,S,N,B,-,N,,,,,,,,,,N,2,0,1,3,A,-,08,22107,,N,F,A,A,A,H,-,B,D,0,,,Y,,Y,,C,02,1,0,0,0,0,0,0,0,1,"- ","- ",38.396709999999999,-122.7187,SONOMA,UNINCORPORATED,-122.71856,38.39643555
90082298,2015,2015-12-24,9360,2015-12-02,1820,018520,,3,2,9,4900,0,2,4,,1,034,"GUERNEVILLE RD","WOODACRE TR",113.00,E,N,A,-,N,,,,,,,,,,Y,2,0,1,2,A,-,01,23152,E,N,A,C,A,A,H,-,D,D,0,,,,,Y,,A,01,1,0,0,0,0,0,0,0,0,"- ","- ",38.452689999999997,-122.77749,SONOMA,UNINCORPORATED,-122.77740527,38.452559999999998
90087961,2015,2016-01-05,9325,2015-12-20,2205,020563,,7,3,9,4900,0,1,3,,1,051,SR-121,"FLYING ARROW RANCH RD",1478.00,S,N,C,-,Y,,,121,,,,,,,Y,2,0,1,1,A,-,08,22107,,N,E,I,A,B,H,-,D,D,0,,,,,Y,,A,01,1,0,0,0,0,0,0,0,0,"- ","- ",38.210740000000001,-122.4551,SONOMA,UNINCORPORATED,-122.45513908,38.210732129999997
90090017,2015,2016-01-07,9360,2015-12-18,0645,019405,,5,1,9,4900,0,3,5,,2,003,"EASTSIDE RD","TRENTON-HEALDSBURG RD",1056.00,N,N,B,-,N,,,,,,,,,,Y,2,0,1,1,A,-,08,22107,,N,E,I,A,B,H,-,D,D,0,,,,,Y,,A,08,1,0,0,0,0,0,0,0,0,"- ","- ",38.505670000000002,-122.86082,SONOMA,UNINCORPORATED,-122.86073991000001,38.506105060000003
90096601,2016,2016-01-15,9360,2016-01-06,1715,018667,,3,2,6,4905,0,1,2,,2,040,"US-101 NB","COLLEGE AVE O/C",45.00,S,N,C,-,Y,,,101,,,,,,N,Y,2,0,1,3,A,-,03,22350,,N,B,C,A,B,H,-,C,D,0,,,,,Y,,A,01,1,0,0,0,0,0,0,0,0,"- ","- ",38.445529999999998,-122.72342,SONOMA,"SANTA ROSA",-122.72355795,38.445434859999999
90102839,2016,2016-01-26,9360,2016-01-01,0110,020522,,5,3,9,4900,0,3,5,,2,005,"LANGNER AVE","MILLBRAE AVE",850.00,N,N,B,-,N,,,,,,,,,,N,2,0,2,4,A,-,17,22517,,N,B,C,E,A,H,-,D,D,0,Y,,,,Y,Y,N,60,1,1,0,0,2,0,0,0,0,"- ","- ",38.371299999999998,-122.7252,SONOMA,UNINCORPORATED,-122.72523031999999,38.371854880000001
90105768,2016,2016-01-29,9360,2016-01-23,0001,019092,,6,3,5,4908,0,1,2,,1,060,"US-101 N/B","CORONA RD",4224.00,N,N,B,-,Y,,,101,,,,,,N,Y,2,0,1,2,A,-,01,23152,A,N,C,C,A,B,H,-,C,D,0,,,,,Y,Y,A,01,1,0,0,0,0,0,0,0,0,"- ","- ",38.267589999999998,-122.66437000000001,SONOMA,PETALUMA,-122.66439284,38.267565859999998
90110385,2015,2016-02-05,9360,2015-11-08,1535,018828,,7,2,9,4900,0,3,5,,2,002,"LOS AMIGOS RD","MILK BARN RD",723.00,S,N,A,-,N,,,,,,,,,,Y,1,1,3,3,A,-,01,23152,A,N,D,C,A,A,H,-,A,D,0,,,,,Y,Y,A,01,0,2,1,0,0,0,0,0,0,"- ","- ",38.57864,-122.83692000000001,SONOMA,UNINCORPORATED,-122.83690986000001,38.578577009999997
90113661,2016,2016-02-11,9360,2016-02-02,0545,014455,,2,3,9,4900,0,2,4,,1,044,"ADOBE RD (1900 BLOCK)","SONOMA MOUNTAIN RD.",1056.00,W,N,B,C,N,,,,,,,,,,Y,2,0,2,2,A,-,05,21460,A,N,A,C,A,B,H,-,B,D,0,,,,,Y,,A,01,1,1,0,0,0,0,0,0,0,"- ","- ",38.277329999999999,-122.62390000000001,SONOMA,UNINCORPORATED,-122.62399521,38.27728286
90115095,2016,2016-02-15,9360,2016-01-30,2340,020369,,6,3,9,4900,0,2,4,,1,032,"RIVER RD.","EAGLE NEST RD.",132.00,W,N,A,-,N,,,,,,,,,,Y,2,0,3,2,A,-,05,21460,A,N,A,C,A,A,H,-,C,D,0,,,,,Y,Y,A,01,3,0,0,0,0,0,0,0,0,"- ","- ",38.518210000000003,-122.98043,SONOMA,UNINCORPORATED,-122.98005578,38.518752620000001
90118447,2016,2016-02-18,9360,2016-01-09,1410,018859,,6,2,9,4900,0,2,4,,1,034,"GUERNEVILLE ROAD","LAGUNA ROAD",0.00,,Y,B,C,N,,,,,,,,,,Y,2,0,1,1,C,-,18,,,N,E,I,A,B,H,-,A,D,0,,,,,Y,,-,"- ",1,0,0,0,0,0,0,0,0,"- ","- ",38.451030000000003,-122.84678,SONOMA,UNINCORPORATED,-122.84680994999999,38.451029890000001
90118596,2015,2016-03-04,9360,2015-12-19,1010,015420,,6,1,9,4900,0,2,4,,1,012,"DRY CREEK RD","CANYON RD",3168.00,S,N,A,-,N,,,,,,,,,,Y,1,1,0,1,A,-,08,22107,,N,E,I,A,A,H,-,A,D,0,,,,,Y,,A,07,0,0,0,0,0,0,0,0,0,"- ","- ",38.692210000000003,-122.94879,SONOMA,UNINCORPORATED,-122.94915895,38.692859919999997
90119105,2016,2016-02-18,9360,2016-02-09,1400,015434,,2,2,6,4905,0,1,2,,2,040,"US 101 S/B","TODD RD.",5280.00,N,N,A,-,Y,,,,,,,,,,Y,2,0,1,1,A,-,08,22107,,N,E,I,A,A,H,-,A,D,0,,,,,Y,,A,01,1,0,0,0,0,0,0,0,0,"- ","- ",38.399590000000003,-122.71634,SONOMA,"SANTA ROSA",-122.71621579000001,38.400763619999999
90123132,2016,2016-02-24,9360,2016-02-10,1330,018667,,3,1,9,4900,0,3,5,,2,002,"GEYSERVILLE AVE",US-101,400.00,E,N,A,-,N,,,,,,,,,,Y,2,0,1,1,A,-,03,22350,,N,F,A,A,A,H,-,A,D,0,,,Y,,Y,,C,02,1,0,0,0,0,0,0,0,1,"- ","- ",38.697940000000003,-122.8901,SONOMA,UNINCORPORATED,-122.8909,38.69706
90127751,2016,2016-03-02,9360,2016-02-06,0303,020266,,6,3,9,4900,0,3,5,,2,005,"3270 NEWMARK DR.","EAST ROADWAY EDGE OF NEWMARK DR",12.00,E,N,A,-,N,,,,,,,,,,Y,2,0,2,4,A,-,01,23152,A,N,E,E,A,A,H,-,C,A,0,,,,,Y,Y,A,01,1,0,1,0,0,0,0,0,0,"- ","- ",38.39781,-122.71661,SONOMA,UNINCORPORATED,,
90129537,2016,2016-03-15,9360,2016-01-07,1400,015552,,4,2,9,4900,0,1,3,,1,061,SR-1,"KRUSE RANCH RD",12619.00,S,N,B,-,Y,,,1,,,,,,,Y,1,1,3,2,A,-,01,23152,A,N,A,C,A,B,H,-,A,D,0,,,,,Y,Y,A,01,0,3,0,0,0,0,0,0,0,"- ","- ",38.585050000000003,-123.33709,SONOMA,UNINCORPORATED,-123.33709482,38.585054049999997
90129852,2016,2016-03-04,9360,2016-02-27,0650,020038,,6,1,9,4900,0,3,5,,2,004,"MOUNTAIN VIEW AVE","SANTA ROSA AVE",0.00,,Y,E,-,N,,,,,,,,,,Y,2,0,3,2,A,-,09,21802,A,N,D,C,A,A,H,-,B,A,0,,,,,Y,,A,01,1,2,0,0,0,0,0,0,0,"- ","- ",38.379330000000003,-122.71348,SONOMA,UNINCORPORATED,-122.71347987,38.379329980000001
90141861,2016,2016-03-23,9360,2016-02-15,2133,018482,,1,2,9,4900,0,1,3,,1,037,"SR-116 (POCKET CANYON HWY)","GIOVANETTI RD",4752.00,W,N,A,-,Y,,,116,,,,,,,Y,2,0,2,2,A,-,01,23152,A,N,A,C,A,A,H,-,D,D,0,,,,,Y,Y,A,01,2,0,0,0,0,0,0,0,0,"- ","- ",38.476489999999998,-122.9238,SONOMA,UNINCORPORATED,-122.92380356,38.476507490000003
90153960,2016,2016-04-08,9360,2016-03-19,1650,018881,,6,2,9,4900,0,1,3,,1,061,"SKAGGS SPRINGS ROAD","ANNAPOLIS ROAD",3696.00,E,N,B,-,N,,,,,,,,,,Y,2,0,1,1,A,-,08,22107,,N,F,A,A,B,B,H,A,D,0,,,Y,,Y,,C,02,1,0,0,0,0,0,0,0,1,"- ","- ",38.666969999999999,-123.30266,SONOMA,UNINCORPORATED,,
90157532,2016,2016-04-14,9360,2016-04-03,1825,019794,,7,2,9,4900,0,2,4,,1,012,"DRY CREEK RD","KINLEY DR",15.00,E,N,A,-,N,,,,,,,,,,Y,2,0,3,2,A,-,08,22107,,N,A,C,A,A,H,-,A,D,0,,,,,Y,Y,A,01,1,1,1,0,0,0,0,0,0,"- ","- ",38.626429999999999,-122.87991,SONOMA,UNINCORPORATED,-122.87994039,38.626436470000002
90157677,2016,2016-04-21,9360,2016-03-02,1250,013838,,3,1,6,4905,0,1,3,,1,051,"SR-12 E/B","BRIGHAM AVE. U/C",1090.00,E,N,B,-,Y,,,12,,,,,,E,Y,1,1,0,1,A,-,08,22107,,N,B,I,A,A,H,-,A,D,0,,,Y,,Y,,C,02,0,0,0,0,0,0,0,1,0,"- ","- ",38.435389999999998,-122.69033,SONOMA,"SANTA ROSA",-122.69033593,38.435433119999999
90160425,2016,2016-04-19,9360,2016-02-05,2300,020326,,5,3,9,4900,0,1,2,,2,050,"US-101 S/B","W. RAILROAD AVE.",5808.00,S,N,A,-,Y,,,101,,,,,,S,Y,2,0,2,1,A,-,08,22107,,N,F,A,A,A,H,-,D,D,0,,,,,Y,,A,01,1,0,1,0,0,0,0,0,0,"- ","- ",38.290329999999997,-122.69492,SONOMA,UNINCORPORATED,-122.6947076,38.290652880000003
90160725,2016,2016-04-19,9360,2016-04-10,2359,019092,,7,3,9,4900,0,3,5,,2,005,"BURNSIDE RD","BARNETT VALLEY RD",0.00,,Y,A,-,Y,,,,,,,,,,Y,2,0,2,1,A,-,01,23152,A,N,E,I,A,A,H,-,D,A,0,,,,,Y,Y,D,22,1,1,0,0,0,0,0,0,0,"- ","- ",38.21819,-122.52558999999999,SONOMA,UNINCORPORATED,-122.87596986,38.363669940000001
90165754,2016,2016-04-26,9360,2016-04-16,1250,015420,,6,1,9,4900,0,1,3,,1,021,SR-128,"GEYSERS RD",4224.00,W,N,A,-,Y,,,128,,,,,,,Y,2,0,2,2,A,-,09,21801,A,N,D,D,A,A,H,-,A,D,0,,,Y,,Y,,A,07,2,0,0,0,0,0,0,0,2,"- ","- ",38.69605,-122.85833,SONOMA,UNINCORPORATED,-122.85835754,38.696016110000002
90172668,2016,2016-05-04,9360,2016-02-14,0145,020819,,7,3,9,4900,0,1,3,,1,063,SR-1,"DORAN PARK RD",265.00,N,N,A,-,Y,,,1,,,,,,,Y,1,2,0,1,A,-,01,23152,,N,E,I,A,A,H,-,D,D,0,,,,,Y,Y,A,01,0,0,0,0,0,0,0,0,0,"- ","- ",38.317570000000003,-123.03003,SONOMA,UNINCORPORATED,-123.03003471,38.317550619999999
90175014,2016,2016-05-09,9360,2016-04-09,1820,019794,,6,2,9,4900,0,1,3,,1,063,SR-1,"COLEMAN VALLEY RD",1056.00,N,N,E,-,Y,,,1,,,,,,,Y,2,0,1,1,A,-,01,23152,A,N,F,I,A,B,H,-,B,D,0,,,,,Y,Y,A,07,1,0,0,0,0,0,0,0,0,"- ","- ",38.37097,-123.0746,SONOMA,UNINCORPORATED,-123.07460804999999,38.370969369999997
90182183,2016,2016-05-18,9360,2016-05-08,0940,018881,,7,1,9,4900,0,1,3,,1,063,SR-1,"SOUTH HARBOR WAY",1584.00,S,N,B,-,Y,,,1,,,,,,,Y,2,0,7,2,A,-,05,21460,A,N,A,C,A,A,H,-,A,D,0,,,,,Y,,A,01,2,1,4,0,0,0,0,0,0,"- ","- ",38.318950000000001,-123.02213999999999,SONOMA,UNINCORPORATED,-123.02213621,38.318977089999997
9018643,2019,2020-02-13,4903,2019-12-20,1805,1384,3,5,5,3,4903,0,0,0,,0,,"30 MILL ST","MILL ST 30",0.00,,N,A,C,N,,,,,,,,,,N,2,0,1,2,D,-,00,,,F,H,G,A,B,H,-,C,D,0,,Y,,,Y,Y,-,"- ",1,0,0,0,0,0,1,0,0,"- ","- ",38.633758544921875,-122.87889099121094,SONOMA,HEALDSBURG,-122.871617,38.607726
90188330,2016,2016-05-26,9360,2016-05-13,1708,020369,,5,2,9,4900,0,2,4,,1,054,"BODEGA AVE","EASTMAN AVE",55.00,E,N,A,-,N,,,,,,,,,,Y,2,0,1,2,A,-,01,23152,A,N,C,C,A,A,H,-,A,D,0,,,Y,,Y,Y,C,02,1,0,0,0,0,0,0,0,1,"- ","- ",38.235370000000003,-122.66925999999999,SONOMA,UNINCORPORATED,-122.66923448,38.235374030000003
9018991,2019,2020-02-05,4903,2019-12-21,1414,1586,1,6,5,3,4903,0,0,0,,0,,"DRY CREEK RD","DRY CREEK RD 198",0.00,,Y,A,-,N,,,,,,,,,,N,2,0,1,2,A,-,08,22107,,N,B,C,A,A,H,-,A,D,0,,,,,Y,,A,01,1,0,0,0,0,0,0,0,0,"- ","- ",38.625949859619141,-122.87671661376953,SONOMA,HEALDSBURG,-122.876426,38.626252000000001
90190687,2016,2016-06-06,9360,2016-05-21,0300,021195,,6,3,9,4900,0,3,5,,2,005,"SANDERS RD","WATERTROUGH RD",1584.00,S,N,A,-,N,,,,,,,,,,Y,2,0,1,1,A,-,01,23152,A,N,E,I,A,A,H,-,D,D,0,,,,,Y,Y,A,01,1,0,0,0,0,0,0,0,0,"- ","- ",38.375109999999999,-122.84249,SONOMA,UNINCORPORATED,-122.84146498,38.37564965
90195711,2016,2016-06-07,9360,2016-05-26,1735,016652,,4,2,6,4905,0,1,2,,2,030,"US-101 S/B","MENDOCINO AVE O/C",199.00,N,N,A,-,Y,,,,,,,,,,Y,2,0,1,2,A,-,07,21658,A,N,B,C,A,A,H,-,A,D,0,,,Y,,Y,,C,02,1,0,0,0,0,0,0,0,1,"- ","- ",38.47495,-122.71329,SONOMA,"SANTA ROSA",,
90195827,2016,2016-06-07,9360,2016-05-28,1425,018881,,6,2,9,4900,0,1,3,,1,061,SR-1,"FORT ROSS ROAD",7920.00,N,N,A,-,Y,,,1,,,,,,,Y,2,0,2,1,A,-,08,22107,,N,E,I,A,A,B,-,A,D,0,,,Y,,Y,,C,02,1,1,0,0,0,0,0,0,2,"- ","- ",38.524760000000001,-123.26446,SONOMA,UNINCORPORATED,-123.26450728,38.524779379999998
90196125,2016,2016-06-07,9360,2016-05-18,1704,018828,,3,2,6,4905,0,1,2,,2,040,"US-101 N/B","HEARN AVE",528.00,N,N,A,-,Y,,,101,,,,,,N,Y,2,0,2,2,A,-,07,21658,A,N,C,C,A,A,H,-,A,D,0,,,Y,,Y,,C,02,1,0,1,0,0,0,0,0,1,"- ","- ",38.416119999999999,-122.71588,SONOMA,"SANTA ROSA",-122.71587426000001,38.416119989999999
90196586,2016,2016-06-08,9360,2016-05-30,1115,013513,,1,1,9,4900,0,1,3,,1,061,"SR-1 S/B","KRUSE RANCH ROAD",528.00,N,N,A,-,Y,,,1,,,,,,S,Y,2,0,2,1,A,-,08,22107,,N,E,I,A,A,H,-,A,D,0,,,Y,,Y,,C,02,2,0,0,0,0,0,0,0,2,"- ","- ",38.598840000000003,-123.34949,SONOMA,UNINCORPORATED,-123.34944757,38.59890893
90201020,2016,2016-06-14,9360,2016-05-20,2112,020234,,5,2,9,4900,0,1,2,,1,060,"US-101 S/B","KASTANIA RD.",46.00,N,N,A,-,Y,,,101,,,,,,S,Y,2,0,2,2,A,-,01,23152,A,N,C,C,A,A,H,-,D,D,0,,,,Y,Y,Y,A,07,1,0,1,0,0,0,0,0,0,"- ","- ",38.210740000000001,-122.60095,SONOMA,UNINCORPORATED,-122.6009141,38.210755810000002
90205385,2016,2016-06-20,9360,2016-06-10,1105,016076,,5,1,9,4900,0,1,3,,1,021,"RT 128","MOODY LN",528.00,E,N,A,-,Y,,,128,,,,,,,Y,2,0,1,1,A,-,08,22107,,N,E,I,A,A,H,-,A,A,0,,,Y,,Y,,C,02,1,0,0,0,0,0,0,0,1,"- ","- ",38.713039999999999,-122.8856,SONOMA,UNINCORPORATED,-122.88558816,38.712997100000003
90205925,2016,2016-06-21,9350,2016-06-11,1735,019927,,6,2,9,4900,0,1,3,,2,237,"SR-37 E/B","NOBLE RD",4148.00,W,N,A,-,Y,,,37,,,,,,E,Y,2,0,2,2,A,-,03,22350,,N,C,C,A,A,H,-,A,D,0,,,Y,,Y,,C,02,1,1,0,0,0,0,0,0,2,"- ","- ",38.140039999999999,-122.46619,SONOMA,UNINCORPORATED,-122.46621476,38.140081309999999
90209167,2015,2016-06-24,9360,2015-12-08,1923,020457,,2,2,9,4900,0,1,2,,1,060,"US-101 S/B","SAN ANTONIO RD",309.00,N,N,B,-,Y,,,101,,,,,,S,Y,1,1,1,2,D,-,00,,,N,D,C,A,A,H,-,D,D,0,,,,,Y,,-,"- ",1,0,0,0,0,0,0,0,0,"- ","- ",38.188549999999999,-122.60111999999999,SONOMA,UNINCORPORATED,-122.60115715000001,38.188547010000001
90211075,2016,2016-06-28,9360,2016-05-20,0337,020329,,5,3,6,4905,0,1,2,,2,030,"US-101 N/B","RIVER ROAD O/C",1056.00,N,N,A,-,Y,,,,,,,,,,Y,2,0,1,1,A,-,03,22350,,N,E,J,A,A,C,-,D,D,0,,,Y,,Y,,C,03,1,0,0,0,0,0,0,0,1,"- ","- ",38.499279999999999,-122.76031,SONOMA,"SANTA ROSA",-122.75879965999999,38.498113709999998
90219013,2016,2016-07-08,9360,2016-06-10,1630,018859,,5,2,9,4900,0,2,4,,1,038,"BODEGA HIGHWAY","WAGNON ROAD",1320.00,E,N,A,-,N,,,,,,,,,,Y,2,0,1,2,A,-,05,21460,A,N,A,C,A,A,H,-,A,D,0,,,Y,,Y,,C,02,1,0,0,0,0,0,0,0,1,"- ","- ",38.388759999999998,-122.88925999999999,SONOMA,UNINCORPORATED,-122.88962499,38.388285660000001
90223483,2016,2016-07-15,9360,2016-07-02,1344,020386,,6,1,9,4900,0,2,4,,1,032,"RIVER ROAD","LAUGHLIN RD",825.00,W,N,A,-,N,,,,,,,,,,Y,2,0,3,2,A,-,05,21460,A,N,A,C,A,A,H,-,A,D,0,,,,,Y,,A,01,2,1,0,0,0,0,0,0,0,"- ","- ",38.492190000000001,-122.79022999999999,SONOMA,UNINCORPORATED,-122.79015581,38.492191570000003
90225808,2016,2016-07-19,9360,2016-06-20,0332,020234,,1,3,6,4905,0,1,2,,2,030,"US-101 N/B","MENDOCINO AVE. O/C",94.00,S,N,A,-,Y,,,101,,,,,,N,N,2,0,1,2,A,-,11,21954,A,N,G,B,E,A,H,-,D,D,0,Y,,,Y,Y,,N,60,1,0,0,0,1,0,0,0,0,"- ","- ",38.474299999999999,-122.73084,SONOMA,"SANTA ROSA",-122.73085267,38.47429477
90226651,2016,2016-07-20,9360,2016-06-24,1835,020369,,5,2,9,4900,0,3,5,,2,005,"D ST.","WINDSOR DR",2640.00,W,N,A,-,N,,,,,,,,,,N,2,0,2,2,A,-,08,22107,,N,F,A,A,A,H,-,A,D,0,,Y,,,Y,,L,04,2,0,0,0,0,0,2,0,0,"- ","- ",38.211950000000002,-122.64306999999999,SONOMA,UNINCORPORATED,-122.64225906,38.212660939999999
90227258,2016,2016-07-21,9360,2016-07-08,0350,020819,,5,3,6,4905,0,1,2,,2,040,"US-101 S/B","SANTA ROSA CREEK",100.00,S,N,A,-,Y,,,101,,,,,,S,N,2,0,1,2,A,-,11,21954,A,N,G,B,E,A,H,-,C,D,0,Y,,,,Y,,N,60,1,0,0,0,1,0,0,0,0,"- ","- ",38.435450000000003,-122.71720000000001,SONOMA,"SANTA ROSA",-122.71721924000001,38.435440509999999
90228675,2016,2016-07-22,9360,2016-07-13,1750,015552,,3,2,9,4900,0,3,5,,2,006,"CAZADERO HWY","MAGIC MOUNTAIN RD",2112.00,N,N,A,-,N,,,,,,,,,,Y,2,0,1,1,A,-,08,22107,,N,E,I,A,A,H,-,A,D,0,,,,,Y,,A,01,1,0,0,0,0,0,0,0,0,"- ","- ",38.480359999999997,-123.05295,SONOMA,UNINCORPORATED,-123.0530682,38.480371910000002
90231951,2016,2016-07-27,9360,2016-07-15,1530,018881,,5,2,9,4900,0,3,5,,2,006,"KING RIDGE ROAD","HAUSER BRIDGE ROAD",0.00,,Y,A,-,N,,,,,,,,,,N,2,0,1,1,A,-,03,22350,,N,E,I,A,A,H,-,A,D,0,,,Y,,Y,,C,02,1,0,0,0,0,0,0,0,1,"- ","- ",38.610430000000001,-123.28072,SONOMA,UNINCORPORATED,-123.28063988,38.610529980000003
90233262,2016,2016-07-29,9360,2016-07-17,1820,018196,,7,2,9,4900,0,3,5,,2,004,"MOUNTAIN VIEW AVE","HUNTER LANE EXT.",528.00,W,N,A,-,N,,,,,,,,,,Y,2,0,1,1,A,-,08,22107,,N,E,I,A,A,H,-,A,D,0,,,,,Y,,A,07,1,0,0,0,0,0,0,0,0,"- ","- ",38.379330000000003,-122.70505,SONOMA,UNINCORPORATED,-122.70835249,38.379359469999997
90236990,2016,2016-08-11,9360,2016-02-14,0108,018482,,7,3,9,4900,0,1,3,,1,053,"SR-116 (GRAVENSTEIN HWY)","OLD GRAVENSTEIN HWY",0.00,,Y,A,-,Y,,,,,,,,,,Y,1,1,0,1,A,-,08,22107,,N,F,A,A,A,H,-,D,D,0,,,Y,,Y,,C,02,0,0,0,0,0,0,0,1,0,"- ","- ",38.229840000000003,-122.47329000000001,SONOMA,UNINCORPORATED,,
90241949,2016,2016-08-10,9360,2016-06-21,1730,016652,,2,2,6,4905,0,1,2,,2,030,"US-101 N/B","MENDOCINO AVE O/C",1267.00,N,N,A,-,Y,,,101,,,,,,N,Y,1,1,1,2,A,-,03,22350,,N,C,C,A,A,H,-,A,D,0,,,Y,,Y,,C,02,0,0,1,0,0,0,0,1,1,"- ","- ",38.477919999999997,-122.7324,SONOMA,"SANTA ROSA",-122.73239597,38.477921770000002
90247317,2016,2016-08-18,9360,2016-08-04,1905,018828,,4,2,9,4900,0,2,4,,1,046,"BENNETT VALLEY RD","SONOMA MOUNTAIN RD",10032.00,E,N,A,-,N,,,,,,,,,,Y,2,0,1,1,A,-,03,22350,,N,F,A,A,A,H,-,A,D,0,,,Y,,Y,,C,02,1,0,0,0,0,0,0,0,1,"- ","- ",38.385399999999997,-122.59801,SONOMA,UNINCORPORATED,-122.59814299999999,38.385362000000001
90248644,2016,2016-08-19,9325,2016-08-16,1025,013727,,2,1,9,4900,0,3,5,,2,005,"THORNSBERRY RD","CLARK RD",2117.00,E,N,A,-,N,,,,,,,,,,N,2,0,1,2,A,-,05,21650,,N,H,G,A,A,H,-,A,D,0,,Y,,,Y,,L,04,1,0,0,0,0,0,1,0,0,"- ","- ",38.286940000000001,-122.41992999999999,SONOMA,UNINCORPORATED,,
90252888,2016,2016-08-25,9360,2016-06-30,1505,019794,,4,2,9,4900,0,2,4,,1,032,"RIVER RD","TRENTON-HEALDSBURG RD",0.00,,Y,A,-,N,,,,,,,,,,Y,1,1,0,3,A,-,09,21802,A,N,D,C,A,A,H,-,A,A,0,,,,,Y,,A,01,0,0,0,0,0,0,0,0,0,"- ","- ",38.488280000000003,-122.85509999999999,SONOMA,UNINCORPORATED,-122.85510994000001,38.488269989999999
90252922,2016,2017-02-16,9360,2016-06-08,0950,013440,,3,1,9,4900,0,2,4,,1,032,"RIVER RD","ODD FELLOWS PARK RD",1005.00,E,N,A,-,N,,,,,,,,,,N,1,1,0,2,A,-,03,22350,,N,D,C,A,A,H,-,A,D,0,,,Y,Y,Y,,C,02,0,0,0,0,0,0,0,1,0,"- ","- ",38.505850000000002,-122.95759,SONOMA,UNINCORPORATED,-122.95798609000001,38.505730800000002
90256166,2016,2016-09-13,9360,2016-08-13,1026,015420,,6,1,9,4900,0,2,4,,1,058,"SKILLMAN LANE","LIBERTY RD",2112.00,E,N,A,-,N,,,,,,,,,,Y,2,0,1,1,A,-,01,23152,A,F,E,I,A,A,H,-,A,D,0,,,,,Y,Y,A,01,1,0,0,0,0,0,0,0,0,"- ","- ",38.256059999999998,-122.69376,SONOMA,UNINCORPORATED,-122.69364688,38.25611799
90256979,2016,2016-08-30,9360,2016-08-16,1954,020740,,2,2,5,4908,0,1,2,,1,060,"US-101 SOUTHBOUND","CORONA ROAD O/C",900.00,S,N,A,-,Y,,,101,,,,,,S,Y,2,0,1,3,A,-,08,22107,,N,B,C,A,A,H,-,A,D,0,,,Y,,Y,,C,02,1,0,0,0,0,0,0,0,1,"- ","- ",38.262270000000001,-122.65666,SONOMA,PETALUMA,-122.65663343999999,38.26231705