CASE_ID,ACCIDENT_YEAR,PROC_DATE,JURIS,COLLISION_DATE,COLLISION_TIME,OFFICER_ID,REPORTING_DISTRICT,DAY_OF_WEEK,CHP_SHIFT,POPULATION,CNTY_CITY_LOC,SPECIAL_COND,BEAT_TYPE,CHP_BEAT_TYPE,CITY_DIVISION_LAPD,CHP_BEAT_CLASS,BEAT_NUMBER,PRIMARY_RD,SECONDARY_RD,DISTANCE,DIRECTION,INTERSECTION,WEATHER_1,WEATHER_2,STATE_HWY_IND,CALTRANS_COUNTY,CALTRANS_DISTRICT,STATE_ROUTE,ROUTE_SUFFIX,POSTMILE_PREFIX,POSTMILE,LOCATION_TYPE,RAMP_INTERSECTION,SIDE_OF_HWY,TOW_AWAY,COLLISION_SEVERITY,NUMBER_KILLED,NUMBER_INJURED,PARTY_COUNT,PRIMARY_COLL_FACTOR,PCF_CODE_OF_VIOL,PCF_VIOL_CATEGORY,PCF_VIOLATION,PCF_VIOL_SUBSECTION,HIT_AND_RUN,TYPE_OF_COLLISION,MVIW,PED_ACTION,ROAD_SURFACE,ROAD_COND_1,ROAD_COND_2,LIGHTING,CONTROL_DEVICE,CHP_ROAD_TYPE,PEDESTRIAN_ACCIDENT,BICYCLE_ACCIDENT,MOTORCYCLE_ACCIDENT,TRUCK_ACCIDENT,NOT_PRIVATE_PROPERTY,ALCOHOL_INVOLVED,STWD_VEHTYPE_AT_FAULT,CHP_VEHTYPE_AT_FAULT,COUNT_SEVERE_INJ,COUNT_VISIBLE_INJ,COUNT_COMPLAINT_PAIN,COUNT_PED_KILLED,COUNT_PED_INJURED,COUNT_BICYCLIST_KILLED,COUNT_BICYCLIST_INJURED,COUNT_MC_KILLED,COUNT_MC_INJURED,PRIMARY_RAMP,SECONDARY_RAMP,LATITUDE,LONGITUDE,COUNTY,CITY,POINT_X,POINT_Y
90258399,2016,2016-08-31,9360,2016-08-20,1905,018859,,6,2,9,4900,0,2,4,,1,038,"BODEGA HIGHWAY","BOHEMIAN HIGHWAY",0.00,,Y,A,-,N,,,,,,,,,,Y,2,0,1,2,A,-,09,21801,A,N,D,C,A,A,H,-,A,A,0,,,,,Y,,A,01,1,0,0,0,0,0,0,0,0,"- ","- ",38.373190000000001,-122.91074999999999,SONOMA,UNINCORPORATED,-122.91071988,38.373169900000001
9026447,2020,2020-02-27,4908,2020-01-30,0229,2939,4,4,5,5,4908,0,0,0,,0,002,"D ST","EL ROSE DR",190.00,E,N,A,-,N,,,,,,,,,,N,2,0,1,2,A,-,01,23152,A,N,C,E,A,A,H,-,C,A,0,,,,,Y,Y,A,01,1,0,0,0,0,0,0,0,0,"- ","- ",38.223110198974609,-122.64267730712891,SONOMA,PETALUMA,-122.64239501953125,38.223560333251953
90265463,2016,2016-09-12,9360,2016-08-21,1905,020369,,7,2,9,4900,0,3,5,,2,001,"CROCKER RD","RIVER ROAD",51.00,E,N,A,-,N,,,,,,,,,,Y,2,0,2,1,A,-,01,23152,,N,E,I,A,A,H,-,A,D,0,,,Y,,Y,Y,C,02,1,0,1,0,0,0,0,0,2,"- ","- ",38.813720000000004,-122.99847,SONOMA,UNINCORPORATED,-122.99876101,38.813990709999999
90266540,2016,2016-09-13,9360,2016-08-20,1655,020369,,6,2,9,4900,0,3,5,,2,005,"D ST","WINDSOR DR",6864.00,W,N,A,-,N,,,,,,,,,,Y,2,0,2,2,A,-,03,22350,,N,E,I,A,A,H,-,A,D,0,,,Y,,Y,,C,02,1,1,0,0,0,0,0,0,2,"- ","- ",38.201270000000001,-122.64073999999999,SONOMA,UNINCORPORATED,-122.64264702,38.204378910000003
90266571,2016,2016-09-13,9360,2016-08-24,1720,018828,,3,2,5,4908,0,1,2,,1,060,"US-101 S/B","EAST WASHINGTON ST",5280.00,N,N,A,-,Y,,,101,,,,,,S,N,2,0,1,1,A,-,04,21703,,N,F,A,A,A,H,-,A,D,0,,,Y,,Y,,C,02,1,0,0,0,0,0,0,0,1,"- ","- ",38.254890000000003,-122.64358,SONOMA,PETALUMA,-122.64355354999999,38.254939499999999
90267330,2016,2016-09-14,9360,2016-09-04,0110,020522,,7,3,9,4900,0,2,4,,1,032,"RIVER ROAD","RIVER DRIVE",85.00,E,N,A,-,N,,,,,,,,,,Y,2,0,1,1,A,-,01,23152,A,N,E,I,A,A,H,-,D,D,0,,,,,Y,Y,D,22,1,0,0,0,0,0,0,0,0,"- ","- ",38.509300000000003,-122.9221,SONOMA,UNINCORPORATED,-122.92573557,38.508861549999999
90267389,2016,2016-09-14,9360,2016-05-20,0338,020329,,5,3,6,4905,0,1,2,,2,030,"US-101 N/B","RIVER ROAD",1056.00,N,N,A,-,Y,,,,,,,,,,Y,1,1,0,2,C,-,18,,,N,G,B,E,A,H,-,D,D,0,Y,,,,Y,,-,"- ",0,0,0,1,0,0,0,0,0,"- ","- ",38.499279999999999,-122.76031,SONOMA,"SANTA ROSA",-122.75879965999999,38.498113709999998
90267432,2016,2016-09-14,9360,2016-09-05,1345,015187,,1,1,9,4900,0,2,4,,1,024,"PORTER CREEK RD.","CALISTOGA RD.",1584.00,W,N,A,-,N,,,,,,,,,,Y,2,0,1,1,A,-,08,22107,,N,E,I,A,A,H,-,A,D,0,,,,,Y,,A,01,1,0,0,0,0,0,0,0,0,"- ","- ",38.553460000000001,-122.6555,SONOMA,UNINCORPORATED,-122.65538191,38.553453480000002
90269231,2016,2016-09-16,9325,2016-09-04,1525,021324,,7,2,9,4900,0,1,3,,1,072,"SR-121 S/B","BURNDALE RD",345.00,S,N,A,-,Y,,,121,,,,,,S,Y,2,0,3,2,C,-,18,,,N,A,C,A,A,H,-,A,D,0,,,,,Y,,-,"- ",1,2,0,0,0,0,0,0,0,"- ","- ",38.246470000000002,-122.42285,SONOMA,UNINCORPORATED,-122.42284905,38.246428250000001
90273578,2016,2016-09-22,9360,2016-08-23,0820,013440,9360,2,1,9,4900,0,2,4,,1,038,"OCCIDENTAL ROAD","JONIVE ROAD",742.00,E,N,B,-,N,,,,,,,,,,Y,1,1,0,1,A,-,08,22107,,N,E,I,A,B,H,-,A,D,0,,,,,Y,,D,22,0,0,0,0,0,0,0,0,0,"- ","- ",38.403649999999999,-122.91379999999999,SONOMA,UNINCORPORATED,-122.91378974,38.403560929999998
90274102,2016,2016-09-27,9360,2016-08-09,1150,015812,,2,1,5,4908,0,1,2,,1,060,"US-101 N/B","NORTHWESTERN PACIFIC RAILROAD (U/C)",75.00,N,N,A,-,Y,,,101,,,,,,N,Y,2,0,5,8,A,-,03,22350,,N,C,C,A,A,H,-,A,D,0,,,,Y,Y,,F,55,1,0,4,0,0,0,0,0,0,"- ","- ",38.255290000000002,-122.64382999999999,SONOMA,PETALUMA,-122.64381543,38.255317050000002
90274600,2016,2016-09-23,9360,2016-09-16,1915,019092,9360,5,2,6,4905,0,1,2,,2,030,"US-101 N/B","MENDOCINO AVE O/C",2112.00,N,N,A,-,Y,,,,,,,,,,Y,2,0,1,1,A,-,01,23152,E,N,E,I,A,A,H,-,C,D,0,,,,,Y,,D,22,1,0,0,0,0,0,0,0,0,"- ","- ",38.470640000000003,-122.73304,SONOMA,"SANTA ROSA",,
90274945,2016,2016-09-23,9360,2016-09-11,1111,016577,,7,1,9,4900,0,1,2,,2,030,"US-101 (S/B)","OLD REDWOOD HWY",528.00,S,N,A,-,Y,,,,,,,,,,N,2,0,1,1,A,-,08,22107,,N,F,A,A,A,H,-,A,D,0,,,Y,,Y,,C,02,1,0,0,0,0,0,0,0,1,"- ","- ",38.545969999999997,-122.80753,SONOMA,UNINCORPORATED,-122.8528,38.594920000000002
90279260,2016,2016-09-29,9360,2016-09-26,1410,015552,,1,2,9,4900,0,1,3,,1,063,SR-1,"VIKING STRAND",429.00,N,N,A,-,Y,,,1,,,,,,,Y,2,0,1,1,A,-,08,22107,,N,F,I,A,A,H,-,A,D,0,,,,,Y,,A,01,1,0,0,0,0,0,0,0,0,"- ","- ",38.375259999999997,-123.07771,SONOMA,UNINCORPORATED,-123.07769707999999,38.375260519999998
90280871,2016,2016-09-30,9360,2016-08-23,0820,014773,,2,1,9,4900,0,1,3,,1,061,SR-1,"WILLIG DR",790.00,S,N,B,C,Y,,,1,,,,,,,Y,1,2,0,1,A,-,03,22350,,N,H,A,A,D,H,-,A,D,0,,,,,Y,,D,22,0,0,0,0,0,0,0,0,0,"- ","- ",38.448219999999999,-123.11432000000001,SONOMA,UNINCORPORATED,-123.11429161,38.448256970000003
90284205,2016,2017-01-25,9360,2016-09-28,1155,013440,9360,3,1,9,4900,0,2,4,,1,054,"VALLEY FORD RD","GERICKE RD",83.00,E,N,A,-,N,,,,,,,,,,Y,2,0,1,2,A,-,08,22100,B,N,C,G,A,A,H,-,A,D,0,,Y,,,Y,,L,04,1,0,0,0,0,0,1,0,0,"- ","- ",38.313099999999999,-122.87233999999999,SONOMA,UNINCORPORATED,-122.87205064,38.313412460000002
90284893,2016,2016-10-05,9360,2016-09-27,1330,014998,,2,1,9,4900,0,3,5,,2,003,"FORESTVILLE ST",SR-116,200.00,S,N,A,-,N,,,,,,,,,,N,2,0,1,2,A,-,08,22107,,F,B,C,A,A,H,-,A,D,0,,,,,Y,,-,99,1,0,0,0,0,0,0,0,0,"- ","- ",38.473390000000002,-122.89021,SONOMA,UNINCORPORATED,-122.89024499999999,38.473075999999999
90286920,2016,2016-10-10,9360,2016-09-24,1425,020326,,6,2,9,4900,0,3,5,,2,004,"SANTA ROSA AVE","TODD RD",120.00,S,N,A,-,N,,,,,,,,,,Y,2,0,1,4,A,-,09,21804,A,N,D,C,A,A,H,-,A,D,0,,,,,Y,,D,22,1,0,0,0,0,0,0,0,0,"- ","- ",38.386629999999997,-122.71371000000001,SONOMA,UNINCORPORATED,-122.71360683,38.386780379999998
90291369,2016,2016-10-13,9360,2016-10-03,1700,018667,,1,2,9,4900,0,2,4,,1,022,"OLD REDWOOD HWY","AIRPORT BLVD",15.00,N,N,A,-,N,,,,,,,,,,N,2,0,1,2,A,-,11,21950,B,N,G,B,D,A,H,-,A,A,0,Y,,,,Y,,N,60,1,0,0,0,1,0,0,0,0,"- ","- ",38.511330000000001,-122.76389,SONOMA,UNINCORPORATED,-122.76368703999999,38.511249169999999
90292136,2016,2016-10-14,9325,2016-10-01,0512,020261,,6,3,9,4900,0,3,5,,2,005,"WATMAUGH RD","ARNOLD DR",2640.00,E,N,A,-,N,,,,,,,,,,Y,2,0,2,1,A,-,01,23152,E,N,E,I,A,A,H,-,D,D,0,,,,,Y,,A,01,2,0,0,0,0,0,0,0,0,"- ","- ",38.151350000000001,-122.29258,SONOMA,UNINCORPORATED,-122.4751193,38.263280029999997
90299818,2016,2016-12-30,9325,2016-07-10,1755,020563,,7,2,9,4900,0,3,5,,2,006,"VERANO AVE","RAILROAD AVE",14.00,W,N,A,-,N,,,,,,,,,,N,1,1,0,4,A,-,10,21950,A,N,G,B,B,A,H,-,A,A,0,Y,,,,Y,Y,D,22,0,0,0,1,0,0,0,0,0,"- ","- ",38.185940000000002,-122.29143000000001,SONOMA,UNINCORPORATED,-122.48718438,38.301634
90306449,2016,2016-10-31,9325,2016-10-24,0100,020261,,1,3,9,4900,0,1,3,,1,072,SR-121,"NAPA ROAD",528.00,S,N,A,-,Y,,,,,,,,,,Y,2,0,1,1,A,-,01,23152,A,N,E,I,A,A,H,-,D,D,0,,,,,Y,Y,A,01,1,0,0,0,0,0,0,0,0,"- ","- ",38.158749999999998,-122.24157,SONOMA,UNINCORPORATED,,
90310138,2016,2016-11-03,9360,2016-10-27,0033,020731,,4,3,9,4900,0,2,4,,1,042,"PETALUMA HILL RD","SNYDER LN",75.00,S,N,B,-,N,,,,,,,,,,Y,2,0,4,1,A,-,01,23152,A,N,E,I,A,A,H,-,D,D,0,,,,,Y,Y,A,07,3,1,0,0,0,0,0,0,0,"- ","- ",38.382060000000003,-122.68565,SONOMA,UNINCORPORATED,-122.68548378,38.381840859999997
9031983,2019,2020-02-12,4905,2019-12-22,1619,SR555,10602,7,5,6,4905,0,0,0,,0,002,"BEAVER ST","PACIFIC AV",0.00,,Y,A,-,N,,,,,,,,,,N,2,0,1,2,A,-,09,21804,A,N,D,G,A,A,H,-,A,D,0,,Y,,,Y,Y,L,04,1,0,0,0,0,0,1,0,0,"- ","- ",,,SONOMA,"SANTA ROSA",-122.71196746826172,38.453231811523438
90320910,2016,2016-11-16,9350,2016-11-03,2156,021418,,4,2,9,4900,0,1,3,,2,137,"SR-37 E/B","LAKEVILLE HWY",110.00,E,N,A,-,Y,,,37,,,,,,E,Y,2,0,4,1,A,-,01,23152,A,F,E,I,A,A,H,-,C,D,0,,,,,Y,Y,A,01,1,2,1,0,0,0,0,0,0,"- ","- ",38.134270000000001,-122.47604,SONOMA,UNINCORPORATED,-122.47598607,38.13418094
90332098,2016,2016-11-29,9360,2016-11-23,2018,020819,,3,2,9,4900,0,2,4,,1,032,"RIVER RD","WOHLER RD",2112.00,E,N,E,-,N,,,,,,,,,,Y,2,0,1,1,A,-,03,22350,,N,E,I,A,A,H,-,D,D,0,,,,,Y,,A,07,1,0,0,0,0,0,0,0,0,"- ","- ",38.490749999999998,-122.87568,SONOMA,UNINCORPORATED,-122.87618774000001,38.49075586
90337217,2016,2016-12-05,9360,2016-11-30,0410,020819,,3,3,9,4900,0,2,4,,1,038,"OCCIDENTAL RD","REINHOLD AVE",150.00,E,N,C,-,N,,,,,,,,,,Y,2,0,1,1,A,-,01,23152,F,N,E,I,A,B,H,-,D,D,0,,,,,Y,Y,A,01,1,0,0,0,0,0,0,0,0,"- ","- ",38.424210000000002,-122.77664,SONOMA,UNINCORPORATED,-122.77683872999999,38.424180239999998
90339902,2016,2016-12-08,9360,2016-12-01,0335,014883,,4,3,9,4900,0,2,4,,1,046,"WARM SPRINGS RD","SONOMA MOUNTAIN RD",1584.00,W,N,A,-,N,,,,,,,,,,Y,2,0,1,1,A,-,01,23152,A,N,E,I,A,A,H,-,D,D,0,,,,,Y,Y,D,22,1,0,0,0,0,0,0,0,0,"- ","- ",38.311300000000003,-122.53360000000001,SONOMA,UNINCORPORATED,-122.54384394,38.370955950000003
90342678,2016,2016-12-12,9360,2016-12-01,1805,019794,,4,2,9,4900,0,2,4,,1,024,"CALISTOGA RD","SAINT HELENA RD",25.00,S,N,A,-,N,,,,,,,,,,Y,2,0,2,2,A,-,09,21802,A,N,D,C,A,A,H,-,D,A,0,,,Y,,Y,,C,02,1,0,1,0,0,0,0,0,2,"- ","- ",38.505099999999999,-122.64988,SONOMA,UNINCORPORATED,-122.64985329,38.505011529999997
90345703,2016,2016-12-15,9325,2016-10-12,1252,017820,,3,1,9,4900,0,2,4,,1,055,"NAPA RD","DAVITTO RD",477.00,W,N,A,-,N,,,,,,,,,,Y,1,1,0,1,A,-,08,22107,,N,E,I,A,A,H,-,A,D,0,,,,,Y,,A,01,0,0,0,0,0,0,0,0,0,"- ","- ",38.262970000000003,-122.40293,SONOMA,UNINCORPORATED,,
90346418,2016,2016-12-16,9360,2016-12-09,0655,020266,,5,1,9,4900,0,2,4,,1,032,"RIVER RD","HART LN",264.00,W,N,C,-,N,,,,,,,,,,Y,2,0,1,1,A,-,03,22350,,N,E,I,A,B,H,-,C,D,0,,,,,Y,,D,22,1,0,0,0,0,0,0,0,0,"- ","- ",38.496580000000002,-122.77424999999999,SONOMA,UNINCORPORATED,-122.77439262,38.496569999999998
90356619,2016,2016-12-28,9360,2016-12-21,1440,015434,,3,2,9,4900,0,3,5,,2,003,"OCCIDENTAL RD","SANFORD RD",223.00,W,N,A,-,N,,,,,,,,,,N,2,0,1,2,A,-,08,22107,,N,C,G,A,A,H,-,A,D,0,,Y,,,Y,,L,04,1,0,0,0,0,0,1,0,0,"- ","- ",38.425190000000001,-122.82622000000001,SONOMA,UNINCORPORATED,-122.82614547,38.42521473
90358992,2016,2017-01-02,9360,2016-12-23,0950,014773,,5,1,9,4900,0,3,5,,2,003,SR-116,SR-1,792.00,N,N,B,C,Y,,,116,,,,,,,Y,2,0,2,2,A,-,05,21460,A,N,A,C,A,B,H,-,A,A,0,,,,,Y,,A,07,1,0,1,0,0,0,0,0,0,"- ","- ",38.439540000000001,-123.10227,SONOMA,UNINCORPORATED,-123.10227417999999,38.439547730000001
90363025,2017,2017-01-06,9360,2017-01-02,2500,013440,,1,4,9,4900,0,2,4,,1,032,"RIVER RD","ODD FELLOWS PARK RD",2112.00,W,N,B,C,N,,,,,,,,,,Y,2,0,1,1,A,-,08,22107,,N,E,I,A,B,H,-,D,D,0,,,,,Y,,A,01,1,0,0,0,0,0,0,0,0,"- ","- ",38.509979999999999,-122.9663,SONOMA,UNINCORPORATED,-122.96618409,38.509590080000002
90363528,2017,2017-01-09,9360,2017-01-04,1915,020731,,3,2,9,4900,0,2,4,,1,046,"BENNETT VALLEY RD","CARRITHERS RD",3.00,E,N,B,-,N,,,,,,,,,,Y,2,0,1,2,A,-,08,22107,,N,D,C,A,B,H,-,D,D,0,,,,,Y,,A,01,1,0,0,0,0,0,0,0,0,"- ","- ",38.408029999999997,-122.64402,SONOMA,UNINCORPORATED,-122.64400999999999,38.408079999999998
90363898,2017,2017-01-09,9360,2017-01-01,1531,020234,,7,2,9,4900,0,3,5,,2,002,"CHALK HILL RD","YOUNG RD.",1622.00,N,N,A,-,N,,,,,,,,,,Y,2,0,1,2,A,-,03,22350,,N,C,C,A,A,H,-,A,D,0,,,Y,,Y,,C,02,1,0,0,0,0,0,0,0,1,"- ","- ",38.627360000000003,-122.77272000000001,SONOMA,UNINCORPORATED,-122.77309723,38.625973870000003
90366378,2017,2017-03-07,9360,2017-01-05,0750,019218,,4,1,9,4900,0,1,3,,1,037,SR-116,"GUERNEVILLE RD",1848.00,W,N,A,-,Y,,,116,,,,,,,Y,2,0,2,2,A,-,03,22350,,N,A,C,A,C,H,-,B,D,0,,,,,Y,,A,07,2,0,0,0,0,0,0,0,0,"- ","- ",38.455170000000003,-122.87088,SONOMA,UNINCORPORATED,-122.87089768,38.455152210000001
90371426,2016,2017-03-07,9360,2016-12-28,2355,020285,,3,3,3,4903,0,1,2,,2,020,"US-101 S/B","WEST SIDE RD",2640.00,N,N,A,-,Y,,,101,,,,,,S,Y,2,0,2,1,A,-,01,23152,A,N,E,I,A,A,H,-,D,D,0,,,,,Y,Y,A,07,1,1,0,0,0,0,0,0,0,"- ","- ",38.614060000000002,-122.87872,SONOMA,HEALDSBURG,-122.87857923999999,38.614108299999998
90376607,2017,2017-01-24,9325,2017-01-06,0115,019190,,5,3,9,4900,0,1,3,,1,053,SR-116,"COUNTY DUMP RD",1476.00,S,N,A,-,Y,,,116,,,,,,,Y,2,0,2,2,A,-,03,22350,,N,E,I,A,C,H,-,D,D,0,,,,,Y,,A,01,1,0,1,0,0,0,0,0,0,"- ","- ",38.239049999999999,-122.50579,SONOMA,UNINCORPORATED,-122.5058949,38.239103950000001
90390317,2017,2017-02-10,9360,2017-02-03,1810,018196,,5,2,9,4900,0,3,5,,2,002,"ST HELENA ROAD","TARWATER ROAD",122.00,W,N,B,C,N,,,,,,,,,,Y,2,0,1,1,A,-,01,23152,A,N,E,I,A,B,H,-,B,D,0,,,,,Y,Y,A,01,1,0,0,0,0,0,0,0,0,"- ","- ",38.519730000000003,-122.61062,SONOMA,UNINCORPORATED,,
90395332,2017,2017-02-17,9360,2017-02-11,1200,014773,,6,1,9,4900,0,3,5,,2,006,"FORT ROSS ROAD","BRAIN RIDGE RD",210.00,S,N,A,-,N,,,,,,,,,,N,2,0,1,1,D,-,00,,,N,F,A,A,A,H,-,A,D,0,,Y,,,Y,,-,"- ",1,0,0,0,0,0,1,0,0,"- ","- ",38.52872,-123.15745,SONOMA,UNINCORPORATED,-123.15810595000001,38.528460670000001
90396269,2017,2017-02-20,9360,2017-02-12,1330,020266,,7,1,9,4900,0,2,4,,1,054,"ROBLAR RD","VALLEY FORD RD",2890.00,E,N,A,B,N,,,,,,,,,,Y,2,0,1,1,A,-,03,22350,,N,F,A,A,B,A,-,A,D,0,,,Y,,Y,,C,02,1,0,0,0,0,0,0,0,1,"- ","- ",38.306420000000003,-122.82546000000001,SONOMA,UNINCORPORATED,-122.82992856,38.306378170000002
90396692,2017,2017-02-21,9360,2017-02-15,1905,015434,,3,2,9,4900,0,3,5,,2,005,"WESTERN AVE","WINDSOR DR.",0.00,,Y,A,-,N,,,,,,,,,,Y,2,0,2,2,A,-,09,21801,A,N,A,C,A,A,H,-,D,D,0,,,,,Y,,A,07,1,0,1,0,0,0,0,0,0,"- ","- ",38.226660000000003,-122.66468,SONOMA,UNINCORPORATED,-122.66476996,38.226609940000003
90405425,2017,2017-03-03,9360,2017-02-26,1430,018859,,7,2,9,4900,0,1,3,,1,013,"SR-116 (POCKET CANYON ROAD)","POCKET DRIVE",63.00,W,N,A,-,Y,,,116,,,,,,,N,2,0,1,1,A,-,08,22107,,N,E,I,A,A,H,-,A,D,0,,,Y,,Y,,C,02,1,0,0,0,0,0,0,0,1,"- ","- ",38.49147,-122.96046,SONOMA,UNINCORPORATED,-122.96052649000001,38.49143454
90407451,2016,2017-03-07,9360,2016-11-21,1600,014773,,1,2,9,4900,0,1,3,,1,061,SR-1,"FORT ROSS ROAD",17424.00,S,N,A,-,Y,,,1,,,,,,,Y,1,1,0,1,D,-,00,,,N,F,A,A,A,H,-,A,D,0,,,,,Y,,-,"- ",0,0,0,0,0,0,0,0,0,"- ","- ",38.49776,-123.20618,SONOMA,UNINCORPORATED,-123.20617084,38.497800580000003
90411682,2017,2017-03-14,9360,2017-03-08,1900,020731,,3,2,9,4900,0,1,3,,1,061,SR-1,"PINE MEADOW ROAD",1584.00,N,N,A,-,Y,,,1,,,,,,,Y,2,0,1,1,A,-,01,23152,A,N,E,J,A,A,H,-,D,D,0,,,,,Y,Y,A,07,1,0,0,0,0,0,0,0,0,"- ","- ",38.721310000000003,-123.45998,SONOMA,UNINCORPORATED,-123.45995984,38.721340759999997
90413247,2017,2017-03-16,9325,2017-01-26,1530,019074,,4,2,9,4900,0,1,3,,1,051,"SR-121 S/B",SR-37,275.00,N,N,A,-,Y,,,121,,,,,,S,Y,1,1,1,2,A,-,05,21651,A,F,D,C,A,A,H,-,A,D,0,,,,,Y,,A,01,0,0,1,0,0,0,0,0,0,"- ","- ",38.152030000000003,-122.44884,SONOMA,UNINCORPORATED,-122.44877631999999,38.151980229999999
90418917,2017,2017-03-23,9360,2017-03-17,1545,018859,,5,2,9,4900,0,3,5,,2,003,"MILL STATION RD",SR-116,92.00,W,N,A,-,N,,,,,,,,,,N,2,0,1,1,A,-,08,22107,,N,F,A,A,A,H,-,A,D,0,,,Y,,Y,,C,02,1,0,0,0,0,0,0,0,1,"- ","- ",38.412489999999998,-122.84332999999999,SONOMA,UNINCORPORATED,-122.843234,38.412582
90420498,2017,2017-03-24,9325,2017-03-10,0440,018400,,5,3,9,4900,0,1,3,,1,063,"SR-12 W/B","VERANO AVE",120.00,E,N,A,-,Y,,,,,,,,,,Y,2,0,2,1,A,-,01,23152,A,N,E,I,A,A,H,-,C,D,0,,,,,Y,Y,A,01,2,0,0,0,0,0,0,0,0,"- ","- ",38.18685,-122.28308,SONOMA,UNINCORPORATED,,
90421728,2017,2017-04-18,9360,2017-03-19,0825,019794,,7,1,9,4900,0,2,4,,1,024,"MARK WEST SPRINGS RD","MICHELE WAY",0.00,,Y,B,-,N,,,,,,,,,,Y,2,0,1,1,A,-,01,23152,A,N,E,I,A,A,H,-,A,D,0,,,,,Y,Y,D,22,1,0,0,0,0,0,0,0,0,"- ","- ",38.517479999999999,-122.72074000000001,SONOMA,UNINCORPORATED,-122.72060992,38.517589960000002
90421772,2017,2017-03-27,9360,2017-03-19,0100,020839,,7,3,9,4900,0,2,4,,1,022,"OLD REDWOOD HWY","BISACNO RD",21.00,N,N,A,-,N,,,,,,,,,,Y,2,0,2,1,A,-,01,23152,A,N,E,I,A,A,H,-,D,D,0,,,,,Y,Y,A,01,2,0,0,0,0,0,0,0,0,"- ","- ",38.567169999999997,-122.83253999999999,SONOMA,UNINCORPORATED,,
9042375,2019,2020-02-12,4905,2019-12-13,1528,SR8713,10608,5,5,6,4905,0,0,0,,0,008,"MAPLE AV","BROOKWOOD AV",0.00,,Y,B,C,N,,,,,,,,,,N,2,0,1,2,A,-,05,21650,1,N,A,G,A,B,H,-,A,A,0,,Y,,,Y,,L,04,1,0,0,0,0,0,1,0,0,"- ","- ",,,SONOMA,"SANTA ROSA",-122.69940185546875,38.4339599609375
90439898,2017,2017-04-24,9360,2017-04-12,1320,014455,,3,1,9,4900,0,2,4,,1,034,"FULTON RD.","RIVER RD.",905.00,N,N,B,-,N,,,,,,,,,,Y,2,0,2,2,A,-,08,22107,,N,C,E,A,A,H,-,A,D,0,,,,,Y,,A,01,1,0,1,0,0,0,0,0,0,"- ","- ",38.499139999999997,-122.77016999999999,SONOMA,UNINCORPORATED,-122.77003336,38.49901552
90452497,2017,2017-05-09,9360,2017-05-06,1145,020326,,6,1,6,4905,0,1,2,,2,040,"US-101 S/B","HEARN AVE O/C",544.00,N,N,A,-,Y,,,101,,,,,,S,Y,2,0,1,2,A,-,03,22350,,N,C,C,A,A,H,-,A,D,0,,,Y,,Y,,C,02,1,0,0,0,0,0,0,0,1,"- ","- ",38.41621,-122.71621,SONOMA,"SANTA ROSA",-122.71613613,38.416209590000001
90452710,2017,2017-05-10,9360,2017-05-06,1055,020731,,6,1,9,4900,0,2,4,,1,012,"DRY CREEK RD","DUTCHER CREEK RD",5280.00,W,N,B,-,N,,,,,,,,,,N,2,0,1,1,A,-,08,22107,,N,F,A,A,A,H,-,A,D,0,,Y,,,Y,,L,04,1,0,0,0,0,0,1,0,0,"- ","- ",38.719880000000003,-122.98972000000001,SONOMA,UNINCORPORATED,-122.99055706,38.720052629999998
90452892,2017,2017-05-10,9360,2017-05-07,1345,020803,,7,1,9,4900,0,3,5,,2,006,"ANNAPOLIS RD","OLD QUARRY RD",4370.00,E,N,A,-,N,,,,,,,,,,Y,2,0,1,1,A,-,08,22107,,N,F,A,A,A,H,-,A,D,0,,,Y,,Y,,C,02,1,0,0,0,0,0,0,0,1,"- ","- ",38.698610000000002,-123.32832999999999,SONOMA,UNINCORPORATED,-123.33090921,38.701392679999998
90456694,2017,2017-05-16,9360,2017-05-08,1100,013440,,1,1,9,4900,0,3,5,,2,005,"MEACHAM RD","WAMBOLD LN",2137.00,W,N,A,-,N,,,,,,,,,,N,2,0,2,1,A,-,08,22107,,N,E,I,A,A,H,-,A,D,0,,,,,Y,,A,07,2,0,0,0,0,0,0,0,0,"- ","- ",38.296219999999998,-122.74218999999999,SONOMA,UNINCORPORATED,-122.74164068,38.296876269999998
90458835,2017,2017-05-18,9360,2017-01-17,1715,018667,,2,2,9,4900,0,2,4,,1,034,"FULTON ROAD","FRANCISCO AVE",71.00,N,N,B,-,N,,,,,,,,,,N,1,1,0,3,A,-,17,21200,,N,D,G,A,A,H,-,B,A,0,,Y,,,Y,Y,L,04,0,0,0,0,0,1,0,0,0,"- ","- ",38.48283,-122.76988,SONOMA,UNINCORPORATED,-122.76986622,38.483024610000001
90458966,2017,2017-05-18,9360,2017-01-13,1725,019824,,5,2,9,4900,0,3,5,,2,005,"SAN ANTONIO ROAD","I ST",4752.00,E,N,B,-,N,,,,,,,,,,Y,1,1,0,1,A,-,08,22107,,N,E,I,A,A,H,-,B,D,0,,,,,Y,,A,07,0,0,0,0,0,0,0,0,0,"- ","- ",38.182810000000003,-122.61745999999999,SONOMA,UNINCORPORATED,-122.61792618,38.182890759999999