CASE_ID,ACCIDENT_YEAR,PROC_DATE,JURIS,COLLISION_DATE,COLLISION_TIME,OFFICER_ID,REPORTING_DISTRICT,DAY_OF_WEEK,CHP_SHIFT,POPULATION,CNTY_CITY_LOC,SPECIAL_COND,BEAT_TYPE,CHP_BEAT_TYPE,CITY_DIVISION_LAPD,CHP_BEAT_CLASS,BEAT_NUMBER,PRIMARY_RD,SECONDARY_RD,DISTANCE,DIRECTION,INTERSECTION,WEATHER_1,WEATHER_2,STATE_HWY_IND,CALTRANS_COUNTY,CALTRANS_DISTRICT,STATE_ROUTE,ROUTE_SUFFIX,POSTMILE_PREFIX,POSTMILE,LOCATION_TYPE,RAMP_INTERSECTION,SIDE_OF_HWY,TOW_AWAY,COLLISION_SEVERITY,NUMBER_KILLED,NUMBER_INJURED,PARTY_COUNT,PRIMARY_COLL_FACTOR,PCF_CODE_OF_VIOL,PCF_VIOL_CATEGORY,PCF_VIOLATION,PCF_VIOL_SUBSECTION,HIT_AND_RUN,TYPE_OF_COLLISION,MVIW,PED_ACTION,ROAD_SURFACE,ROAD_COND_1,ROAD_COND_2,LIGHTING,CONTROL_DEVICE,CHP_ROAD_TYPE,PEDESTRIAN_ACCIDENT,BICYCLE_ACCIDENT,MOTORCYCLE_ACCIDENT,TRUCK_ACCIDENT,NOT_PRIVATE_PROPERTY,ALCOHOL_INVOLVED,STWD_VEHTYPE_AT_FAULT,CHP_VEHTYPE_AT_FAULT,COUNT_SEVERE_INJ,COUNT_VISIBLE_INJ,COUNT_COMPLAINT_PAIN,COUNT_PED_KILLED,COUNT_PED_INJURED,COUNT_BICYCLIST_KILLED,COUNT_BICYCLIST_INJURED,COUNT_MC_KILLED,COUNT_MC_INJURED,PRIMARY_RAMP,SECONDARY_RAMP,LATITUDE,LONGITUDE,COUNTY,CITY,POINT_X,POINT_Y
90461531,2017,2017-05-23,9350,2017-05-13,1515,021668,,6,2,9,4900,0,1,3,,2,137,"SR-37 EASTBOUND",SR-121,1584.00,W,N,A,-,Y,,,,,,,,,,Y,2,0,1,2,A,-,03,22350,,N,B,C,A,A,H,-,A,D,0,,,Y,,Y,,C,02,1,0,0,0,0,0,0,0,1,"- ","- ",38.148319999999998,-122.45531,SONOMA,UNINCORPORATED,-122.45371674,38.147885219999999
90466407,2017,2017-05-29,9360,2017-05-20,1330,018196,,6,1,9,4900,0,3,5,,2,002,"PINE FLAT ROAD","RED WINERY ROAD",30096.00,E,N,A,-,N,,,,,,,,,,N,2,0,1,1,D,-,00,,,N,F,A,A,A,H,-,A,D,0,,Y,,,Y,,-,"- ",1,0,0,0,0,0,1,0,0,"- ","- ",38.723649999999999,-122.76822,SONOMA,UNINCORPORATED,-122.76519895,38.722062630000003
90467394,2017,2017-05-30,9360,2017-05-24,1705,016045,,3,2,9,4900,0,2,4,,1,044,"ADOBE RD.",S.R-116,150.00,W,N,A,-,N,,,,,,,,,,N,2,0,1,2,A,-,08,22107,,N,B,G,A,A,H,-,A,D,0,,Y,,,Y,,L,04,1,0,0,0,0,0,1,0,0,"- ","- ",38.236449999999998,-122.52719,SONOMA,UNINCORPORATED,-122.52706646999999,38.236392189999997
90472156,2017,2017-06-06,9360,2017-05-31,1710,018667,,3,2,9,4900,0,3,5,,2,002,"FAUGHT ROAD","CARRIAGE LANE",981.00,N,N,A,-,N,,,,,,,,,,Y,2,0,1,1,A,-,08,22107,,N,E,I,A,A,H,-,A,D,0,,,,,Y,,A,01,1,0,0,0,0,0,0,0,0,"- ","- ",38.517850000000003,-122.76058,SONOMA,UNINCORPORATED,-122.76044,38.517794039999998
90480678,2017,2017-06-19,9360,2017-06-10,1325,016577,,6,1,9,4900,0,3,5,,2,005,"CANFIELD RD.","SCHAEFFER RD",1056.00,S,N,A,-,N,,,,,,,,,,Y,2,0,1,1,A,-,01,23152,F,N,E,I,A,A,H,-,A,D,0,,,,,Y,,A,01,1,0,0,0,0,0,0,0,0,"- ","- ",38.34928,-122.81202999999999,SONOMA,UNINCORPORATED,-122.81167428000001,38.348941510000003
90482704,2017,2017-06-21,9325,2017-06-13,0658,013727,,2,1,9,4900,0,2,4,,1,055,"NAPA RD",SR-121,8448.00,W,N,A,-,N,,,,,,,,,,Y,1,1,0,1,A,-,08,22107,,N,E,J,A,A,H,-,A,D,0,,,,,Y,,A,01,0,0,0,0,0,0,0,0,0,"- ","- ",38.269530000000003,-122.4119,SONOMA,UNINCORPORATED,-122.41215706,38.269643590000001
90483442,2017,2017-06-22,9360,2017-06-19,2155,014883,,1,2,9,4900,0,2,4,,1,052,"STONY POINT RD","TODD RD",528.00,N,N,A,-,N,,,,,,,,,,N,2,0,1,2,A,-,11,21954,A,N,G,B,D,A,H,-,D,D,0,Y,,,,Y,,N,60,1,0,0,0,1,0,0,0,0,"- ","- ",38.389090000000003,-122.74164,SONOMA,UNINCORPORATED,-122.74154,38.388590069999999
90487314,2017,2019-04-26,9360,2017-06-16,1945,021005,,5,2,9,4900,0,2,4,,1,024,"MARK WEST SPRINGS RD","MARK W LANE",3168.00,E,N,A,-,N,,,,,,,,,,Y,2,0,1,1,A,-,08,22107,,N,E,I,A,A,H,-,A,D,0,,,,,Y,Y,D,22,1,0,0,0,0,0,0,0,0,"- ","- ",38.538580000000003,-122.72214,SONOMA,UNINCORPORATED,-122.71934562,38.524170560000002
90487323,2017,2017-06-26,9360,2017-06-17,1234,020803,,6,1,9,4900,0,1,3,,1,061,SR-1,"TIMBER COVE RD",6336.00,S,N,A,-,Y,,,1,,,,,,,Y,2,0,1,1,A,-,08,22107,,N,F,A,A,A,H,-,A,D,0,,,Y,,Y,,C,02,1,0,0,0,0,0,0,0,1,"- ","- ",38.524909999999998,-123.26443999999999,SONOMA,UNINCORPORATED,-123.26445176999999,38.52491483
9049155,2019,2020-06-29,4905,2019-11-05,0758,SR473,10606,2,5,6,4905,0,0,0,,0,006,"RT 12","MIDDLE RINCON RD",415.00,W,N,A,-,Y,SON,4,12,-,-,19.360,H,-,E,Y,2,0,1,2,A,-,09,21804,A,F,E,I,A,A,H,-,A,D,0,,,,,Y,,A,01,1,0,0,0,0,0,0,0,0,"- ","- ",,,SONOMA,"SANTA ROSA",-122.66574859619141,38.463596343994141
90493535,2017,2017-07-04,9360,2017-06-25,1820,021354,,7,2,6,4905,0,3,5,,2,001,"ROCKPILE RD","LIBERTY GLEN RD",2112.00,W,N,A,-,N,,,,,,,,,,Y,2,0,2,1,A,-,01,23152,A,N,E,I,A,A,H,-,A,D,0,,,,,Y,Y,D,22,1,1,0,0,0,0,0,0,0,"- ","- ",38.719320000000003,-123.06384,SONOMA,"SANTA ROSA",,
90496283,2017,2017-07-07,9360,2017-07-01,1015,020038,,6,1,9,4900,0,2,4,,1,052,"TODD RD","WALKER RD",528.00,E,N,A,-,N,,,,,,,,,,N,2,0,1,1,A,-,08,22107,,N,H,A,A,A,H,-,A,D,0,,,Y,,Y,,C,02,1,0,0,0,0,0,0,0,1,"- ","- ",38.386499999999998,-122.76219,SONOMA,UNINCORPORATED,-122.76206161,38.386468749999999
90496310,2017,2017-07-07,9360,2017-07-01,1810,020740,,6,2,9,4900,0,3,5,,2,005,"STONY POINT ROAD","ROHNERT PARK EXPRESSWAY",150.00,S,N,A,-,N,,,,,,,,,,N,2,0,1,1,A,-,08,22107,,N,F,A,A,A,H,-,A,D,0,,,Y,,Y,,C,02,1,0,0,0,0,0,0,0,1,"- ","- ",38.351619999999997,-122.74133,SONOMA,UNINCORPORATED,-122.74132638,38.352817969999997
90501821,2017,2017-07-17,9350,2017-07-07,1914,021696,,5,2,9,4900,0,1,3,,2,137,"SR-37 E/B","LAKEVILLE HWY",5280.00,E,N,A,-,Y,,,37,,,,,,E,Y,2,0,6,4,A,-,03,22350,,N,C,C,A,A,H,-,A,D,0,,,,,Y,,A,01,1,3,2,0,0,0,0,0,0,"- ","- ",38.14282,-122.46213,SONOMA,UNINCORPORATED,-122.46201275999999,38.142622780000004
90504616,2017,2017-07-20,9325,2017-06-04,1252,017659,,7,1,9,4900,0,1,3,,1,051,"SR-121 (ARNOLD DR)","WAGNER RD",0.00,,Y,A,-,Y,,,121,,,,,,,Y,1,1,1,2,A,-,09,21804,A,N,D,C,A,A,H,-,A,A,0,,,Y,,Y,Y,A,01,0,0,1,0,0,0,0,1,0,"- ","- ",38.227939999999997,-122.45856000000001,SONOMA,UNINCORPORATED,-122.45848839,38.227965400000002
90512038,2017,2017-07-28,9360,2017-07-24,0900,021567,,1,1,9,4900,0,3,5,,2,003,"MARK WEST STATION RD","STARR RD",800.00,E,N,A,-,N,,,,,,,,,,N,2,0,1,1,B,-,22,,,N,F,A,A,A,H,-,A,D,0,,Y,,,Y,,L,04,1,0,0,0,0,0,1,0,0,"- ","- ",38.510959999999997,-122.83763,SONOMA,UNINCORPORATED,-122.83735321,38.510919389999998
90518836,2017,2017-10-26,9360,2017-07-30,1014,019862,,7,1,9,4900,0,3,5,,2,001,"OLD CAZADERO RD","CHIMNEY ROCK RD",528.00,N,N,A,-,N,,,,,,,,,,N,2,0,1,2,A,-,05,21202,A,F,A,C,A,A,H,-,A,D,0,,Y,,,Y,,L,04,1,0,0,0,0,0,1,0,0,"- ","- ",38.504840000000002,-123.03079,SONOMA,UNINCORPORATED,-123.03010236999999,38.505011879999998
90520626,2017,2017-09-12,9360,2017-04-02,1720,019359,,7,2,9,4900,0,3,5,,2,004,"S. ELY ROAD","BROWNS LANE",0.00,,Y,A,-,N,,,,,,,,,,Y,1,1,0,1,A,-,01,23152,A,N,F,A,A,A,H,-,A,D,0,,,Y,,Y,Y,C,02,0,0,0,0,0,0,0,1,0,"- ","- ",38.229179999999999,-122.57049000000001,SONOMA,UNINCORPORATED,-122.57044996,38.229229940000003
90520719,2017,2017-08-10,9360,2017-05-22,1645,015434,,1,2,9,4900,0,1,3,,1,051,SR-12,"MERCED AVE",102.00,E,N,A,-,Y,,,12,,,,,,,Y,1,1,3,2,A,-,01,23152,F,N,A,C,A,A,H,-,A,D,0,,,,,Y,,A,01,3,0,0,0,0,0,0,0,0,"- ","- ",38.421390000000002,-122.77835,SONOMA,UNINCORPORATED,-122.7783238,38.421344580000003
90521037,2017,2017-08-10,9360,2017-08-03,1815,020731,,4,2,9,4900,0,2,4,,1,054,"CHILENO VALLEY RD","ARMSTRONG RD",336.00,E,N,A,-,N,,,,,,,,,,Y,2,0,2,2,A,-,03,22350,,N,F,J,A,A,H,-,A,D,0,,,,,Y,,A,07,1,0,1,0,0,0,0,0,0,"- ","- ",38.20664,-122.67718000000001,SONOMA,UNINCORPORATED,-122.67664127,38.206812460000002
90521108,2017,2017-08-10,9360,2017-08-03,1710,016045,,4,2,9,4900,0,2,4,,1,052,"STONY POINT RD","TODD RD.",2112.00,S,N,A,-,N,,,,,,,,,,Y,2,0,1,1,A,-,08,22107,,N,F,I,A,A,H,-,A,D,0,,,,,Y,,A,01,1,0,0,0,0,0,0,0,0,"- ","- ",38.380330000000001,-122.74148,SONOMA,UNINCORPORATED,-122.74157636,38.381339439999998
90521686,2017,2017-08-11,9360,2017-03-10,2125,020803,,5,2,9,4900,0,3,5,,2,003,"HALL ROAD","PIEZZI ROAD",14.00,E,N,A,-,N,,,,,,,,,,Y,1,1,0,2,A,-,01,23152,A,N,C,C,A,A,H,-,D,A,0,,,Y,,Y,Y,A,07,0,0,0,0,0,0,0,1,0,"- ","- ",38.437950000000001,-122.79746,SONOMA,UNINCORPORATED,-122.79736111,38.437950399999998
90523467,2017,2017-08-15,9360,2017-08-05,0405,020225,,6,3,9,4900,0,2,4,,1,054,"VALLEY FORD RD","JONES LN",1180.00,W,N,B,-,N,,,,,,,,,,Y,2,0,2,2,A,-,01,23152,A,N,A,C,A,A,H,-,D,D,0,,,,,Y,Y,D,22,2,0,0,0,0,0,0,0,0,"- ","- ",38.31259,-122.8646,SONOMA,UNINCORPORATED,,
90524401,2017,2017-08-16,9360,2017-08-11,1545,015420,,5,2,5,4908,0,1,2,,1,060,"US-101 N/B","LAKEVILLE ST U/C",1056.00,S,N,A,-,Y,,,101,,,,,,N,Y,2,0,1,3,A,-,03,22350,,N,B,C,A,A,H,-,A,D,0,,,Y,,Y,,C,02,1,0,0,0,0,0,0,0,1,"- ","- ",38.230370000000001,-122.61623,SONOMA,PETALUMA,-122.61629908,38.230335930000003
90530123,2017,2017-08-24,9360,2017-08-18,1545,020092,,5,2,3,4980,0,1,2,,2,020,"US-101 S/B","OLD REDWOOD HWY",1056.00,S,N,A,-,Y,,,101,,,,,,S,Y,2,0,3,3,A,-,03,22350,,N,C,C,A,A,H,-,A,D,0,,,,,Y,,A,08,2,1,0,0,0,0,0,0,0,"- ","- ",38.544519999999999,-122.80685,SONOMA,WINDSOR,-122.80671185,38.544601190000002
90537163,2017,2017-08-30,9360,2017-05-20,0450,021195,,6,3,9,4900,0,1,2,,2,020,"US-101 N/B","LYTTON SPRINGS RD",4224.00,S,N,A,-,Y,,,101,,,,,,N,Y,1,1,1,1,A,-,08,22107,,N,E,I,A,A,H,-,D,D,0,,,,,Y,,A,07,0,1,0,0,0,0,0,0,0,"- ","- ",38.648090000000003,-122.87251000000001,SONOMA,UNINCORPORATED,-122.87257164,38.648117130000003
90538751,2017,2017-09-01,9360,2017-08-23,1115,019218,,3,1,9,4900,0,2,4,,2,056,"STONY POINT RD.","ROBLAR RD",0.00,,Y,A,-,N,,,,,,,,,,Y,2,0,2,2,D,-,00,,,N,D,C,A,A,H,-,A,D,0,,,Y,,Y,,-,"- ",1,1,0,0,0,0,0,0,1,"- ","- ",38.314140000000002,-122.73551999999999,SONOMA,UNINCORPORATED,-122.73547995,38.314119990000002
90540502,2017,2017-09-05,9360,2017-08-30,2200,019794,,3,3,9,4900,0,2,4,,1,012,"DRY CREEK ROAD","NORTON RD",851.00,W,N,A,-,N,,,,,,,,,,Y,2,0,3,2,A,-,09,21804,A,N,D,C,A,A,H,-,D,D,0,,,,,Y,,A,07,1,0,2,0,0,0,0,0,0,"- ","- ",38.629519999999999,-122.88744,SONOMA,UNINCORPORATED,-122.88747687,38.629525000000001
90540839,2017,2017-09-05,9360,2017-09-04,1320,015552,,1,1,9,4900,0,1,3,,1,063,SR-1,"FREESTONE VALLEY FORD RD",2112.00,N,N,B,-,Y,,,,,,,,,,Y,2,0,1,1,A,-,03,22350,,N,E,A,A,A,H,-,A,D,0,,,Y,,Y,,C,02,1,0,0,0,0,0,0,0,1,"- ","- ",38.325270000000003,-122.13424000000001,SONOMA,UNINCORPORATED,,
90543891,2017,2017-09-08,9325,2017-08-31,1255,018789,,4,1,9,4900,0,1,3,,1,051,SR-121,"MANGEL RANCH ROAD",528.00,S,N,A,-,Y,,,121,,,,,,,Y,2,0,3,2,A,-,01,23153,A,N,B,C,A,A,H,-,A,A,0,,,,,Y,Y,A,01,1,2,0,0,0,0,0,0,0,"- ","- ",38.17098,-122.45706,SONOMA,UNINCORPORATED,-122.45704173,38.170971549999997
90546106,2017,2017-09-12,9360,2017-09-03,1615,018790,,7,2,9,4900,0,1,3,,1,063,"GULL DR","GREBE CT",100.00,N,N,A,-,N,,,,,,,,,,N,2,0,1,1,A,-,03,22350,,N,H,A,A,A,H,-,A,D,0,,,,,Y,,M,96,1,0,0,0,0,0,0,0,0,"- ","- ",38.311860000000003,-123.02164999999999,SONOMA,UNINCORPORATED,-123.02170355,38.312150099999997
90547350,2017,2017-09-14,9360,2017-09-06,0155,018571,,3,3,9,4900,0,2,4,,1,034,"GUERNEVILLE RD","ABRAMSON RD",1056.00,E,N,A,-,N,,,,,,,,,,Y,2,0,1,1,A,-,08,22107,,N,E,I,A,A,H,-,D,D,0,,,,,Y,,A,01,1,0,0,0,0,0,0,0,0,"- ","- ",38.45252,-122.77858000000001,SONOMA,UNINCORPORATED,-122.77989119,38.452560009999999
90563703,2017,2017-10-05,9360,2017-10-04,1045,015187,,3,1,9,4900,0,3,5,,2,001,"HOT SPRINGS RD","FOOTHILL BLVD",12144.00,W,N,A,-,N,,,,,,,,,,N,2,0,1,1,A,-,03,22350,,N,F,A,A,A,G,-,A,D,0,,Y,,,Y,,L,04,1,0,0,0,0,0,1,0,0,"- ","- ",38.774189999999997,-123.04661,SONOMA,UNINCORPORATED,-123.04680508,38.774364390000002
90566530,2017,2017-10-10,9360,2017-09-30,0915,019546,,6,1,9,4900,0,2,4,,1,052,"STONY POINT ROAD","ROHNERT PARK EXPY",70.00,N,N,A,-,N,,,,,,,,,,Y,2,0,1,2,A,-,03,22350,,N,C,C,A,A,H,-,A,D,0,,,,,Y,,A,01,1,0,0,0,0,0,0,0,0,"- ","- ",38.353589999999997,-122.74132,SONOMA,UNINCORPORATED,-122.74133519999999,38.35342224
90577725,2017,2017-10-24,9350,2017-10-18,1950,021696,,3,2,9,4900,0,1,3,,2,137,"SR-37 E/B","LAKEVILLE HWY",5280.00,W,N,A,-,Y,,,37,,,,,,E,Y,2,0,1,3,A,-,01,23152,A,N,E,I,A,A,H,-,D,D,0,,,,,Y,Y,D,22,1,0,0,0,0,0,0,0,0,"- ","- ",38.124380000000002,-122.49236999999999,SONOMA,UNINCORPORATED,-122.49233207,38.124316610000001
90583217,2017,2017-12-19,9360,2017-10-12,1510,011631,,4,2,9,4900,0,3,5,,2,005,"MIDDLE TWO ROCK ROAD (1200 BLOCK)","EASTMAN LANE",2006.00,E,N,A,-,N,,,,,,,,,,Y,2,0,2,2,A,-,06,21750,,N,C,C,A,A,H,-,A,D,0,,,Y,,Y,,C,02,2,0,0,0,0,0,0,0,2,"- ","- ",38.241680000000002,-122.69161,SONOMA,UNINCORPORATED,-122.69149311,38.241664980000003
90585420,2017,2017-11-02,9360,2017-10-19,0736,011631,,4,1,9,4900,0,1,3,,1,045,"SR-116 (LAKEVILLE HIGHWAY)","LAKEVILLE ROAD",0.00,,Y,A,-,Y,,,116,,,,,,,Y,2,0,2,4,A,-,12,22450,A,N,D,C,A,A,H,-,A,A,0,,,,,Y,,A,01,1,0,1,0,0,0,0,0,0,"- ","- ",38.211939999999998,-122.54902,SONOMA,UNINCORPORATED,-122.54909877999999,38.212117589999998
90594091,2017,2017-11-14,9360,2017-11-09,0750,013440,,4,1,9,4900,0,2,4,,1,038,"BODEGA HWY","GRANDVIEW AVE",339.00,E,N,B,-,N,,,,,,,,,,Y,2,0,1,1,A,-,00,22017,,N,E,I,A,B,H,-,B,D,0,,,,,Y,,A,01,1,0,0,0,0,0,0,0,0,"- ","- ",38.393059999999998,-122.87649,SONOMA,UNINCORPORATED,-122.87603724,38.393236039999998
90595150,2017,2017-11-15,9360,2017-11-10,1715,018790,,5,2,9,4900,0,2,4,,1,038,"BODEGA HIGHWAY","WATERTROUGH RD",650.00,W,N,B,-,N,,,,,,,,,,Y,2,0,2,2,A,-,01,23152,A,N,A,C,A,A,H,-,B,D,0,,,,,Y,Y,A,01,1,1,0,0,0,0,0,0,0,"- ","- ",38.396970000000003,-122.85321999999999,SONOMA,UNINCORPORATED,-122.85329586,38.396993879999997
90597672,2017,2018-05-14,9360,2017-11-03,1010,020092,,5,1,6,4905,0,1,2,,2,040,"US-101 S/B TO SR-12 E/B",SR-12,400.00,N,N,B,-,Y,,,101,,,,R,,S,Y,1,1,0,1,A,-,08,22107,,N,F,J,A,B,H,-,A,D,0,,,,,Y,,D,22,0,0,0,0,0,0,0,0,0,"- ","- ",38.431269999999998,-122.71696,SONOMA,"SANTA ROSA",-122.71696,38.431269999999998
90599624,2017,2017-11-21,9360,2017-09-05,1847,018196,,2,2,9,4900,0,2,4,,1,032,"RIVER ROAD","SLUSSER ROAD",1584.00,W,N,A,-,N,,,,,,,,,,Y,1,1,0,2,A,-,05,21460,A,N,B,C,A,A,H,-,A,D,0,,,,Y,Y,,D,22,0,0,0,0,0,0,0,0,0,"- ","- ",38.482570000000003,-122.83147,SONOMA,UNINCORPORATED,-122.83105824,38.482677799999998
90599758,2017,2018-01-23,9360,2017-06-24,1055,019824,,6,1,9,4900,0,2,4,,1,047,"LAKEVILLE RD","OLD LAKEVILLE NO 3 RD",1024.00,S,N,A,-,N,,,,,,,,,,Y,1,1,0,1,A,-,01,23152,F,N,E,I,A,A,H,-,A,D,0,,,,,Y,,A,01,0,0,0,0,0,0,0,0,0,"- ","- ",38.172020000000003,-122.52077,SONOMA,UNINCORPORATED,-122.5203367,38.171553670000002
90599782,2017,2017-11-21,9360,2017-11-11,0210,020831,,6,3,9,4900,0,3,5,,2,001,"DRY CREEK ROAD","AMANN ROAD",302.00,E,N,E,-,N,,,,,,,,,,Y,2,0,1,1,A,-,01,23152,A,N,E,I,A,A,H,-,D,D,0,,,,,Y,Y,A,01,1,0,0,0,0,0,0,0,0,"- ","- ",38.720289999999999,-122.99866,SONOMA,UNINCORPORATED,,
90599998,2017,2017-11-21,9360,2017-11-14,1740,016045,,2,2,9,4900,0,3,5,,2,004,"SANTA ROSA AVE","BELLEVUE AVE",850.00,S,N,B,-,N,,,,,,,,,,Y,2,0,1,2,A,-,09,21804,A,F,F,A,A,A,H,-,C,D,0,,,Y,,Y,,-,99,1,0,0,0,0,0,0,0,1,"- ","- ",38.399479999999997,-122.71364,SONOMA,UNINCORPORATED,-122.71351,38.399535120000003
90603692,2017,2017-11-28,9360,2017-11-19,1305,019129,,7,1,9,4900,0,2,4,,1,057,"PETALUMA BLVD N","LILY VINE LN",235.00,N,N,A,-,N,,,,,,,,,,Y,2,0,1,2,A,-,03,22350,,N,C,C,A,A,H,-,A,D,0,,,,,Y,,A,07,1,0,0,0,0,0,0,0,0,"- ","- ",38.266100000000002,-122.67016,SONOMA,UNINCORPORATED,-122.67009808,38.266083340000002
90610268,2017,2017-12-05,9360,2017-09-27,1015,013440,,3,1,9,4900,0,2,4,,1,054,"VALLEY FORD RD","GERICKE RD",15.00,E,N,A,-,N,,,,,,,,,,N,1,1,0,2,A,-,00,22101,B,N,D,G,A,A,H,-,A,D,0,,Y,,,Y,,L,04,0,0,0,0,0,1,0,0,0,"- ","- ",38.313389999999998,-122.87237,SONOMA,UNINCORPORATED,-122.8722877,38.313410449999999
90617434,2017,2017-12-14,9360,2017-12-10,0159,018196,,7,3,5,4908,0,1,2,,2,050,"US-101 S/B","PETALUMA BLVD NORTH",2112.00,N,N,A,-,Y,,,101,,,,,,S,Y,2,0,1,2,A,-,01,23152,A,N,A,C,A,A,H,-,C,D,0,,,,,Y,Y,A,07,1,0,0,0,0,0,0,0,0,"- ","- ",38.275919999999999,-122.67516999999999,SONOMA,PETALUMA,-122.67515606000001,38.275938170000003
90617493,2017,2019-01-04,9325,2017-11-14,0745,017659,,2,1,9,4900,0,1,3,,1,063,"SR-12 (SONOMA HIGHWAY)","LONDON WAY",462.00,E,N,A,B,Y,,,12,,,,,,,Y,1,2,1,2,A,-,01,23152,A,N,A,C,A,B,H,-,A,D,0,,,,,Y,Y,D,22,1,0,0,0,0,0,0,0,0,"- ","- ",38.32835,-122.48941000000001,SONOMA,UNINCORPORATED,-122.489407,38.328350540000002
90627100,2017,2017-12-26,9360,2017-12-16,1840,020740,,6,2,5,4908,0,3,5,,2,005,"PEPPER ROAD","BODEGA AVENUE",2640.00,N,N,A,-,N,,,,,,,,,,Y,2,0,5,2,A,-,09,21801,A,N,D,C,A,A,H,-,D,D,0,,,Y,,Y,,D,22,1,0,4,0,0,0,0,0,1,"- ","- ",38.264890000000001,-122.77211,SONOMA,PETALUMA,-122.77212491,38.264927579999998
90627245,2017,2017-12-27,9360,2017-12-19,1920,015434,,2,2,9,4900,0,3,5,,2,001,"ARMSTRONG WOODS RD.","WOODLAND DR",852.00,N,N,C,-,N,,,,,,,,,,N,2,0,1,2,A,-,11,21956,,N,G,B,E,B,H,-,D,D,0,Y,,,,Y,,N,60,1,0,0,0,1,0,0,0,0,"- ","- ",38.505650000000003,-122.99745,SONOMA,UNINCORPORATED,-122.99744942,38.505689160000003
90627896,2017,2017-12-27,9360,2017-12-19,2210,016669,,2,3,9,4900,0,2,4,,1,034,"GUERNEVILLE RD","WILLOWSIDE ROAD",22.00,W,N,B,C,N,,,,,,,,,,N,2,0,1,2,A,-,05,21650,,F,G,G,A,B,H,-,C,A,0,,Y,,,Y,,L,04,1,0,0,0,0,0,1,0,0,"- ","- ",38.452419999999996,-122.80696,SONOMA,UNINCORPORATED,-122.80687682999999,38.452538619999999
90631039,2017,2018-01-02,9360,2017-12-26,1815,015434,,2,2,9,4900,0,1,3,,1,021,SR-128,"GEYSER RIDGE",528.00,N,N,A,-,Y,,,128,,,,,,,Y,2,0,1,1,A,-,08,22107,,N,E,I,A,A,H,-,D,D,0,,,,,Y,,A,07,1,0,0,0,0,0,0,0,0,"- ","- ",38.712499999999999,-122.91495999999999,SONOMA,UNINCORPORATED,-122.91484391,38.712664199999999
90631896,2017,2018-01-03,9360,2017-12-28,1545,017693,,4,2,9,4900,0,2,4,,2,056,"STONY POINT ROAD","ORCHARD LN",119.00,S,N,A,-,N,,,,,,,,,,Y,2,0,1,1,A,-,08,22107,,N,E,J,A,A,H,-,A,D,0,,,,,Y,,A,01,1,0,0,0,0,0,0,0,0,"- ","- ",38.27854,-122.68146,SONOMA,UNINCORPORATED,,
90639602,2018,2018-01-15,9360,2018-01-08,0052,021815,,1,3,9,4900,0,1,2,,2,040,"US-101 S/B","HEARN AVE",3320.00,S,N,C,-,Y,,,101,,,,,,S,Y,2,0,3,4,A,-,01,23152,A,N,C,C,A,B,H,-,D,D,0,,,,Y,Y,Y,A,01,1,2,0,0,0,0,0,0,0,"- ","- ",38.403678894042969,-122.71617126464844,SONOMA,UNINCORPORATED,-122.71620941162109,38.403678894042969
90647838,2018,2018-06-11,9360,2018-01-15,1340,013440,,1,1,9,4900,0,3,5,,2,003,"MILL STATION RD","OCCIDENTAL RD",471.00,S,N,B,-,N,,,,,,,,,,Y,2,0,2,1,A,-,01,23152,F,N,F,I,A,A,H,-,A,D,0,,,,,Y,,A,01,2,0,0,0,0,0,0,0,0,"- ","- ",38.419139862060547,-122.87319183349609,SONOMA,UNINCORPORATED,-122.87338256835938,38.419292449951172
90649322,2017,2018-01-26,9360,2017-12-26,0608,013911,,2,1,9,4900,0,1,2,,2,020,"US-101 N/B","LYTTON SPRINGS RD.",2640.00,S,N,E,-,Y,,,,,,,,,,N,2,0,1,2,A,-,03,22350,,F,G,B,E,A,H,-,D,D,0,Y,,,,Y,,-,99,1,0,0,0,1,0,0,0,0,"- ","- ",38.641010000000001,-122.87255,SONOMA,UNINCORPORATED,-122.87148486,38.652669580000001
90651186,2018,2018-01-30,9360,2018-01-27,1440,018828,,6,2,9,4900,0,1,3,,1,045,"SR-116 (STAGE GULCH ROAD)","ADOBE ROAD",0.00,,Y,A,-,Y,,,116,,,,,,,Y,2,0,1,2,A,-,21,22106,,N,C,C,A,A,H,-,A,D,0,,,Y,,Y,,C,02,1,0,0,0,0,0,0,0,1,"- ","- ",38.236148834228516,-122.52662658691406,SONOMA,UNINCORPORATED,-122.52664947509766,38.236167907714844
90659439,2018,2018-02-12,9360,2018-02-04,2020,021614,,7,2,9,4900,0,3,5,,2,003,"OLIVET RD","OLIVET LN",600.00,N,N,A,-,N,,,,,,,,,,Y,2,0,1,1,A,-,01,23152,A,N,F,I,A,A,H,-,C,D,0,,,,,Y,Y,A,07,1,0,0,0,0,0,0,0,0,"- ","- ",38.481189727783203,-122.81703948974609,SONOMA,UNINCORPORATED,-122.81661224365234,38.480842590332031