CASE_ID,ACCIDENT_YEAR,PROC_DATE,JURIS,COLLISION_DATE,COLLISION_TIME,OFFICER_ID,REPORTING_DISTRICT,DAY_OF_WEEK,CHP_SHIFT,POPULATION,CNTY_CITY_LOC,SPECIAL_COND,BEAT_TYPE,CHP_BEAT_TYPE,CITY_DIVISION_LAPD,CHP_BEAT_CLASS,BEAT_NUMBER,PRIMARY_RD,SECONDARY_RD,DISTANCE,DIRECTION,INTERSECTION,WEATHER_1,WEATHER_2,STATE_HWY_IND,CALTRANS_COUNTY,CALTRANS_DISTRICT,STATE_ROUTE,ROUTE_SUFFIX,POSTMILE_PREFIX,POSTMILE,LOCATION_TYPE,RAMP_INTERSECTION,SIDE_OF_HWY,TOW_AWAY,COLLISION_SEVERITY,NUMBER_KILLED,NUMBER_INJURED,PARTY_COUNT,PRIMARY_COLL_FACTOR,PCF_CODE_OF_VIOL,PCF_VIOL_CATEGORY,PCF_VIOLATION,PCF_VIOL_SUBSECTION,HIT_AND_RUN,TYPE_OF_COLLISION,MVIW,PED_ACTION,ROAD_SURFACE,ROAD_COND_1,ROAD_COND_2,LIGHTING,CONTROL_DEVICE,CHP_ROAD_TYPE,PEDESTRIAN_ACCIDENT,BICYCLE_ACCIDENT,MOTORCYCLE_ACCIDENT,TRUCK_ACCIDENT,NOT_PRIVATE_PROPERTY,ALCOHOL_INVOLVED,STWD_VEHTYPE_AT_FAULT,CHP_VEHTYPE_AT_FAULT,COUNT_SEVERE_INJ,COUNT_VISIBLE_INJ,COUNT_COMPLAINT_PAIN,COUNT_PED_KILLED,COUNT_PED_INJURED,COUNT_BICYCLIST_KILLED,COUNT_BICYCLIST_INJURED,COUNT_MC_KILLED,COUNT_MC_INJURED,PRIMARY_RAMP,SECONDARY_RAMP,LATITUDE,LONGITUDE,COUNTY,CITY,POINT_X,POINT_Y
90659958,2018,2018-02-13,9360,2018-01-31,1640,015812,,3,2,6,4905,0,1,2,,2,040,"US-101 N/B","HEARN AVENUE (O/C)",2112.00,S,N,A,-,Y,,,101,,,,,,N,Y,2,0,1,3,A,-,03,22350,,N,C,C,A,A,H,-,A,D,0,,,Y,,Y,,C,02,1,0,0,0,0,0,0,0,1,"- ","- ",38.409580230712891,-122.71595764160156,SONOMA,"SANTA ROSA",-122.71593475341797,38.409580230712891
90663517,2018,2018-02-19,9350,2018-02-11,1555,021099,,7,2,9,4900,0,1,3,,2,137,"SR-37 E/B",SR-121,2640.00,W,N,A,-,Y,,,37,,,,,,E,Y,2,0,1,1,A,-,08,22107,,N,F,A,A,A,H,-,A,D,0,,,,,Y,,A,01,1,0,0,0,0,0,0,0,0,"- ","- ",38.143798828125,-122.45989990234375,SONOMA,UNINCORPORATED,-122.45994567871094,38.143871307373047
90664527,2018,2018-02-20,9360,2018-02-11,1110,019703,,7,1,9,4900,0,1,3,,1,021,SR-128,"FOOTE CREEK BRIDGE",115.00,W,N,A,-,Y,,,128,,,,,,,N,2,0,3,3,B,-,22,,,N,C,A,A,A,H,-,A,D,0,,Y,,,Y,,L,04,1,1,1,0,0,0,3,0,0,"- ","- ",38.640159606933594,-122.69341278076172,SONOMA,UNINCORPORATED,-122.69340515136719,38.640167236328125
90666023,2017,2018-02-21,9360,2017-12-08,1547,018828,,5,2,9,4900,0,2,4,,1,044,"ADOBE ROAD","CASA GRANDE ROAD",1056.00,E,N,A,-,N,,,,,,,,,,Y,1,1,0,2,A,-,01,23152,F,N,A,C,A,A,H,-,A,D,0,,,,Y,Y,,A,07,0,0,0,0,0,0,0,0,0,"- ","- ",38.253399999999999,-122.58166,SONOMA,UNINCORPORATED,-122.58200097,38.25364124
90676524,2018,2018-03-07,9360,2018-02-27,1220,013838,,2,1,9,4900,0,2,4,,1,024,"CALISTOGA ROAD","BODMER LANE",400.00,N,N,A,-,N,,,,,,,,,,Y,2,0,2,1,A,-,08,22107,,N,E,I,A,A,H,-,A,D,0,,,,,Y,,A,01,1,1,0,0,0,0,0,0,0,"- ","- ",38.542091369628906,-122.64846801757812,SONOMA,UNINCORPORATED,-122.64824676513672,38.541538238525391
90686797,2018,2018-03-21,9360,2018-01-03,0740,011631,,3,1,9,4900,0,2,4,,1,054,"BODEGA AVENUE (5700 BLOCK)","KING ROAD",5808.00,W,N,B,-,N,,,,,,,,,,Y,1,1,0,1,A,-,08,22107,,N,E,I,A,A,H,-,A,D,0,,,,,Y,,D,22,0,0,0,0,0,0,0,0,0,"- ","- ",38.265171051025391,-122.73519134521484,SONOMA,UNINCORPORATED,-122.73445892333984,38.265033721923828
90692657,2018,2018-03-29,9360,2018-03-22,1555,021815,,4,2,6,4905,0,1,2,,2,030,"US-101 N/B","MENDOCINO O/C",530.00,N,N,A,-,Y,,,101,,,,,,N,Y,2,0,3,3,A,-,03,22350,,N,C,C,A,A,H,-,A,D,0,,,,,Y,,D,22,1,1,1,0,0,0,0,0,0,"- ","- ",38.475238800048828,-122.73129272460938,SONOMA,"SANTA ROSA",-122.73125457763672,38.475254058837891
90698919,2018,2018-04-04,9360,2018-03-27,1308,021314,,2,1,9,4900,0,1,2,,2,020,"US-101 S/B","GEYSERVILLE AVENUE UNDERCROSSING",375.00,N,N,A,-,Y,,,101,,,,,,S,Y,2,0,6,3,A,-,03,22350,,N,C,C,A,A,H,-,A,D,0,,,,,Y,,D,22,2,4,0,0,0,0,0,0,0,"- ","- ",38.691688537597656,-122.88313293457031,SONOMA,UNINCORPORATED,-122.88314819335938,38.691677093505859
9070252,2020,2020-06-18,4905,2020-03-03,1612,SR559,10601,2,5,6,4905,0,0,0,,0,001,"WEST STEELE LN","RANGE AV",350.00,W,N,A,-,N,,,,,,,,,,N,2,0,1,2,A,-,09,21804,A,N,G,B,F,A,H,-,A,D,0,Y,,,,Y,,A,01,1,0,0,0,1,0,0,0,0,"- ","- ",,,SONOMA,"SANTA ROSA",-122.73379516601562,38.459980010986328
9070293,2020,2020-03-19,4905,2020-01-30,0745,SR473,,4,5,6,4905,0,0,0,,0,009,"5TH ST","MENDOCINO AV",145.00,E,N,A,-,N,,,,,,,,,,Y,2,0,1,2,C,-,18,,,N,B,E,A,A,H,-,A,A,0,,,,,Y,,-,"- ",1,0,0,0,0,0,0,0,0,"- ","- ",,,SONOMA,"SANTA ROSA",-122.71408081054688,38.441272735595703
9070325,2020,2020-03-23,4905,2020-02-14,1512,SR8712,10606,5,5,6,4905,0,0,0,,0,006,"HAHMAN DR","ROCK CREEK DR",100.00,S,N,A,-,N,,,,,,,,,,N,2,0,1,2,A,-,03,22350,,N,C,C,A,A,H,-,A,D,0,,,,,Y,,A,07,1,0,0,0,0,0,0,0,0,"- ","- ",,,SONOMA,"SANTA ROSA",-122.68531799316406,38.440704345703125
9070388,2020,2020-10-02,4903,2020-03-07,1543,1586,,6,5,3,4903,0,0,0,,0,,"RT 101","HEALDSBURG AV",0.00,,Y,A,-,Y,SON,4,101,-,-,34.384,R,4,N,Y,2,0,5,2,A,-,09,21802,A,N,D,D,A,B,H,-,A,A,0,,,,,Y,Y,A,01,1,1,3,0,0,0,0,0,0,"- ","- ",38.610469818115234,-122.86916351318359,SONOMA,HEALDSBURG,-122.867452,38.603906000000002
90704019,2018,2018-04-12,9360,2018-04-05,1430,021904,,4,2,6,4905,0,1,2,,2,040,"US-101 S/B","HEARN AVE",2640.00,S,N,B,-,Y,,,101,,,,,,S,Y,2,0,1,6,A,-,03,22350,,N,C,C,A,B,H,-,A,D,0,,,,,Y,,D,22,1,0,0,0,0,0,0,0,0,"- ","- ",38.410720825195312,-122.71617126464844,SONOMA,"SANTA ROSA",-122.71617889404297,38.410720825195312
90706818,2018,2018-04-17,9360,2018-04-08,1411,019862,,7,2,9,4900,0,3,5,,2,004,"SANTA ROSA AVE","EAST TODD RD",252.00,S,N,A,-,N,,,,,,,,,,Y,2,0,2,2,A,-,09,21804,A,N,D,C,A,A,H,-,A,D,0,,,Y,,Y,,C,02,1,0,1,0,0,0,0,0,1,"- ","- ",38.386329650878906,-122.71366119384766,SONOMA,UNINCORPORATED,-122.71360015869141,38.386417388916016
90707295,2017,2018-04-17,9360,2017-11-15,2348,021815,,3,3,6,4905,0,1,2,,2,040,"US-101 S/B","COLLEGE AVE",2112.00,N,N,C,-,Y,,,101,,,,,,S,Y,1,1,3,5,A,-,03,22350,,F,C,C,E,B,H,-,D,D,0,Y,,,,Y,Y,A,01,1,0,2,1,1,0,0,0,0,"- ","- ",38.451680000000003,-122.72633999999999,SONOMA,"SANTA ROSA",-122.72624095,38.451682699999999
90710239,2018,2018-04-23,9360,2018-04-15,1225,021815,,7,1,9,4900,0,3,5,,2,003,"NORTH LAUGHLIN RD","LAUGHLIN RD",76.00,S,N,B,-,N,,,,,,,,,,Y,2,0,4,2,A,-,03,22350,,N,C,C,A,A,H,-,A,D,0,,,Y,,Y,,C,02,2,0,2,0,0,0,0,0,4,"- ","- ",38.501640319824219,-122.799560546875,SONOMA,UNINCORPORATED,-122.7999267578125,38.501846313476562
90710707,2017,2018-04-23,9360,2017-09-27,1400,015812,,3,2,9,4900,0,1,2,,2,030,"US-101 S/B TO RIVER ROAD","RIVER ROAD",425.00,N,N,A,-,Y,,,101,,,,R,,S,Y,2,0,1,1,C,-,18,,,N,E,I,A,A,H,-,A,D,0,,,,,Y,,-,"- ",1,0,0,0,0,0,0,0,0,"- ","- ",38.497459999999997,-122.75881,SONOMA,UNINCORPORATED,-122.75881,38.497459999999997
90711767,2018,2018-04-24,9360,2018-04-17,0930,013838,,2,1,9,4900,0,3,5,,2,004,"DUNBAR RD","BONNIE WAY",100.00,E,N,A,-,N,,,,,,,,,,N,2,0,1,1,A,-,03,22350,,N,E,J,A,A,H,-,A,D,0,,Y,,,Y,,L,04,1,0,0,0,0,0,1,0,0,"- ","- ",38.380500793457031,-122.52050018310547,SONOMA,UNINCORPORATED,-122.52049255371094,38.380393981933594
90713732,2018,2018-04-26,9360,2018-04-16,0625,016524,,1,1,9,4900,0,2,4,,1,032,"RIVER RD.","LAUGHLIN RD.",1320.00,E,N,C,-,N,,,,,,,,,,Y,2,0,5,4,A,-,01,23152,G,N,A,D,A,B,H,-,B,D,0,,,,,Y,Y,A,01,3,1,1,0,0,0,0,0,0,"- ","- ",34.493858337402344,-122.78589630126953,SONOMA,UNINCORPORATED,-122.78346252441406,38.494838714599609
90717087,2018,2018-05-01,9360,2018-04-24,1745,018667,,2,2,2,4901,0,1,2,,1,010,"US-101 SB","CITRUS FAIR DR",1630.00,S,N,A,-,Y,,,101,,,,,,S,Y,2,0,1,2,A,-,01,23152,A,N,C,C,A,A,H,-,A,D,0,,,,Y,Y,Y,A,01,1,0,0,0,0,0,0,0,0,"- ","- ",38.794998168945312,-123.01255035400391,SONOMA,CLOVERDALE,-123.01247406005859,38.795017242431641
90719487,2018,2018-05-03,9325,2018-05-02,1330,015786,,3,1,9,4900,0,2,4,,1,064,"ARNOLD DRIVE","MARTIN AVE",200.00,S,N,A,-,N,,,,,,,,,,Y,2,0,1,3,A,-,08,22107,,N,B,E,A,A,H,-,A,D,0,,,,,Y,,A,01,1,0,0,0,0,0,0,0,0,"- ","- ",38.345050811767578,-122.51437377929688,SONOMA,UNINCORPORATED,-122.5142822265625,38.344062805175781
9071951,2020,2020-09-25,4905,2020-02-02,1908,SR541,10604,7,5,6,4905,0,0,0,,0,004,"BOAS DR","RT 12",0.00,,Y,A,-,Y,SON,4,12,-,-,19.830,I,5,E,Y,2,0,1,2,A,-,09,21804,A,N,D,C,A,A,H,-,C,A,0,,,,,Y,,A,01,1,0,0,0,0,0,0,0,0,"- ","- ",,,SONOMA,"SANTA ROSA",-122.65784454345703,38.465057373046875
90720730,2018,2018-05-07,9360,2018-04-28,1430,018196,,6,2,3,4980,0,1,2,,2,030,"US-101 N/B","SHILOH RD",2640.00,S,N,A,-,Y,,,101,,,,,,N,Y,2,0,2,1,A,-,03,22350,,N,E,I,A,A,H,-,A,D,0,,,Y,,Y,,C,02,2,0,0,0,0,0,0,0,2,"- ","- ",38.519680023193359,-122.78421783447266,SONOMA,WINDSOR,-122.78425598144531,38.519649505615234
90721736,2018,2018-05-08,9350,2018-04-28,0510,019150,,6,3,9,4900,0,1,3,,2,137,"SR-37 E/B","LAKEVILLE HWY",19.00,E,N,A,-,Y,,,37,,,,,,E,Y,2,0,1,1,A,-,08,22107,,N,F,A,A,A,H,-,C,A,0,,,,Y,Y,,G,25,1,0,0,0,0,0,0,0,0,"- ","- ",38.133861541748047,-122.47609710693359,SONOMA,UNINCORPORATED,-122.47614288330078,38.134086608886719
90724192,2018,2018-05-10,9325,2018-02-10,2111,021385,,6,2,9,4900,0,1,3,,1,052,SR-12,"SPECHT RD",300.00,W,N,A,-,Y,,,12,,,,,,,Y,1,1,0,2,A,-,09,21801,A,N,A,C,A,A,H,-,D,D,0,,,Y,,Y,,A,07,0,0,0,0,0,0,0,1,0,"- ","- ",38.269771575927734,-122.46131896972656,SONOMA,UNINCORPORATED,-122.46128082275391,38.269763946533203
90725465,2018,2018-05-14,9360,2018-05-06,1847,019083,,7,2,9,4900,0,3,5,,2,006,"CAZADERO HIGHWAY","OLD DUNCANS GRADE RD",500.00,N,N,A,-,N,,,,,,,,,,Y,2,0,1,1,A,-,01,23152,A,N,E,I,A,A,H,-,A,D,0,,,,,Y,Y,A,01,1,0,0,0,0,0,0,0,0,"- ","- ",38.472919464111328,-123.04753112792969,SONOMA,UNINCORPORATED,-123.04743194580078,38.47265625
90727370,2017,2018-05-16,9360,2017-09-26,0845,015812,,2,1,6,4905,0,1,2,,2,030,"US-101 N/B FROM STEELE LANE","STEELE LANE",5.00,N,N,A,-,Y,,,101,,,,R,,N,N,1,1,0,2,A,-,10,21950,A,F,G,B,B,A,H,-,A,A,0,Y,,,,Y,,A,07,0,0,0,1,0,0,0,0,0,"- ","- ",38.460050000000003,-122.72575000000001,SONOMA,"SANTA ROSA",-122.72575000000001,38.460050000000003
90727906,2017,2018-05-16,9360,2017-12-03,0010,021614,,7,3,9,4900,0,1,3,,1,041,SR-12,"LIBBY AVE",470.00,E,N,C,-,Y,,,12,,,,,,,N,1,1,0,2,D,-,00,,,F,G,B,E,B,H,-,D,D,0,Y,,,,Y,Y,-,"- ",0,0,0,1,0,0,0,0,0,"- ","- ",38.41093,-122.54416999999999,SONOMA,UNINCORPORATED,-122.54406050999999,38.410986389999998
90728476,2018,2018-05-17,9360,2018-05-11,1545,019083,,5,2,9,4900,0,3,5,,2,006,"JOY RD","BITTNER RD",241.00,N,N,A,-,N,,,,,,,,,,Y,2,0,1,1,A,-,03,22350,,N,E,I,A,A,A,-,A,D,0,,,Y,,Y,,C,02,1,0,0,0,0,0,0,0,1,"- ","- ",38.393218994140625,-122.97389221191406,SONOMA,UNINCORPORATED,-122.97378540039062,38.3931884765625
90730034,2018,2018-05-21,9360,2018-05-11,1835,021815,,5,2,9,4900,0,1,3,,1,037,SR-116,"OCCIDENTAL RD",0.00,,Y,A,-,Y,,,116,,,,,,,Y,2,0,1,2,A,-,12,21453,A,N,D,C,A,A,H,-,B,A,0,,,Y,,Y,,A,07,1,0,0,0,0,0,0,0,1,"- ","- ",38.425628662109375,-122.84818267822266,SONOMA,UNINCORPORATED,-122.84827423095703,38.425613403320312
90730290,2018,2018-05-21,9360,2018-05-12,1310,020092,,6,1,9,4900,0,1,2,,2,030,"US-101 N/B","OLD REDWOOD HWY",4752.00,S,N,A,-,Y,,,,,,,,,,Y,2,0,4,4,A,-,03,22350,,N,C,C,A,A,H,-,A,D,0,,,,,Y,,A,07,1,0,3,0,0,0,0,0,0,"- ","- ",38.535999298095703,-122.79920959472656,SONOMA,UNINCORPORATED,-122.85279846191406,38.594921112060547
90736953,2018,2018-05-30,9360,2018-05-20,2348,020779,,7,3,6,4905,0,1,2,,2,030,"US-101 S/B","GUERNEVILLE RD",1056.00,N,N,A,-,Y,,,101,,,,,,S,Y,2,0,2,1,A,-,01,23152,A,N,E,I,A,A,H,-,A,D,0,,,,,Y,Y,A,01,1,1,0,0,0,0,0,0,0,"- ","- ",38.463001251220703,-122.72679138183594,SONOMA,"SANTA ROSA",-122.72659301757812,38.463031768798828
90737031,2018,2018-05-30,9360,2018-05-20,2125,019083,,7,2,9,4900,0,3,5,,2,006,"CAZADERO HIGHWAY","OLD DUNCAN GRADE RD",500.00,N,N,B,-,N,,,,,,,,,,Y,2,0,1,1,A,-,08,22107,,N,E,I,A,A,H,-,D,D,0,,,,,Y,,A,01,1,0,0,0,0,0,0,0,0,"- ","- ",38.472919464111328,-123.04753112792969,SONOMA,UNINCORPORATED,-123.04743194580078,38.47265625
90741409,2018,2018-06-05,9360,2018-05-28,2007,021195,,1,2,9,4900,0,1,3,,1,065,SR-116,SR-1,6864.00,E,N,A,-,Y,,,116,,,,,,,Y,2,0,2,1,A,-,01,23152,A,N,E,I,A,A,H,-,B,D,0,,,,,Y,Y,A,01,1,1,0,0,0,0,0,0,0,"- ","- ",38.448810577392578,-123.08866119384766,SONOMA,UNINCORPORATED,-123.08866882324219,38.44879150390625
90746760,2017,2019-04-26,9360,2017-12-20,1715,014455,,3,2,6,4905,0,1,2,,2,030,"US-101 N/B","MENDOCINO AVE O/C",856.00,S,N,B,-,Y,,,101,,,,,,N,Y,1,1,1,5,A,-,03,22350,,N,C,C,A,A,H,-,B,D,0,,,,,Y,,I,11,0,0,1,0,0,0,0,0,0,"- ","- ",38.47231,-122.73004,SONOMA,"SANTA ROSA",-122.73001249000001,38.472321719999997
90747665,2018,2018-06-13,9360,2018-06-02,1640,017693,,6,2,9,4900,0,3,5,,2,005,"WILFRED AVE","LANGNER AVE",800.00,W,N,A,-,N,,,,,,,,,,N,2,0,1,2,A,-,08,22107,,N,A,G,A,A,H,-,A,D,0,,Y,,,Y,,L,04,1,0,0,0,0,0,1,0,0,"- ","- ",38.363250732421875,-122.72821044921875,SONOMA,UNINCORPORATED,-122.72802734375,38.363254547119141
90750778,2018,2018-06-19,9360,2018-06-07,1545,021896,,4,2,9,4900,0,1,3,,1,037,SR-116,"GRATON RD",100.00,W,N,A,-,Y,,,116,,,,,,,N,2,0,1,1,A,-,08,22107,,N,F,A,A,A,H,-,A,A,0,,,Y,,Y,,C,02,1,0,0,0,0,0,0,0,1,"- ","- ",38.43701171875,-122.85800933837891,SONOMA,UNINCORPORATED,-122.85777282714844,38.437168121337891
90750793,2018,2018-06-19,9360,2018-06-10,1212,022063,,7,1,5,4908,0,1,2,,1,060,"US-101 S/B","PETALUMA BLVD NORTH",1000.00,S,N,A,-,Y,,,101,,,,,,S,Y,2,0,1,3,A,-,03,22350,,N,B,C,A,A,H,-,A,D,0,,,Y,,Y,,C,02,1,0,0,0,0,0,0,0,1,"- ","- ",38.269901275634766,-122.6673583984375,SONOMA,PETALUMA,-122.6673583984375,38.269905090332031
90751386,2018,2018-06-19,9360,2018-01-06,1628,019703,,6,2,6,4905,0,1,2,,2,030,"US-101 SOUTHBOUND","MENDOCINO AVE OVERPASS",550.00,N,N,B,-,Y,,,101,,,,,,S,Y,1,1,0,1,A,-,08,22107,,N,E,I,A,A,H,-,A,D,0,,,,,Y,,A,01,0,0,0,0,0,0,0,0,0,"- ","- ",38.475090026855469,-122.73171234130859,SONOMA,"SANTA ROSA",-122.7314453125,38.475196838378906
90751935,2018,2018-06-20,9350,2018-06-18,0808,016533,,1,1,9,4900,0,1,3,,2,237,"SR-37 W/B","NOBLE RD.",53.00,E,N,B,-,Y,,,37,,,,,,W,Y,2,0,1,2,A,-,06,21755,,N,B,C,A,A,H,-,A,D,0,,,Y,Y,Y,,C,02,1,0,0,0,0,0,0,0,1,"- ","- ",38.154888153076172,-122.42218017578125,SONOMA,UNINCORPORATED,-122.42217254638672,38.154834747314453
90754970,2018,2018-06-25,9360,2018-06-06,1405,013440,,3,2,6,4905,0,1,3,,1,051,"SR-12 E/B TO US-101 S/B","SR-12 O/C",400.00,S,N,A,-,Y,,,12,,,,R,,E,N,2,0,1,1,A,-,03,22350,,N,F,A,A,A,H,-,A,D,0,,,Y,,Y,,C,02,1,0,0,0,0,0,0,0,1,"- ","- ",38.430099487304688,-122.71543121337891,SONOMA,"SANTA ROSA",-122.71543121337891,38.430099487304688
90756416,2018,2018-06-26,9360,2018-06-18,2230,018881,,1,3,9,4900,0,1,3,,1,063,"SALMON CREEK ROAD","BODEGA HIGHWAY",2640.00,N,N,B,-,N,,,,,,,,,,N,2,0,1,1,A,-,08,22107,,N,E,I,A,A,H,-,D,D,0,,,Y,,Y,,C,02,1,0,0,0,0,0,0,0,1,"- ","- ",38.349140167236328,-122.98036193847656,SONOMA,UNINCORPORATED,-122.98033142089844,38.350032806396484
90762160,2018,2018-07-03,9325,2018-06-23,1955,021421,,6,2,9,4900,0,1,3,,1,063,SR-12,"ARNOLD DR",1056.00,E,N,A,-,Y,,,12,,,,,,,Y,2,0,1,3,A,-,01,23152,A,N,A,C,A,A,H,-,A,D,0,,,,,Y,Y,A,01,1,0,0,0,0,0,0,0,0,"- ","- ",38.369239807128906,-122.51473236083984,SONOMA,UNINCORPORATED,-122.51473236083984,38.369239807128906
90769486,2018,2018-07-16,9360,2018-06-29,2235,022071,,5,3,9,4900,0,2,4,,1,024,"MARK WEST SPRINGS RD","RIEBLI RD",0.00,,Y,A,-,N,,,,,,,,,,Y,2,0,1,1,A,-,08,22107,,N,F,A,A,A,H,-,D,D,0,,,Y,,Y,,C,02,1,0,0,0,0,0,0,0,1,"- ","- ",38.507770538330078,-122.71967315673828,SONOMA,UNINCORPORATED,-122.719908,38.507686999999997
90771518,2018,2018-07-18,9360,2018-07-08,2005,021904,,7,2,9,4900,0,3,5,,2,003,"WESTSIDE ROAD","MOUNT JACKSON RESORT RD",400.00,W,N,A,-,N,,,,,,,,,,Y,2,0,1,1,A,-,08,22107,,N,E,I,A,A,H,-,B,D,0,,,,,Y,,A,01,1,0,0,0,0,0,0,0,0,"- ","- ",38.509319305419922,-122.90902709960938,SONOMA,UNINCORPORATED,-122.90623474121094,38.507946014404297
90774045,2018,2018-07-23,9360,2018-07-14,1955,021904,,6,2,9,4900,0,3,5,,2,005,"LLANO ROAD","LUDWIG AVE",0.00,,Y,A,-,N,,,,,,,,,,Y,2,0,2,2,A,-,01,23152,A,N,D,C,A,A,H,-,A,A,0,,,,,Y,Y,D,22,2,0,0,0,0,0,0,0,0,"- ","- ",38.397171020507812,-122.78273773193359,SONOMA,UNINCORPORATED,-122.78270721435547,38.397140502929688
90775090,2018,2018-07-24,9325,2018-07-16,1545,017478,,1,2,9,4900,0,1,3,,1,053,"SR-116 W/B","OLD ADOBE RD",3696.00,E,N,A,-,N,,,116,,,,,,W,Y,2,0,2,2,A,-,08,22107,,N,A,C,A,A,H,-,A,D,0,,,,,Y,,D,22,2,0,0,0,0,0,0,0,0,"- ","- ",38.236888885498047,-122.51258850097656,SONOMA,UNINCORPORATED,-122.51259613037109,38.236831665039062
90776965,2018,2018-07-26,9350,2018-07-17,1413,019000,,2,2,9,4900,0,1,3,,2,137,"SR-37 E/B","LAKEVILLE HWY",4224.00,E,N,A,-,Y,,,37,,,,,,E,Y,2,0,1,2,A,-,03,22350,,N,C,C,A,A,H,-,A,D,0,,,,Y,Y,,A,01,1,0,0,0,0,0,0,0,0,"- ","- ",38.141448974609375,-122.46395111083984,SONOMA,UNINCORPORATED,-122.46395111083984,38.141452789306641
9078061,2020,2020-10-02,4906,2020-03-04,1430,445,4906,3,5,2,4906,0,0,0,,0,,"N MAIN ST","RT 12",0.00,,Y,A,-,Y,SON,4,116,-,R,26.690,H,-,E,N,2,0,1,2,A,-,09,21804,A,N,-,G,A,A,H,-,A,A,0,,Y,,,Y,,A,01,1,0,0,0,0,0,1,0,0,"- ","- ",38.402339935302734,-122.82457733154297,SONOMA,SEBASTOPOL,-122.82450866699219,38.402610778808594
90782311,2018,2018-08-22,9360,2018-07-13,0001,022063,,5,3,6,4905,0,1,2,,2,040,"US-101 S/B","STEEL LN",74.00,S,N,B,-,Y,,,101,,,,,,S,Y,2,0,1,2,A,-,07,21658,A,F,D,C,A,A,H,-,C,D,0,,,Y,,Y,,A,01,1,0,0,0,0,0,0,0,1,"- ","- ",38.459300994873047,-122.72637176513672,SONOMA,"SANTA ROSA",-122.726318359375,38.459304809570312
90787082,2018,2018-08-08,9350,2018-07-29,1913,021418,,7,2,9,4900,0,1,3,,2,237,"SR-37 WB","NOBLE ROAD",185.00,W,N,A,-,Y,,,37,,,,,,W,Y,2,0,3,3,A,-,03,22350,,N,C,C,A,A,H,-,A,D,0,,,,,Y,,A,01,1,0,2,0,0,0,0,0,0,"- ","- ",38.154819488525391,-122.4227294921875,SONOMA,UNINCORPORATED,-122.4227294921875,38.154781341552734
90788540,2018,2018-08-10,9360,2018-07-29,1356,020803,,7,1,9,4900,0,1,3,,1,063,SR-1,"BEAN AVENUE",575.00,N,N,A,-,Y,,,1,,,,,,,Y,2,0,2,4,A,-,03,22350,,N,C,C,A,A,H,-,A,D,0,,,Y,,Y,,C,02,1,1,0,0,0,0,0,0,2,"- ","- ",38.352909088134766,-123.06215667724609,SONOMA,UNINCORPORATED,-123.06215667724609,38.352916717529297
90788991,2018,2018-08-13,9360,2018-07-27,0255,021614,,5,3,9,4900,0,2,4,,1,044,"OLD ADOBE RD","TUNZI LN",1056.00,W,N,B,-,N,,,,,,,,,,Y,2,0,1,1,A,-,01,23152,A,N,E,I,A,A,H,-,C,D,0,,,,,Y,Y,A,01,1,0,0,0,0,0,0,0,0,"- ","- ",38.246799468994141,-122.54820251464844,SONOMA,UNINCORPORATED,-122.54839324951172,38.246974945068359
90794162,2018,2018-08-20,9360,2018-08-03,1635,018196,,5,2,9,4900,0,1,3,,1,021,SR-128,"MOODY LN",1584.00,E,N,A,-,Y,,,128,,,,,,,Y,2,0,1,1,A,-,08,22107,,N,E,I,A,A,H,-,A,D,0,,,Y,,Y,,C,02,1,0,0,0,0,0,0,0,1,"- ","- ",38.712459564208984,-122.88735961914062,SONOMA,UNINCORPORATED,-122.88735961914062,38.712528228759766
90794519,2018,2018-08-21,9360,2018-08-10,1405,020731,,5,2,9,4900,0,2,4,,1,024,"PORTER CREEK RD","CALISTOGA RD",2640.00,W,N,A,-,N,,,,,,,,,,Y,2,0,1,2,A,-,08,22107,,N,E,J,A,A,H,-,A,D,0,,,,,Y,,A,01,1,0,0,0,0,0,0,0,0,"- ","- ",38.554241180419922,-122.66647338867188,SONOMA,UNINCORPORATED,-122.65842437744141,38.554233551025391
90798420,2018,2018-08-27,9360,2018-08-10,1250,020613,,5,1,9,4900,0,1,3,,1,013,SR-116,"8471 SR-116",197.00,E,N,A,-,Y,,,116,,,,,,,Y,2,0,1,1,A,-,03,22350,,N,E,I,A,A,H,-,A,D,0,,,,,Y,,D,22,1,0,0,0,0,0,0,0,0,"- ","- ",38.476409912109375,-122.92333984375,SONOMA,UNINCORPORATED,-122.92333221435547,38.476535797119141
90798982,2018,2018-08-27,9360,2018-08-18,1215,020803,,6,1,9,4900,0,3,5,,2,006,"STEWARTS POINT-SKAGGS SPRINGS RD","OLD SKAGGS SPRINGS RD",6150.00,W,N,A,-,N,,,,,,,,,,Y,2,0,1,1,A,-,08,22107,,N,E,I,A,A,H,-,A,D,0,,,Y,,Y,,C,02,1,0,0,0,0,0,0,0,1,"- ","- ",38.676380157470703,-123.13230133056641,SONOMA,UNINCORPORATED,-123.12678527832031,38.678520202636719