CASE_ID,ACCIDENT_YEAR,PROC_DATE,JURIS,COLLISION_DATE,COLLISION_TIME,OFFICER_ID,REPORTING_DISTRICT,DAY_OF_WEEK,CHP_SHIFT,POPULATION,CNTY_CITY_LOC,SPECIAL_COND,BEAT_TYPE,CHP_BEAT_TYPE,CITY_DIVISION_LAPD,CHP_BEAT_CLASS,BEAT_NUMBER,PRIMARY_RD,SECONDARY_RD,DISTANCE,DIRECTION,INTERSECTION,WEATHER_1,WEATHER_2,STATE_HWY_IND,CALTRANS_COUNTY,CALTRANS_DISTRICT,STATE_ROUTE,ROUTE_SUFFIX,POSTMILE_PREFIX,POSTMILE,LOCATION_TYPE,RAMP_INTERSECTION,SIDE_OF_HWY,TOW_AWAY,COLLISION_SEVERITY,NUMBER_KILLED,NUMBER_INJURED,PARTY_COUNT,PRIMARY_COLL_FACTOR,PCF_CODE_OF_VIOL,PCF_VIOL_CATEGORY,PCF_VIOLATION,PCF_VIOL_SUBSECTION,HIT_AND_RUN,TYPE_OF_COLLISION,MVIW,PED_ACTION,ROAD_SURFACE,ROAD_COND_1,ROAD_COND_2,LIGHTING,CONTROL_DEVICE,CHP_ROAD_TYPE,PEDESTRIAN_ACCIDENT,BICYCLE_ACCIDENT,MOTORCYCLE_ACCIDENT,TRUCK_ACCIDENT,NOT_PRIVATE_PROPERTY,ALCOHOL_INVOLVED,STWD_VEHTYPE_AT_FAULT,CHP_VEHTYPE_AT_FAULT,COUNT_SEVERE_INJ,COUNT_VISIBLE_INJ,COUNT_COMPLAINT_PAIN,COUNT_PED_KILLED,COUNT_PED_INJURED,COUNT_BICYCLIST_KILLED,COUNT_BICYCLIST_INJURED,COUNT_MC_KILLED,COUNT_MC_INJURED,PRIMARY_RAMP,SECONDARY_RAMP,LATITUDE,LONGITUDE,COUNTY,CITY,POINT_X,POINT_Y
90803234,2018,2018-08-31,9360,2018-08-23,0409,020740,,4,3,6,4905,0,3,5,,2,005,"LLANO ROAD","TODD ROAD",3000.00,N,N,A,-,N,,,,,,,,,,Y,2,0,1,1,A,-,01,23152,F,N,E,I,A,A,H,-,D,D,0,,,,,Y,,A,01,1,0,0,0,0,0,0,0,0,"- ","- ",38.392169952392578,-122.77665710449219,SONOMA,"SANTA ROSA",-122.77652740478516,38.392066955566406
90805942,2018,2018-09-05,9360,2018-08-28,1545,016045,,2,2,9,4900,0,1,2,,2,050,"U.S.-101 N/B","ROHNERT PARK EXP O/C",528.00,S,N,A,-,Y,,,,,,,,,,Y,2,0,1,2,A,-,07,21658,A,N,D,C,A,A,H,-,A,D,0,,,,,Y,,A,01,1,0,0,0,0,0,0,0,0,"- ","- ",38.34674072265625,-122.71298217773438,SONOMA,UNINCORPORATED,-122.71298217773438,38.348339080810547
90820656,2018,2018-09-25,9350,2018-09-10,1220,022066,,1,1,9,4900,0,1,3,,2,237,"SR-37 W/B",SR-121,3696.00,E,N,A,-,Y,,,37,,,,,,W,Y,2,0,2,1,A,-,08,22107,,N,F,J,A,A,H,-,A,D,0,,,,,Y,,M,47,1,1,0,0,0,0,0,0,0,"- ","- ",38.153511047363281,-122.43534851074219,SONOMA,UNINCORPORATED,-122.43535614013672,38.153556823730469
90821913,2018,2018-10-15,9360,2018-05-02,1720,015434,,3,2,9,4900,0,1,3,,1,041,"STATE ROUTE 12","FREY RD.",782.00,W,N,A,-,Y,,,12,,,,,,,Y,1,1,1,2,A,-,01,23152,F,N,A,C,A,A,H,-,A,D,0,,,,,Y,,A,07,1,0,0,0,0,0,0,0,0,"- ","- ",38.431720733642578,-122.56938934326172,SONOMA,UNINCORPORATED,-122.56938171386719,38.431735992431641
90824272,2018,2018-09-28,9360,2018-09-19,0800,013440,,3,1,9,4900,0,3,5,,2,003,"HALL RD","PARK ROYAL AVE",0.00,,Y,A,-,N,,,,,,,,,,Y,2,0,2,2,A,-,09,21801,A,N,A,C,A,A,H,-,A,D,0,,,,,Y,,A,07,1,0,1,0,0,0,0,0,0,"- ","- ",38.438011169433594,-122.78118896484375,SONOMA,UNINCORPORATED,-122.78118896484375,38.437999725341797
90828622,2018,2018-10-04,9360,2018-06-28,1222,019218,,4,1,9,4900,0,2,4,,1,046,"BENNETT VALLEY RD","GRANGE RD",1830.00,E,N,A,-,N,,,,,,,,,,Y,1,1,0,2,A,-,08,22100,B,N,D,C,A,A,H,-,A,D,0,,,Y,,Y,,D,22,0,0,0,0,0,0,0,1,0,"- ","- ",38.397701263427734,-122.63092041015625,SONOMA,UNINCORPORATED,-122.630859375,38.397724151611328
90831163,2018,2020-02-24,9360,2018-09-29,1305,020092,,6,1,9,4900,0,1,3,,1,053,"SR-116 W/B","BLANK RD",343.00,W,N,A,-,Y,,,116,,,,,,W,Y,1,1,3,2,A,-,05,21460,A,N,D,C,A,B,H,-,A,D,0,,,,Y,Y,,F,25,0,0,3,0,0,0,0,0,0,"- ","- ",38.346389770507812,-122.76003265380859,SONOMA,UNINCORPORATED,-122.76006317138672,38.346355438232422
90833010,2018,2018-10-10,9360,2018-10-01,1732,022063,,1,2,9,4900,0,3,5,,2,005,"D ST","WINDSOR DR",5016.00,W,N,B,C,N,,,,,,,,,,Y,2,0,2,3,A,-,01,23152,A,N,D,C,A,B,H,-,A,D,0,,,,,Y,Y,D,22,2,0,0,0,0,0,0,0,0,"- ","- ",38.208240509033203,-122.64595031738281,SONOMA,UNINCORPORATED,-122.64628601074219,38.208473205566406
90837726,2018,2018-10-17,9360,2018-10-10,1908,018828,,3,2,9,4900,0,2,4,,1,046,"CRANE CANYON ROAD","PETALUMA HILL ROAD",8976.00,E,N,A,-,N,,,,,,,,,,Y,2,0,1,1,A,-,03,22350,,N,E,I,A,A,H,-,D,D,0,,,,,Y,,A,01,1,0,0,0,0,0,0,0,0,"- ","- ",38.371490478515625,-122.63893127441406,SONOMA,UNINCORPORATED,-122.63935089111328,38.371356964111328
9084041,2020,2020-07-09,4900,2020-03-10,0735,SD1496,11101,2,5,3,4980,0,0,0,,0,0W1,"SHILOH RD","DAY RD",0.00,,Y,A,-,N,,,,,,,,,,Y,2,0,2,3,A,-,03,22350,,N,C,C,A,A,H,-,A,D,0,,,,,Y,,D,22,1,1,0,0,0,0,0,0,0,"- ","- ",,,SONOMA,WINDSOR,-122.80744934082031,38.525650024414062
90843124,2018,2018-10-24,9360,2018-06-13,0840,018881,,3,1,9,4900,0,1,3,,1,061,SR-1,"LA PORTE DRIVE",4752.00,N,N,A,-,Y,,,1,,,,,,,Y,1,1,1,1,A,-,08,22107,,N,E,I,A,A,H,-,A,D,0,,,,,Y,,A,01,1,0,0,0,0,0,0,0,0,"- ","- ",38.454559326171875,-123.13298034667969,SONOMA,UNINCORPORATED,-123.13291168212891,38.454593658447266
90843169,2018,2018-10-24,9360,2018-10-15,1150,020803,,1,1,9,4900,0,1,3,,1,061,SR-1,"LEEWARD SPUR",860.00,N,N,A,-,Y,,,1,,,,,,,N,2,0,1,2,A,-,03,22350,,N,C,G,A,A,H,-,A,D,0,,Y,,,Y,,-,99,1,0,0,0,0,0,1,0,0,"- ","- ",38.738540649414062,-123.48787689208984,SONOMA,UNINCORPORATED,-123.48786926269531,38.738559722900391
90848875,2018,2019-05-22,9360,2018-05-04,1630,020386,,5,2,9,4900,0,2,4,,1,054,"VALLEY FORD RD","WALKER RD",2112.00,E,N,A,-,N,,,,,,,,,,Y,1,1,4,2,A,-,01,23152,F,N,D,C,A,A,H,-,A,D,0,,,,,Y,,A,01,3,1,0,0,0,0,0,0,0,"- ","- ",38.283409118652344,-122.80062866210938,SONOMA,UNINCORPORATED,-122.80043792724609,38.281917572021484
90848957,2018,2018-10-30,9360,2018-07-05,0443,016524,,4,3,9,4900,0,2,4,,1,052,"STONY POINT ROAD","MILLBRAE AVE",195.00,N,N,F,-,N,,,,,,,,,,N,2,0,1,2,A,-,03,22350,,F,G,B,E,A,H,-,D,D,0,Y,,,,Y,,A,01,1,0,0,0,1,0,0,0,0,"- ","- ",38.371990203857422,-122.74137878417969,SONOMA,UNINCORPORATED,-122.74139404296875,38.370037078857422
90850855,2018,2018-11-01,9360,2018-10-27,1815,018828,,6,2,9,4900,0,3,5,,2,004,"ELYSIAN AVE","WESTGATE LN",280.00,E,N,A,-,N,,,,,,,,,,Y,2,0,1,1,A,-,01,23152,A,N,E,I,A,A,H,-,B,D,0,,,,,Y,Y,A,01,1,0,0,0,0,0,0,0,0,"- ","- ",38.290889739990234,-122.67906951904297,SONOMA,UNINCORPORATED,-122.67913818359375,38.290946960449219
90852735,2018,2018-11-05,9325,2018-10-21,1630,021421,,7,2,9,4900,0,2,4,,1,055,"NAPA RD","1345 NAPA RD",100.00,W,N,A,-,N,,,,,,,,,,Y,2,0,2,2,C,-,18,,,N,C,C,A,A,H,-,A,D,0,,,,,Y,,-,"- ",2,0,0,0,0,0,0,0,0,"- ","- ",38.272228240966797,-122.43396759033203,SONOMA,UNINCORPORATED,,
90853184,2018,2018-11-05,9360,2018-10-28,1330,019794,,7,1,9,4900,0,2,4,,1,012,"DRY CREEK ROAD","NORRIS RD",1584.00,N,N,A,-,N,,,,,,,,,,Y,2,0,1,1,A,-,03,22350,,N,F,I,A,A,H,-,A,D,0,,,Y,,Y,,C,02,1,0,0,0,0,0,0,0,1,"- ","- ",38.670978546142578,-122.93447113037109,SONOMA,UNINCORPORATED,-122.93385314941406,38.670246124267578
90856384,2018,2018-11-08,9360,2018-11-07,1338,015187,,3,1,9,4900,0,2,4,,1,022,"OLD REDWOOD HWY","LIMERICK LN",164.00,S,N,A,-,N,,,,,,,,,,N,2,0,1,1,A,-,08,22107,,N,F,A,A,A,H,-,A,D,0,,Y,,,Y,,L,04,1,0,0,0,0,0,1,0,0,"- ","- ",38.587471008300781,-122.84893798828125,SONOMA,UNINCORPORATED,-122.84905242919922,38.587726593017578
90856953,2018,2018-11-09,9360,2018-11-04,2240,015434,,7,3,9,4900,0,2,4,,1,042,"PETALUMA HILL RD","WINTERHAVEN AV.",528.00,S,N,A,-,N,,,,,,,,,,Y,2,0,1,2,A,-,11,21956,,N,G,B,E,A,H,-,D,D,0,Y,,,,Y,,N,60,1,0,0,0,1,0,0,0,0,"- ","- ",38.407661437988281,-122.70117950439453,SONOMA,UNINCORPORATED,-122.70416259765625,38.409160614013672
90857022,2018,2018-11-09,9360,2018-05-19,0555,019794,,6,3,9,4900,0,1,3,,1,061,SR-1,"WOODSIDE CAMPGROUND RD",1495.00,S,N,A,-,Y,,,1,,,,,,,Y,1,1,0,1,A,-,08,22107,,N,E,I,A,A,H,-,D,D,0,,,,,Y,,-,54,0,0,0,0,0,0,0,0,0,"- ","- ",38.565479278564453,-123.319091796875,SONOMA,UNINCORPORATED,-123.319091796875,38.565479278564453
90857586,2018,2018-11-09,9360,2018-11-04,1920,021815,,7,2,9,4900,0,1,2,,1,060,"US-101 S/B","KASTANIA RD",126.00,S,N,A,-,Y,,,101,,,,,,S,Y,2,0,1,3,A,-,01,23152,A,N,C,C,A,A,H,-,D,A,0,,,,,Y,Y,A,01,1,0,0,0,0,0,0,0,0,"- ","- ",38.220401763916016,-122.60723114013672,SONOMA,UNINCORPORATED,-122.60719299316406,38.220455169677734
90860502,2018,2018-11-15,9360,2018-11-05,1045,013911,,1,1,9,4900,0,2,4,,1,012,"DRY CREEK RD.","DUTCHER CREEK RD.",2640.00,N,N,A,-,N,,,,,,,,,,N,2,0,2,3,C,-,18,,,N,C,G,A,A,H,-,A,D,0,,Y,,,Y,,-,"- ",1,1,0,0,0,0,2,0,0,"- ","- ",38.720310211181641,-122.99221801757812,SONOMA,UNINCORPORATED,-122.98365020751953,38.716167449951172
90863036,2018,2018-11-19,9360,2018-11-14,0355,015434,,3,3,9,4900,0,1,2,,2,050,"US 101 NORTHBOUND","RAILROAD AVE",1056.00,N,N,A,-,Y,,,,,,,,,,Y,2,0,1,2,C,-,18,,,N,D,E,A,A,H,-,D,D,0,,,,Y,Y,,-,"- ",1,0,0,0,0,0,0,0,0,"- ","- ",,,SONOMA,UNINCORPORATED,-122.710205078125,38.306186676025391
90865809,2018,2018-11-23,9360,2018-11-15,1751,022063,,4,2,3,4980,0,1,2,,2,030,"US-101 N/B","OLD REDWOOD HWY",3168.00,S,N,B,-,Y,,,101,,,,,,N,Y,2,0,2,2,A,-,03,22350,,N,C,C,A,A,H,-,C,D,0,,,,,Y,,A,01,1,1,0,0,0,0,0,0,0,"- ","- ",38.539020538330078,-122.80201721191406,SONOMA,WINDSOR,-122.80204010009766,38.53900146484375
90873260,2018,2018-12-03,9360,2018-11-23,0305,020740,,5,3,6,4905,0,3,5,,2,004,"SANTA ROSA AVENUE","EAST ROBLES ROAD",100.00,N,N,C,-,N,,,,,,,,,,Y,2,0,1,2,A,-,01,23152,A,N,E,I,A,B,H,-,C,D,0,,,,,Y,Y,A,01,1,0,0,0,0,0,0,0,0,"- ","- ",38.394390106201172,-122.71369171142578,SONOMA,"SANTA ROSA",-122.71354675292969,38.394676208496094
90875526,2018,2018-12-05,9325,2018-11-30,2325,019067,,5,3,9,4900,0,3,5,,2,005,"LEVERONI ROAD","ARNOLD DRIVE",0.00,,Y,A,-,N,,,,,,,,,,Y,2,0,1,1,A,-,12,21453,A,N,E,I,A,A,H,-,C,A,0,,,,,Y,Y,A,07,1,0,0,0,0,0,0,0,0,"- ","- ",38.272289276123047,-122.49134826660156,SONOMA,UNINCORPORATED,-122.49124908447266,38.272281646728516
90885309,2018,2018-12-18,9360,2018-11-29,1550,022062,,4,2,9,4900,0,1,3,,1,061,SR-1,"FORT ROSS ROAD",3168.00,S,N,B,-,Y,,,1,,,,,,,Y,2,0,4,2,A,-,01,23152,A,N,B,C,A,B,H,-,A,D,0,,,,,Y,Y,A,01,1,1,2,0,0,0,0,0,0,"- ","- ",38.515640258789062,-123.24102783203125,SONOMA,UNINCORPORATED,-123.24100494384766,38.515644073486328
90888416,2018,2018-12-24,9325,2018-12-16,1725,021333,,7,2,9,4900,0,3,5,,2,005,"LEVERONI RD","ARNOLD DR",528.00,E,N,C,-,N,,,,,,,,,,Y,2,0,2,1,A,-,03,22350,,N,E,I,A,B,H,-,D,D,0,,,,,Y,,D,22,1,1,0,0,0,0,0,0,0,"- ","- ",38.272289276123047,-122.48845672607422,SONOMA,UNINCORPORATED,-122.48947906494141,38.272148132324219
90898563,2018,2019-01-07,9325,2018-12-21,0807,019074,,5,1,9,4900,0,2,4,,1,064,"ARNOLD DR","GROVE ST",140.00,S,N,C,-,N,,,,,,,,,,Y,2,0,2,2,A,-,08,22102,,N,D,C,A,B,H,-,A,D,0,,,,,Y,,A,01,1,0,1,0,0,0,0,0,0,"- ","- ",38.297481536865234,-122.49118041992188,SONOMA,UNINCORPORATED,-122.49122619628906,38.297565460205078
90898798,2018,2019-01-07,9360,2018-07-29,2322,020853,,7,3,2,4901,0,1,2,,1,010,"US-101 SOUTHBOUND","CLOVERDALE BLVD O/C",739.00,S,N,A,-,Y,,,101,,,,,,S,Y,1,1,0,2,A,-,11,21954,A,N,G,B,D,A,H,-,D,D,0,Y,,,,Y,,N,60,0,0,0,1,0,0,0,0,0,"- ","- ",38.780658721923828,-123.00821685791016,SONOMA,CLOVERDALE,-123.00819396972656,38.780677795410156
90900091,2018,2019-01-08,9360,2018-10-02,1650,019218,,2,2,9,4900,0,3,5,,2,005,"D STREET EXTENSION","SAN ANTONIO RD",10560.00,N,N,A,-,N,,,,,,,,,,Y,1,2,0,1,A,-,08,22107,,N,E,I,A,A,H,-,A,D,0,,,,,Y,,A,01,0,0,0,0,0,0,0,0,0,"- ","- ",38.206428527832031,-122.64425659179688,SONOMA,UNINCORPORATED,-122.64508819580078,38.207279205322266
90903446,2019,2019-01-14,9360,2019-01-04,1810,018828,,5,2,9,4900,0,2,4,,1,032,"RIVER ROAD","SLUSSER RD",415.00,E,N,A,-,N,,,,,,,,,,Y,2,0,3,2,A,-,09,21801,A,N,D,C,A,A,H,-,D,D,0,,,,,Y,,A,01,1,0,2,0,0,0,0,0,0,"- ","- ",38.483371734619141,-122.82411193847656,SONOMA,UNINCORPORATED,-122.82414245605469,38.483367919921875
90903983,2019,2019-03-25,9360,2019-01-08,2210,021437,,2,3,9,4900,0,2,4,,1,032,"RIVER RD","WOOLSEY RD",1220.00,W,N,C,-,N,,,,,,,,,,Y,2,0,3,1,A,-,01,23152,A,N,E,I,A,B,H,-,D,D,0,,,,,Y,Y,A,07,3,0,0,0,0,0,0,0,0,"- ","- ",38.491649627685547,-122.79138946533203,SONOMA,UNINCORPORATED,-122.79138946533203,38.491703033447266
90906453,2019,2019-01-17,9360,2019-01-08,2106,018828,,2,2,9,4900,0,3,5,,2,002,"FAUGHT ROAD","SHILOH ROAD",1056.00,N,N,B,C,N,,,,,,,,,,Y,2,0,2,1,A,-,08,22107,,N,E,I,A,B,H,-,D,D,0,,,,,Y,,A,01,1,0,1,0,0,0,0,0,0,"- ","- ",38.528640747070312,-122.76512908935547,SONOMA,UNINCORPORATED,-122.76512908935547,38.5286865234375
90915448,2018,2019-01-30,9360,2018-10-07,1024,020285,,7,1,9,4900,0,2,4,,1,054,"BODEGA AVE","MIDDLE TWO ROCK RD",1320.00,E,N,A,-,N,,,,,,,,,,Y,1,2,0,2,A,-,05,21460,A,N,A,C,A,A,H,-,A,D,0,,,,,Y,,A,08,0,0,0,0,0,0,0,0,0,"- ","- ",38.23992919921875,-122.67533111572266,SONOMA,UNINCORPORATED,-122.74697113037109,38.262950897216797
90919237,2018,2019-04-05,9360,2018-10-30,1745,021456,,2,2,9,4900,0,2,4,,1,022,"OLD REDWOOD HIGHWAY","SARGENT RD",1056.00,N,N,A,-,N,,,,,,,,,,Y,1,1,2,2,A,-,01,23152,A,N,A,C,A,A,H,-,A,D,0,,,,,Y,Y,A,01,0,1,1,0,0,0,0,0,0,"- ","- ",38.582149505615234,-122.84578704833984,SONOMA,UNINCORPORATED,-122.846273,38.582968999999999
90919440,2018,2019-02-05,9360,2018-11-14,1005,011631,,3,1,9,4900,0,2,4,,1,047,"LAKEVILLE ROAD (6000 BLOCK)","THE SOUTH END OF OLD LAKEVILLE ROAD #2",1426.00,N,N,A,-,N,,,,,,,,,,Y,1,1,3,2,A,-,05,21460,A,N,A,C,A,A,H,-,A,D,0,,,,,Y,,A,01,1,2,0,0,0,0,0,0,0,"- ","- ",38.188678741455078,-122.54171752929688,SONOMA,UNINCORPORATED,,
90920958,2019,2019-02-07,9360,2019-01-31,1650,019083,,4,2,9,4900,0,1,3,,1,063,SR-1,"BODEGA HWY",2640.00,N,N,B,-,Y,,,1,,,,,,,Y,2,0,1,1,A,-,08,22107,,N,E,I,A,B,H,-,A,D,0,,,,,Y,,A,01,1,0,0,0,0,0,0,0,0,"- ","- ",38.331718444824219,-122.99488830566406,SONOMA,UNINCORPORATED,-122.99493408203125,38.331741333007812
90923219,2019,2019-02-11,9360,2019-02-03,0415,020853,,7,3,9,4900,0,2,4,,1,054,"VALLEY FORD RD","WALKER RD",300.00,E,N,C,-,N,,,,,,,,,,Y,2,0,1,1,A,-,01,23152,A,N,E,I,A,B,H,-,C,D,0,,,,,Y,Y,D,22,1,0,0,0,0,0,0,0,0,"- ","- ",38.287609100341797,-122.80104827880859,SONOMA,UNINCORPORATED,-122.80081176757812,38.286865234375
90927442,2019,2019-02-15,9360,2019-02-11,2050,018828,,1,2,9,4900,0,2,4,,1,024,"PORTER CREEK ROAD","POSTWOOD LANE",6864.00,E,N,B,-,N,,,,,,,,,,Y,2,0,1,1,A,-,08,22107,,N,E,I,A,B,H,-,D,D,0,,,,,Y,,A,01,1,0,0,0,0,0,0,0,0,"- ","- ",38.554290771484375,-122.66639709472656,SONOMA,UNINCORPORATED,-122.66423797607422,38.555183410644531
90935880,2019,2019-02-28,9360,2019-02-25,2245,015434,,1,3,6,4905,0,1,2,,2,040,"US 101 N/B","STEELE LANE",521.00,S,N,C,-,Y,,,,,,,,,,Y,2,0,1,1,A,-,01,23152,A,N,E,I,A,B,H,-,D,D,0,,,,,Y,Y,A,01,1,0,0,0,0,0,0,0,0,"- ","- ",38.458370208740234,-122.72585296630859,SONOMA,"SANTA ROSA",-122.72605895996094,38.458572387695312
90938363,2019,2019-03-06,9360,2019-02-20,1930,019083,,3,2,9,4900,0,1,3,,1,061,SR-1,"REEF CAMPGROUND",1584.00,S,N,A,-,Y,,,1,,,,,,,Y,2,0,1,1,A,-,08,22107,,N,E,I,A,A,H,-,D,D,0,,,,,Y,,A,01,1,0,0,0,0,0,0,0,0,"- ","- ",38.504180908203125,-123.22068786621094,SONOMA,UNINCORPORATED,-123.220703125,38.504158020019531
90943485,2019,2019-03-11,9360,2019-03-03,0215,020740,,7,3,6,4905,0,1,2,,2,040,"US-101 SOUTHBOUND","TODD ROAD",1100.00,N,N,B,-,Y,,,,,,,,,,Y,2,0,1,1,A,-,01,23152,A,N,E,I,A,A,H,-,C,D,0,,,,,Y,Y,A,01,1,0,0,0,0,0,0,0,0,"- ","- ",38.390041351318359,-122.71630096435547,SONOMA,"SANTA ROSA",-122.71627807617188,38.3892822265625
90955343,2019,2019-03-28,9360,2019-03-26,0455,015434,,2,3,9,4900,0,1,3,,1,041,"STATE ROUTE 12","HOFF RD",528.00,E,N,B,-,Y,,,12,,,,,,,Y,2,0,2,2,A,-,05,21460,A,N,A,C,A,B,H,-,D,D,0,,,,,Y,,D,23,2,0,0,0,0,0,0,0,0,"- ","- ",38.426979064941406,-122.5589599609375,SONOMA,UNINCORPORATED,-122.55893707275391,38.427005767822266
90955364,2019,2019-03-28,9360,2019-03-22,2030,020839,,5,2,2,4902,0,1,2,,2,050,"US-101 N/B","GRAVENSTEIN HWY",2500.00,S,N,C,-,Y,,,101,,,,,,N,Y,2,0,1,1,A,-,08,22107,,N,E,I,A,B,H,-,D,D,0,,,,,Y,,D,22,1,0,0,0,0,0,0,0,0,"- ","- ",38.323509216308594,-122.71288299560547,SONOMA,COTATI,-122.71298980712891,38.323532104492188
90958312,2019,2019-04-01,9360,2019-03-24,1240,020092,,7,1,9,4900,0,1,2,,2,050,"US-101 S/B","WEST SIERRA AVE",2640.00,S,N,A,-,Y,,,,,,,,,,Y,2,0,1,1,A,-,01,23152,F,N,E,I,A,A,H,-,A,D,0,,,,,Y,,A,01,1,0,0,0,0,0,0,0,0,"- ","- ",,,SONOMA,UNINCORPORATED,-122.7152099609375,38.314201354980469
90960102,2018,2019-04-03,9360,2018-12-24,0000,021354,,1,3,9,4900,0,1,3,,1,063,"SR-1 (COAST HIGHWAY)","COLEMAN VALLEY RD",1584.00,S,N,B,-,Y,,,1,,,,,,,Y,1,1,0,1,A,-,08,22107,,N,E,I,A,B,H,-,D,D,0,,,,,Y,,D,22,0,0,0,0,0,0,0,0,0,"- ","- ",38.359889984130859,-123.06835174560547,SONOMA,UNINCORPORATED,-123.06806182861328,38.359951019287109
90960137,2018,2019-04-05,9360,2018-11-13,2116,021896,,2,2,9,4900,0,1,2,,2,020,"US-101 N/B","GEYSERVILLE AVE",590.00,S,N,A,-,Y,,,101,,,,,,N,Y,1,1,1,6,A,-,11,21954,A,N,G,B,E,A,H,-,D,D,0,Y,,,,Y,Y,N,60,0,1,0,1,0,0,0,0,0,"- ","- ",38.688919067382812,-122.88173675537109,SONOMA,UNINCORPORATED,-122.88170623779297,38.688926696777344
90967540,2019,2019-04-15,9360,2019-04-05,1835,018196,,5,2,9,4900,0,3,5,,2,002,"RIVER ROAD","CROCKER RD",3168.00,S,N,B,-,N,,,,,,,,,,Y,2,0,1,1,A,-,01,23152,A,N,E,I,A,A,H,-,A,D,0,,,,,Y,Y,A,01,1,0,0,0,0,0,0,0,0,"- ","- ",38.806659698486328,-122.99185943603516,SONOMA,UNINCORPORATED,-122.99198150634766,38.807285308837891
90968336,2019,2019-04-16,9360,2019-03-20,2258,020740,,3,3,6,4905,0,1,2,,2,030,"US-101 SOUTHBOUND","RIVER ROAD",3600.00,S,N,A,-,Y,,,,,,,,,,Y,1,1,0,2,A,-,01,23152,G,N,C,C,A,A,H,-,D,D,0,,,,,Y,Y,A,01,0,0,0,0,0,0,0,0,0,"- ","- ",38.489528656005859,-122.7471923828125,SONOMA,"SANTA ROSA",-122.7470703125,38.489540100097656
90971008,2019,2019-04-24,9325,2019-01-16,1450,019775,,3,2,9,4900,0,1,3,,1,072,"STATE ROUTE-121","NAPA ROAD",2962.00,S,N,B,C,Y,,,121,,,,,,,Y,1,1,2,2,A,-,03,22350,,N,D,C,A,B,F,-,A,D,0,,,,,Y,,A,01,0,1,1,0,0,0,0,0,0,"- ","- ",38.252700805664062,-122.40284729003906,SONOMA,UNINCORPORATED,-122.40284729003906,38.252738952636719
90971837,2019,2019-04-22,9360,2019-04-12,0725,017693,,5,1,9,4900,0,2,4,,1,054,"BODEGA AVE","SPRING HILL ROAD",600.00,E,N,A,-,N,,,,,,,,,,Y,2,0,2,3,A,-,01,23152,F,N,C,G,A,A,H,-,A,C,0,,Y,,,Y,,A,01,2,0,0,0,0,0,2,0,0,"- ","- ",38.257728576660156,-122.77751922607422,SONOMA,UNINCORPORATED,-122.77754974365234,38.257671356201172
90971983,2019,2019-04-22,9360,2019-04-08,1055,013440,,1,1,9,4900,0,2,4,,1,032,"RIVER RD (SANTA ROSA LAGUNA BRIDGE)","TRENTON RD.",186.00,E,N,B,-,N,,,,,,,,,,Y,2,0,4,2,A,-,01,23152,F,N,A,C,A,A,H,-,A,C,0,,,,,Y,,A,01,4,0,0,0,0,0,0,0,0,"- ","- ",38.484569549560547,-122.84195709228516,SONOMA,UNINCORPORATED,-122.89881896972656,38.495380401611328
90972456,2019,2019-04-22,9360,2019-01-14,1414,022063,,1,2,9,4900,0,2,4,,1,038,"OCCIDENTAL RD","BARLOW LN",1056.00,W,N,B,-,N,,,,,,,,,,Y,1,1,1,4,A,-,03,22350,,N,D,E,E,A,H,-,A,D,0,Y,,,,Y,,A,01,0,1,0,0,1,0,0,0,0,"- ","- ",38.423561096191406,-122.86331939697266,SONOMA,UNINCORPORATED,-122.8621826171875,38.423637390136719
90972618,2019,2019-04-22,9360,2019-04-17,1455,016045,,3,2,9,4900,0,2,4,,1,043,"OLD REDWOOD HWY","ELY RD N.",20.00,N,N,A,-,N,,,,,,,,,,Y,2,0,1,2,A,-,12,22450,A,N,F,I,A,A,H,-,A,A,0,,,Y,,Y,,A,01,1,0,0,0,0,0,0,0,0,"- ","- ",38.283870697021484,-122.66751098632812,SONOMA,UNINCORPORATED,-122.66749572753906,38.283905029296875
90977963,2019,2019-04-29,9360,2019-04-23,1715,016045,,2,2,9,4900,0,1,2,,2,050,"U.S.-101 N/B","SANTA ROSA AVE. O/C",1056.00,N,N,A,-,Y,,,,,,,,,,Y,2,0,1,2,A,-,04,21703,,N,C,C,A,A,H,-,A,D,0,,,Y,,Y,,C,02,1,0,0,0,0,0,0,0,1,"- ","- ",38.379680633544922,-122.71608734130859,SONOMA,UNINCORPORATED,,