CASE_ID,ACCIDENT_YEAR,PROC_DATE,JURIS,COLLISION_DATE,COLLISION_TIME,OFFICER_ID,REPORTING_DISTRICT,DAY_OF_WEEK,CHP_SHIFT,POPULATION,CNTY_CITY_LOC,SPECIAL_COND,BEAT_TYPE,CHP_BEAT_TYPE,CITY_DIVISION_LAPD,CHP_BEAT_CLASS,BEAT_NUMBER,PRIMARY_RD,SECONDARY_RD,DISTANCE,DIRECTION,INTERSECTION,WEATHER_1,WEATHER_2,STATE_HWY_IND,CALTRANS_COUNTY,CALTRANS_DISTRICT,STATE_ROUTE,ROUTE_SUFFIX,POSTMILE_PREFIX,POSTMILE,LOCATION_TYPE,RAMP_INTERSECTION,SIDE_OF_HWY,TOW_AWAY,COLLISION_SEVERITY,NUMBER_KILLED,NUMBER_INJURED,PARTY_COUNT,PRIMARY_COLL_FACTOR,PCF_CODE_OF_VIOL,PCF_VIOL_CATEGORY,PCF_VIOLATION,PCF_VIOL_SUBSECTION,HIT_AND_RUN,TYPE_OF_COLLISION,MVIW,PED_ACTION,ROAD_SURFACE,ROAD_COND_1,ROAD_COND_2,LIGHTING,CONTROL_DEVICE,CHP_ROAD_TYPE,PEDESTRIAN_ACCIDENT,BICYCLE_ACCIDENT,MOTORCYCLE_ACCIDENT,TRUCK_ACCIDENT,NOT_PRIVATE_PROPERTY,ALCOHOL_INVOLVED,STWD_VEHTYPE_AT_FAULT,CHP_VEHTYPE_AT_FAULT,COUNT_SEVERE_INJ,COUNT_VISIBLE_INJ,COUNT_COMPLAINT_PAIN,COUNT_PED_KILLED,COUNT_PED_INJURED,COUNT_BICYCLIST_KILLED,COUNT_BICYCLIST_INJURED,COUNT_MC_KILLED,COUNT_MC_INJURED,PRIMARY_RAMP,SECONDARY_RAMP,LATITUDE,LONGITUDE,COUNTY,CITY,POINT_X,POINT_Y
90978145,2019,2019-04-29,9360,2019-04-24,1705,019083,,3,2,9,4900,0,1,3,,1,061,SR-1,"FT ROSS RD",4224.00,S,N,A,-,Y,,,,,,,,,,Y,2,0,1,1,A,-,03,22350,,N,F,A,A,A,H,-,A,D,0,,,Y,,Y,,C,02,1,0,0,0,0,0,0,0,1,"- ","- ",38.316581726074219,-123.24163818359375,SONOMA,UNINCORPORATED,-123.23921203613281,38.514724731445312
90978196,2019,2019-04-29,9360,2019-04-27,1210,020092,,6,1,9,4900,0,2,4,,2,056,"STONY POINT RD","JEWETT RD",2112.00,S,N,A,-,N,,,,,,,,,,Y,2,0,1,1,A,-,08,22107,,N,E,I,A,A,H,-,A,D,0,,,,,Y,,A,08,1,0,0,0,0,0,0,0,0,"- ","- ",38.294898986816406,-122.70500183105469,SONOMA,UNINCORPORATED,-122.70374298095703,38.294132232666016
90978787,2019,2019-04-30,9325,2019-04-20,1700,021521,,6,2,9,4900,0,1,3,,1,072,SR-121,"8TH ST  E",0.00,,Y,A,-,Y,,,,,,,,,,Y,2,0,2,3,A,-,09,21801,A,N,A,C,A,A,H,-,A,D,0,,,,,Y,,A,08,1,0,1,0,0,0,0,0,0,"- ","- ",38.256008148193359,-122.43895721435547,SONOMA,UNINCORPORATED,,
90980301,2019,2019-05-02,9360,2019-04-23,1735,016045,,2,2,9,4900,0,1,2,,2,050,"U.S.-101 N/B","GOLF COURSE DR. U/C",2112.00,S,N,A,-,Y,,,,,,,,,,Y,2,0,2,3,A,-,07,21658,A,N,B,C,A,A,H,-,A,D,0,,,Y,,Y,,A,01,1,0,1,0,0,0,0,0,1,"- ","- ",38.357681274414062,-122.71299743652344,SONOMA,UNINCORPORATED,-122.71302032470703,38.357463836669922
90984414,2019,2019-05-08,9360,2019-04-26,1504,022146,,5,2,9,4900,0,1,3,,1,013,"SR-116 W/B","MONTE CRISTO AVE",416.00,E,N,A,-,Y,,,116,,,,,,W,Y,2,0,3,1,A,-,01,23152,F,N,E,I,A,A,H,-,A,D,0,,,,,Y,,A,01,3,0,0,0,0,0,0,0,0,"- ","- ",38.475379943847656,-123.01798248291016,SONOMA,UNINCORPORATED,-123.01808166503906,38.475151062011719
91002679,2019,2020-11-13,9360,2019-05-26,2500,018881,,7,4,9,4900,0,1,2,,1,010,"SKAGGS SPRINGS ROAD","ANNAPOLIS ROAD",18480.00,E,N,B,-,N,,,,,,,,,,Y,1,1,1,1,A,-,08,22107,,N,E,I,A,B,H,-,A,D,0,,,,,Y,,D,22,1,0,0,0,0,0,0,0,0,"- ","- ",37.619091033935547,-122.194091796875,SONOMA,UNINCORPORATED,-123.26976013183594,38.674842834472656
91002957,2019,2019-06-04,9360,2019-05-27,1914,021314,,1,2,9,4900,0,2,4,,2,056,"STONY POINT ROAD","WEST SIERRA AVENUE",0.00,,Y,A,-,N,,,,,,,,,,Y,2,0,1,2,A,-,09,21804,A,N,D,C,A,A,H,-,A,D,0,,,,,Y,,A,01,1,0,0,0,0,0,0,0,0,"- ","- ",38.325180053710938,-122.73568725585938,SONOMA,UNINCORPORATED,-122.7357177734375,38.325241088867188
91005531,2019,2019-06-07,9360,2019-05-31,0205,021896,,5,3,2,4902,0,1,2,,2,050,"US-101 N/B","SR-116 (GRAVENSTEIN HWY)",100.00,S,N,A,-,Y,,,101,,,,,,N,Y,2,0,1,1,A,-,08,22107,,N,E,I,A,A,H,-,C,D,0,,,Y,,Y,,C,02,1,0,0,0,0,0,0,0,1,"- ","- ",38.330829620361328,-122.71263122558594,SONOMA,COTATI,-122.71266937255859,38.330829620361328
9100615,2020,2020-06-29,4905,2020-03-26,0646,408,10609,4,5,6,4905,0,0,0,,0,009,"SANTA ROSA AV","1ST ST",3.00,S,N,A,-,N,,,,,,,,,,N,2,0,1,2,A,-,12,21453,A,N,D,G,A,A,H,-,B,A,0,,Y,Y,,Y,,L,04,1,0,0,0,0,0,1,0,0,"- ","- ",,,SONOMA,"SANTA ROSA",-122.71250915527344,38.438251495361328
91008057,2019,2019-06-11,9360,2019-05-31,1200,020803,,5,1,9,4900,0,1,3,,1,061,SR-1,"BURKE AVE",2070.00,N,N,A,-,Y,,,1,,,,,,,Y,2,0,2,2,A,-,05,21460,A,N,A,C,A,A,H,-,A,D,0,,,Y,,Y,,C,02,1,0,1,0,0,0,0,0,1,"- ","- ",38.45330810546875,-123.131103515625,SONOMA,UNINCORPORATED,-123.13109588623047,38.453311920166016
91010057,2019,2019-06-14,9325,2019-06-08,1153,019074,,6,1,9,4900,0,2,S,,2,067,"MADRONE RD","MARTY DR",175.00,E,N,A,-,N,,,,,,,,,,Y,2,0,1,2,A,-,08,22107,,N,A,E,A,A,H,-,A,D,0,,,,,Y,Y,D,22,1,0,0,0,0,0,0,0,0,"- ","- ",38.339580535888672,-122.50984191894531,SONOMA,UNINCORPORATED,-122.50991058349609,38.339626312255859
9101388,2020,2020-11-10,4904,2020-05-10,1706,359,,7,5,4,4904,0,0,0,,0,002,"REDWOOD DR","DOWDELL AV",455.00,E,N,A,-,N,,,,,,,,,,Y,2,0,1,1,A,-,03,22350,,N,E,I,A,A,H,-,A,D,0,,,Y,,Y,Y,C,06,1,0,0,0,0,0,0,0,1,"- ","- ",38.369388580322266,-122.716796875,SONOMA,"ROHNERT PARK",,
91014192,2019,2019-06-20,9360,2019-06-16,0330,021437,,7,3,9,4900,0,1,3,,1,053,SR-116,"DAYWALT RD",465.00,E,N,B,-,Y,,,116,,,,,,,Y,2,0,2,1,A,-,08,22107,,N,E,I,A,A,H,-,D,D,0,,,,,Y,,D,22,1,1,0,0,0,0,0,0,0,"- ","- ",38.351131439208984,-122.76455688476562,SONOMA,UNINCORPORATED,-122.76451873779297,38.351158142089844
91016747,2019,2019-06-25,9360,2019-06-16,1905,022063,,7,2,9,4900,0,3,5,,2,002,"CHALK HILL RD","MORSE RD",109.00,S,N,A,-,N,,,,,,,,,,Y,2,0,2,1,A,-,01,23152,A,N,E,I,A,A,H,-,A,D,0,,,,,Y,Y,A,07,1,1,0,0,0,0,0,0,0,"- ","- ",38.576881408691406,-122.77403259277344,SONOMA,UNINCORPORATED,-122.77396392822266,38.576789855957031
91017008,2019,2019-06-25,9360,2019-06-22,1517,022063,,6,2,9,4900,0,2,4,,1,047,"LAKEVILLE HWY","OLD LAKEVILLE ROAD NO 1",139.00,S,N,A,-,N,,,,,,,,,,Y,2,0,4,2,A,-,05,21460,A,N,D,C,A,A,H,-,A,D,0,,,,,Y,Y,A,01,1,0,3,0,0,0,0,0,0,"- ","- ",38.20294189453125,-122.54779052734375,SONOMA,UNINCORPORATED,-122.54775238037109,38.202857971191406
91021601,2019,2019-07-01,9325,2019-06-21,1650,021521,,5,2,9,4900,0,3,5,,2,006,"LONDON RANCH RD","CHAUVET RD",0.00,,Y,A,-,N,,,,,,,,,,N,2,0,1,2,A,-,09,21801,A,N,D,G,A,A,H,-,A,D,0,,Y,,,Y,,D,22,1,0,0,0,0,0,1,0,0,"- ","- ",38.362491607666016,-122.53008270263672,SONOMA,UNINCORPORATED,-122.53012847900391,38.362529754638672
91021618,2019,2019-07-01,9360,2019-06-21,1242,020266,,5,1,9,4900,0,2,4,,1,032,"RIVER ROAD WB","ODD FELLOWS PARK RD",1987.00,E,N,A,-,N,,,,,,,,,,Y,2,0,1,1,C,-,18,,,N,E,I,A,A,H,-,A,D,0,,,,,Y,,-,"- ",1,0,0,0,0,0,0,0,0,"- ","- ",38.506149291992188,-122.95345306396484,SONOMA,UNINCORPORATED,-122.95458221435547,38.506061553955078
9102792,2020,2020-06-30,4905,2020-03-15,0245,SR541,10607,7,5,6,4905,0,0,0,,0,007,"SOUTH WRIGHT RD","LANCASTER AV",4.00,S,N,C,-,N,,,,,,,,,,N,2,0,1,2,A,-,03,22350,,F,G,B,E,B,H,-,C,D,0,Y,,,,Y,,D,22,1,0,0,0,1,0,0,0,0,"- ","- ",,,SONOMA,"SANTA ROSA",-122.7689208984375,38.4210205078125
91027964,2019,2019-07-10,9360,2019-06-30,1030,019794,,7,1,9,4900,0,1,3,,1,021,SR-128,"N CLOVERDALE BLVD",10560.00,W,N,A,-,Y,,,128,,,,,,,N,2,0,2,3,A,-,08,22105,,N,D,C,A,A,H,-,A,D,0,,,Y,,Y,,D,22,1,1,0,0,0,0,0,0,2,"- ","- ",38.838218688964844,-123.05609130859375,SONOMA,UNINCORPORATED,-123.05611419677734,38.838180541992188
91028716,2019,2019-07-11,9325,2019-07-06,2336,021385,,6,3,9,4900,0,3,5,,2,006,"RIVERSIDE DRIVE","PETALUMA AVENUE",70.00,E,N,A,-,N,,,,,,,,,,N,2,0,1,1,A,-,01,23152,A,N,F,A,A,A,H,-,C,D,0,,,Y,,Y,Y,C,02,1,0,0,0,0,0,0,0,1,"- ","- ",38.29425048828125,-122.47754669189453,SONOMA,UNINCORPORATED,-122.47759246826172,38.294197082519531
91029725,2019,2019-07-12,9325,2019-07-09,1710,021324,,2,2,9,4900,0,2,4,,1,064,"ARNOLD DR","HILL LN",1584.00,S,N,A,-,N,,,,,,,,,,N,2,0,1,2,A,-,08,22107,,N,G,B,E,A,H,-,A,D,0,Y,,,,Y,,A,01,1,0,0,0,1,0,0,0,0,"- ","- ",38.352760314941406,-122.52269744873047,SONOMA,UNINCORPORATED,-122.52418518066406,38.353981018066406
91030487,2019,2019-07-15,9360,2019-07-04,1940,021437,,4,2,9,4900,0,1,2,,2,040,"US-101 SOUTHBOUND","TODD RD",3168.00,N,N,A,-,Y,,,101,,,,,,S,Y,2,0,1,3,A,-,01,23152,A,N,G,C,A,A,H,-,A,D,0,,,Y,,Y,Y,C,02,1,0,0,0,0,0,0,0,1,"- ","- ",38.396690368652344,-122.71623992919922,SONOMA,UNINCORPORATED,-122.71624755859375,38.396690368652344
91031793,2019,2019-07-16,9360,2019-05-10,0440,021437,,5,3,9,4900,0,2,4,,1,032,"RIVER ROAD","US-101 SOUTHBOUND RIVER ROAD OFF-RAMP",0.00,,Y,B,-,N,,,,,,,,,,Y,1,1,0,2,A,-,01,23152,A,N,A,C,A,A,H,-,C,A,0,,,,Y,Y,Y,A,01,0,0,0,0,0,0,0,0,0,"- ","- ",38.496280670166016,-122.75897979736328,SONOMA,UNINCORPORATED,-122.75897999999999,38.496281000000003
91033488,2019,2019-07-18,9325,2019-07-10,1515,021324,,3,2,9,4900,0,1,3,,1,063,SR-12,"W. THOMSON AVE",0.00,,Y,A,-,Y,,,12,,,,,,,N,2,0,1,2,A,-,05,21650,,N,D,C,A,A,H,-,A,D,0,,,Y,,Y,,O,05,1,0,0,0,0,0,0,0,1,"- ","- ",38.3095703125,-122.47939300537109,SONOMA,UNINCORPORATED,-122.47927093505859,38.309635162353516
91034089,2019,2019-07-19,9360,2019-04-20,2318,021614,,6,3,6,4905,0,2,4,,1,022,"OLD REDWOOD HWY","SHILOH RD",555.00,S,N,A,-,N,,,,,,,,,,N,1,1,0,2,A,-,11,21954,A,F,G,B,E,A,H,-,D,D,0,Y,,,,Y,,N,60,0,0,0,1,0,0,0,0,0,"- ","- ",38.524139404296875,-122.77805328369141,SONOMA,"SANTA ROSA",-122.77834320068359,38.524425506591797
91048362,2019,2019-08-08,9360,2019-08-05,1210,015187,,1,1,9,4900,0,2,4,,1,024,"MARK WEST SPRINGS RD.","MICHELLE WAY",5280.00,E,N,A,-,N,,,,,,,,,,Y,2,0,2,1,A,-,08,22107,,N,E,I,A,A,D,H,A,A,0,,,,,Y,,A,07,1,1,0,0,0,0,0,0,0,"- ","- ",38.53057861328125,-122.72573852539062,SONOMA,UNINCORPORATED,-122.72410583496094,38.506706237792969
91050399,2019,2019-08-12,9360,2019-08-08,1930,016045,,4,2,9,4900,0,2,4,,1,042,"PETALUMA HILL RD","DUTCH LN",0.00,,Y,A,-,N,,,,,,,,,,Y,2,0,1,2,A,-,03,22350,,N,C,C,A,A,H,-,A,D,0,,,,,Y,Y,A,01,1,0,0,0,0,0,0,0,0,"- ","- ",38.304069519042969,-122.66649627685547,SONOMA,UNINCORPORATED,-122.66651153564453,38.304660797119141
91055211,2019,2019-08-20,9360,2019-08-13,2019,022289,,2,2,9,4900,0,2,4,,1,038,"OCCIDENTAL ROAD","COFFEE LN",300.00,W,N,A,-,N,,,,,,,,,,Y,2,0,1,1,A,-,01,23152,A,N,F,J,A,A,H,-,D,D,0,,,,,Y,Y,A,01,1,0,0,0,0,0,0,0,0,"- ","- ",38.417819976806641,-122.88065338134766,SONOMA,UNINCORPORATED,-122.88419342041016,38.415733337402344
91055583,2019,2019-08-20,9360,2019-08-16,1540,022289,,5,2,6,4905,0,1,2,,2,040,"US-101 SOUTHBOUND","STEELE LN U/C",1700.00,S,N,A,-,Y,,,101,,,,,,S,Y,2,0,1,2,A,-,07,21658,A,N,B,C,A,A,H,-,A,D,0,,,Y,,Y,,D,22,1,0,0,0,0,0,0,0,1,"- ","- ",38.455089569091797,-122.72609710693359,SONOMA,"SANTA ROSA",-122.72612762451172,38.455089569091797
91059813,2019,2019-08-26,9325,2019-08-14,2023,019775,,3,2,9,4900,0,1,3,,1,051,SR-121,"DE MATTOS RD (GATE 7)",1898.00,N,N,A,-,Y,,,121,,,,,,,N,2,0,2,2,A,-,05,21460,A,N,A,C,A,A,H,-,D,D,0,,,,,Y,,D,22,2,0,0,0,0,0,0,0,0,"- ","- ",38.172859191894531,-122.45577239990234,SONOMA,UNINCORPORATED,-122.45577239990234,38.172863006591797
91060608,2019,2019-08-27,9360,2019-08-20,1658,018462,,2,2,9,4900,0,2,4,,1,038,"MILL STATION RD","RAGLE RD",0.00,,Y,A,-,N,,,,,,,,,,N,2,0,1,2,A,-,09,21801,A,N,D,G,A,A,H,-,A,A,0,,Y,,,Y,,A,01,1,0,0,0,0,0,1,0,0,"- ","- ",38.44110107421875,-122.84729766845703,SONOMA,UNINCORPORATED,-122.84738159179688,38.4110107421875
91064292,2019,2019-08-30,9360,2019-08-22,1435,018462,,4,2,9,4900,0,3,5,,2,005,"TODD RD","NATURE LN",460.00,N,N,A,-,N,,,,,,,,,,Y,2,0,1,2,A,-,06,21750,,N,B,C,A,A,H,-,A,D,0,,,Y,,Y,,C,02,1,0,0,0,0,0,0,0,1,"- ","- ",38.383079528808594,-122.77957916259766,SONOMA,UNINCORPORATED,-122.77968597412109,38.382991790771484
91065354,2019,2019-09-03,9360,2019-08-24,1323,020225,,6,1,9,4900,0,1,2,,1,010,"US-101 N/B","THERESA DR",2640.00,N,N,A,-,Y,,,101,,,,,,N,Y,2,0,1,2,A,-,07,21658,A,N,B,C,A,A,H,-,A,D,0,,,,,Y,,D,22,1,0,0,0,0,0,0,0,0,"- ","- ",38.773189544677734,-122.99951171875,SONOMA,UNINCORPORATED,-122.99948120117188,38.773212432861328
91080222,2019,2019-09-23,9360,2019-09-13,1920,021437,,5,2,9,4900,0,1,2,,2,030,"COFFEY LN","DENNIS LN",2640.00,N,N,B,-,N,,,,,,,,,,Y,2,0,1,1,A,-,01,23152,A,N,E,I,A,A,H,-,D,D,0,,,,,Y,Y,A,01,1,0,0,0,0,0,0,0,0,"- ","- ",38.490879058837891,-122.74964904785156,SONOMA,UNINCORPORATED,-122.74794769287109,38.489913940429688
91081374,2019,2019-09-24,9360,2019-09-19,1530,021437,,4,2,6,4905,0,1,2,,2,040,"US-101 N/B","SR-12 O/C",848.00,N,N,A,-,Y,,,101,,,,,,N,Y,2,0,3,2,A,-,01,23152,F,N,C,C,A,A,H,-,A,D,0,,,,,Y,,A,01,1,2,0,0,0,0,0,0,0,"- ","- ",38.434219360351562,-122.71645355224609,SONOMA,"SANTA ROSA",-122.71646118164062,38.434215545654297
91082944,2019,2019-09-25,9360,2019-09-20,1625,021456,,5,2,9,4900,0,3,5,,2,004,"SANTA ROSA AVENUE","SMITH PL",300.00,S,N,A,-,N,,,,,,,,,,Y,2,0,1,2,A,-,08,22103,,N,F,A,A,A,H,-,A,D,0,,,Y,,Y,,D,22,1,0,0,0,0,0,0,0,1,"- ","- ",38.382610321044922,-122.71343994140625,SONOMA,UNINCORPORATED,-122.71353912353516,38.382335662841797
91085329,2019,2019-09-27,9360,2019-09-20,1900,021456,,5,2,9,4900,0,1,2,,2,030,"US 101 N/B (AIRPORT BLVD ON-RAMP)","AIRPORT BLVD",528.00,N,N,A,-,Y,,,,,,,,,,Y,2,0,1,2,A,-,08,22107,,N,C,C,A,A,H,-,B,D,0,,,Y,,Y,Y,C,02,1,0,0,0,0,0,0,0,1,"- ","- ",38.512218475341797,-122.77467346191406,SONOMA,UNINCORPORATED,-122.77696228027344,38.512477874755859
91086537,2019,2019-09-30,9360,2019-09-08,1431,021989,,7,2,9,4900,0,3,5,,2,001,"WESTSIDE RD","MILL CREEK RD",960.00,S,N,A,-,N,,,,,,,,,,Y,2,0,1,1,A,-,08,22107,,N,E,I,A,A,H,-,A,D,0,,,,,Y,,D,22,1,0,0,0,0,0,0,0,0,"- ","- ",38.593250274658203,-122.881103515625,SONOMA,UNINCORPORATED,-122.88107299804688,38.593128204345703
91088002,2019,2019-10-01,9360,2019-09-26,0720,020285,,4,1,6,4905,0,1,2,,2,040,"US-101 N/B","HEARN AVE",1056.00,N,N,A,-,Y,,,101,,,,,,N,Y,2,0,1,1,A,-,03,22350,,N,F,A,A,A,H,-,A,D,0,,,Y,,Y,,C,02,1,0,0,0,0,0,0,0,1,"- ","- ",38.417289733886719,-122.71576690673828,SONOMA,"SANTA ROSA",-122.71586608886719,38.417289733886719
91089491,2019,2019-10-03,9360,2019-09-25,1250,016524,,3,1,9,4900,0,3,5,,2,003,"HARRISON GRADE RD","STOETZ LN.",300.00,N,N,A,-,N,,,,,,,,,,N,2,0,1,1,A,-,03,22350,,N,F,I,A,A,H,-,A,D,0,,Y,,,Y,,L,04,1,0,0,0,0,0,1,0,0,"- ","- ",38.432289123535156,-122.93015289306641,SONOMA,UNINCORPORATED,-122.93095397949219,38.432109832763672
91089794,2019,2019-10-03,9360,2019-06-26,1320,015434,,3,1,9,4900,0,2,4,,1,032,"RIVER RD","OLIVET RD",2112.00,E,N,A,-,N,,,,,,,,,,Y,1,1,2,3,A,-,05,21650,,N,B,C,A,A,H,-,A,D,0,,,,,Y,,A,07,1,1,0,0,0,0,0,0,0,"- ","- ",38.485691070556641,-122.81381988525391,SONOMA,UNINCORPORATED,-122.81301879882812,38.486019134521484
91093342,2019,2019-10-09,9360,2019-10-04,1345,022323,,5,1,9,4900,0,2,4,,1,054,"ROBLAR RD","CANFIELD RD",5280.00,S,N,A,-,N,,,,,,,,,,Y,2,0,1,1,A,-,08,22107,,N,F,J,A,A,H,-,A,D,0,,,,Y,Y,,F,25,1,0,0,0,0,0,0,0,0,"- ","- ",38.313850402832031,-122.81098937988281,SONOMA,UNINCORPORATED,-122.7781982421875,38.321048736572266
91095869,2019,2019-10-14,9360,2019-10-02,1315,19366,,3,1,9,4900,0,2,4,,1,044,"JACOBSEN LANE","ADOBE RD",28.00,E,N,A,-,N,,,,,,,,,,N,2,0,1,2,A,-,05,21650,,N,A,C,A,A,H,-,A,D,0,,,Y,Y,Y,,C,02,1,0,0,0,0,0,0,0,1,"- ","- ",38.293048858642578,-122.65200805664062,SONOMA,UNINCORPORATED,-122.65174102783203,38.292984008789062
9109763,2020,2020-08-04,4905,2020-04-30,1809,SR553,10602,4,5,6,4905,0,0,0,,0,002,"MENDOCINO OVER","CLEVELAND AV",500.00,E,N,A,-,N,,,,,,,,,,Y,2,0,1,1,A,-,01,23152,A,M,A,I,A,A,H,-,A,D,0,,,,,Y,Y,A,01,1,0,0,0,0,0,0,0,0,"- ","- ",,,SONOMA,"SANTA ROSA",,
91107617,2019,2019-10-28,9360,2019-10-19,1215,19366,,6,1,9,4900,0,1,2,,2,030,"US-101 S/B","RIVER ROAD",291.00,N,N,C,-,Y,,,101,,,,,,S,Y,2,0,1,1,A,-,03,22350,,N,E,I,A,B,H,-,A,D,0,,,,,Y,,A,01,1,0,0,0,0,0,0,0,0,"- ","- ",38.496379852294922,-122.75691223144531,SONOMA,UNINCORPORATED,-122.75684356689453,38.496467590332031
91107968,2019,2019-10-28,9360,2019-10-19,2223,022063,,6,3,9,4900,0,1,2,,2,030,"US-101 S/B","HOPPER AVE",1795.00,N,N,A,-,Y,,,101,,,,,,S,Y,2,0,1,2,A,-,08,22107,,N,E,I,A,A,H,-,C,D,0,,,,,Y,Y,D,22,1,0,0,0,0,0,0,0,0,"- ","- ",38.483711242675781,-122.73899841308594,SONOMA,UNINCORPORATED,-122.73895263671875,38.483772277832031
91117703,2019,2019-11-12,9360,2019-11-02,2330,021567,,6,3,6,4905,0,1,2,,2,040,"US-101 N/B","STEELE LN",0.00,,N,A,-,Y,,,101,,,,,,N,Y,2,0,6,8,A,-,01,23152,A,N,C,E,E,A,H,-,D,D,0,Y,,,Y,Y,Y,D,22,3,3,0,0,4,0,0,0,0,"- ","- ",38.454788208007812,-122.72583770751953,SONOMA,"SANTA ROSA",-122.72592926025391,38.454792022705078
91122425,2019,2019-11-18,9360,2019-11-09,0620,020225,,6,1,9,4900,0,1,3,,1,063,"SR-1 N/B","CIRCLE DR",250.00,S,N,E,-,Y,,,1,,,,,,N,Y,2,0,1,1,A,-,08,22107,,N,E,I,A,B,H,-,D,D,0,,,,,Y,,A,01,1,0,0,0,0,0,0,0,0,"- ","- ",38.431640625,-123.10868835449219,SONOMA,UNINCORPORATED,-123.10871887207031,38.431655883789062
91122466,2019,2019-11-18,9360,2019-11-10,2500,19366,,7,4,9,4900,0,2,4,,1,034,"GUERNEVILLE RD.",SR-116,0.00,,Y,E,-,N,,,,,,,,,,Y,2,0,1,1,A,-,12,22450,A,N,E,I,A,A,H,-,D,A,0,,,,,Y,,A,01,1,0,0,0,0,0,0,0,0,"- ","- ",38.450080871582031,-122.86773681640625,SONOMA,UNINCORPORATED,-122.96198272705078,38.485958099365234
91122568,2019,2019-11-18,9360,2019-11-11,2329,019092,,1,3,9,4900,0,1,2,,2,050,"US-101 SOUTHBOUND","PETALUMA BLVDN",3168.00,N,N,A,-,Y,,,101,,,,,,S,Y,2,0,1,2,A,-,01,23152,A,N,E,I,A,A,H,-,D,D,0,,,,,Y,Y,A,01,1,0,0,0,0,0,0,0,0,"- ","- ",38.277740478515625,-122.67755889892578,SONOMA,UNINCORPORATED,-122.67754364013672,38.277767181396484
91122883,2019,2019-11-18,9360,2019-11-12,1744,021314,,2,2,9,4900,0,2,4,,1,024,"CALISTOGA ROAD","SKINNER ROAD",621.00,N,N,A,-,N,,,,,,,,,,Y,2,0,1,1,A,-,01,23152,A,N,E,I,A,A,H,-,D,D,0,,,,,Y,Y,D,22,1,0,0,0,0,0,0,0,0,"- ","- ",38.512088775634766,-122.65358734130859,SONOMA,UNINCORPORATED,-122.65358734130859,38.512050628662109
91123397,2019,2019-11-19,9360,2019-11-12,1743,020266,,2,2,6,4905,0,2,4,,1,022,"OLD REDWOOD HWY","PACIFIC HEIGHTS DR",5.00,N,N,A,-,Y,,,,,,,,,,Y,2,0,2,2,A,-,09,21801,A,N,D,C,A,A,H,-,C,D,0,,,,,Y,,A,01,1,0,1,0,0,0,0,0,0,"- ","- ",38.499851226806641,-122.74980926513672,SONOMA,"SANTA ROSA",-122.74977874755859,38.499752044677734
91128525,2019,2020-01-06,9360,2019-11-13,1335,022289,,3,1,9,4900,0,2,4,,1,044,"OLD ADOBE RD",SR-116,1300.00,N,N,A,-,N,,,,,,,,,,Y,2,0,2,2,A,-,01,23152,A,N,F,C,A,A,H,-,A,D,0,,,,,Y,Y,A,07,1,1,0,0,0,0,0,0,0,"- ","- ",38.238380432128906,-122.53069305419922,SONOMA,UNINCORPORATED,-122.530389,38.238140000000001
91128931,2019,2019-11-25,9360,2019-11-17,0228,022063,,7,3,5,4908,0,2,S,,2,901,"MARIA DR","EAST WASHINGTON STREET",110.00,N,N,A,-,N,,,,,,,,,,Y,2,0,1,3,A,-,01,23152,A,M,A,I,A,A,H,-,C,D,0,,,,,Y,Y,D,22,1,0,0,0,0,0,0,0,0,"- ","- ",38.252719879150391,-122.62325286865234,SONOMA,PETALUMA,-122.62308502197266,38.252788543701172
91132637,2019,2019-12-02,9360,2019-11-22,1725,021456,,5,2,9,4900,0,1,3,,1,053,"ELPHICK RD","SR-116 (GRAVENSTEIN HWY)",59.00,W,N,A,-,N,,,,,,,,,,N,2,0,1,2,A,-,11,21954,A,N,G,B,D,A,H,-,D,D,0,Y,,,,Y,,N,60,1,0,0,0,1,0,0,0,0,"- ","- ",38.386859893798828,-122.81330108642578,SONOMA,UNINCORPORATED,-122.81325200000001,38.386799000000003
91133238,2019,2019-12-02,9325,2019-11-23,1020,019074,,6,1,9,4900,0,2,4,,1,064,"ARNOLD DR","ROBIN AVE",69.00,N,N,A,-,N,,,,,,,,,,Y,2,0,1,1,A,-,01,23152,G,N,E,I,A,A,H,-,A,D,0,,,,,Y,Y,D,22,1,0,0,0,0,0,0,0,0,"- ","- ",38.306659698486328,-122.49588012695312,SONOMA,UNINCORPORATED,-122.49578094482422,38.306632995605469
91133887,2019,2019-12-03,9360,2019-11-23,0010,017761,,6,3,6,4905,0,1,2,,2,040,"US-101 N/B TO SR-12 E/B","US-101 N/B",473.00,E,N,A,-,Y,,,101,,,,R,,N,Y,2,0,1,1,A,-,08,22107,,N,E,I,A,A,H,-,C,D,0,,,,,Y,,A,01,1,0,0,0,0,0,0,0,0,"- ","- ",38.430561065673828,-122.71372222900391,SONOMA,"SANTA ROSA",-122.71372222900391,38.430561065673828