CASE_ID,ACCIDENT_YEAR,PROC_DATE,JURIS,COLLISION_DATE,COLLISION_TIME,OFFICER_ID,REPORTING_DISTRICT,DAY_OF_WEEK,CHP_SHIFT,POPULATION,CNTY_CITY_LOC,SPECIAL_COND,BEAT_TYPE,CHP_BEAT_TYPE,CITY_DIVISION_LAPD,CHP_BEAT_CLASS,BEAT_NUMBER,PRIMARY_RD,SECONDARY_RD,DISTANCE,DIRECTION,INTERSECTION,WEATHER_1,WEATHER_2,STATE_HWY_IND,CALTRANS_COUNTY,CALTRANS_DISTRICT,STATE_ROUTE,ROUTE_SUFFIX,POSTMILE_PREFIX,POSTMILE,LOCATION_TYPE,RAMP_INTERSECTION,SIDE_OF_HWY,TOW_AWAY,COLLISION_SEVERITY,NUMBER_KILLED,NUMBER_INJURED,PARTY_COUNT,PRIMARY_COLL_FACTOR,PCF_CODE_OF_VIOL,PCF_VIOL_CATEGORY,PCF_VIOLATION,PCF_VIOL_SUBSECTION,HIT_AND_RUN,TYPE_OF_COLLISION,MVIW,PED_ACTION,ROAD_SURFACE,ROAD_COND_1,ROAD_COND_2,LIGHTING,CONTROL_DEVICE,CHP_ROAD_TYPE,PEDESTRIAN_ACCIDENT,BICYCLE_ACCIDENT,MOTORCYCLE_ACCIDENT,TRUCK_ACCIDENT,NOT_PRIVATE_PROPERTY,ALCOHOL_INVOLVED,STWD_VEHTYPE_AT_FAULT,CHP_VEHTYPE_AT_FAULT,COUNT_SEVERE_INJ,COUNT_VISIBLE_INJ,COUNT_COMPLAINT_PAIN,COUNT_PED_KILLED,COUNT_PED_INJURED,COUNT_BICYCLIST_KILLED,COUNT_BICYCLIST_INJURED,COUNT_MC_KILLED,COUNT_MC_INJURED,PRIMARY_RAMP,SECONDARY_RAMP,LATITUDE,LONGITUDE,COUNTY,CITY,POINT_X,POINT_Y
91135088,2019,2019-12-04,9360,2019-11-24,1730,022371,,7,2,9,4900,0,1,2,,2,050,"US-101 N/B","RAILROAD AVE",2640.00,S,N,A,-,Y,,,101,,,,,,N,Y,2,0,3,2,A,-,01,23152,A,F,C,C,A,A,H,-,C,D,0,,,,,Y,Y,A,01,1,0,2,0,0,0,0,0,0,"- ","- ",38.296798706054688,-122.7022705078125,SONOMA,UNINCORPORATED,-122.70231628417969,38.296756744384766
91135139,2019,2019-12-04,9360,2019-11-26,2000,022371,,2,2,6,4905,0,1,2,,2,040,"US-101 N/B",SR-12,1320.00,S,N,C,-,Y,,,101,,,,,,N,Y,2,0,1,1,A,-,08,22107,,N,F,A,A,B,H,-,D,A,0,,,,,Y,,D,22,1,0,0,0,0,0,0,0,0,"- ","- ",38.423290252685547,-122.71494293212891,SONOMA,"SANTA ROSA",-122.71495819091797,38.423294067382812
91136995,2019,2019-12-05,9360,2019-12-01,0900,19366,,7,1,9,4900,0,2,4,,1,038,"GRATON RD.","EDISON ST.",79.00,W,N,B,C,N,,,,,,,,,,Y,2,0,1,2,A,-,09,21801,A,N,B,C,A,B,H,-,A,A,0,,,,,Y,,A,07,1,0,0,0,0,0,0,0,0,"- ","- ",38.436309814453125,-122.86881256103516,SONOMA,UNINCORPORATED,-122.86878204345703,38.436347961425781
91138695,2019,2019-12-10,9360,2019-11-30,1750,021437,,6,2,9,4900,0,1,2,,2,030,"US-101 NB","ARATA LN",682.00,S,N,C,-,Y,,,101,,,,,,N,Y,2,0,2,1,A,-,01,23152,A,N,E,I,A,B,H,-,D,D,0,,,,,Y,Y,D,22,1,1,0,0,0,0,0,0,0,"- ","- ",38.560081481933594,-122.82111358642578,SONOMA,UNINCORPORATED,-122.82117462158203,38.560016632080078
9113959,2020,2020-08-20,4900,2020-06-30,0903,SD1496,11101,2,5,3,4980,0,0,0,,0,WI1,"GINNY DR","WINDSOR RD",417.00,W,N,A,-,N,,,,,,,,,,N,2,0,1,2,B,-,22,,,N,G,B,E,A,H,-,A,D,0,Y,,,,Y,,A,07,1,0,0,0,1,0,0,0,0,"- ","- ",,,SONOMA,WINDSOR,-122.81824493408203,38.544231414794922
91141386,2019,2019-12-11,9360,2019-09-23,1948,018828,,1,2,9,4900,0,3,5,,2,004,"ROBERTS LAKE ROAD","HORN AVE",1320.00,S,N,A,-,N,,,,,,,,,,N,1,1,0,2,A,-,11,21954,A,N,G,B,D,A,H,-,D,D,0,Y,,,,Y,,N,60,0,0,0,1,0,0,0,0,0,"- ","- ",38.371990203857422,-122.71347808837891,SONOMA,UNINCORPORATED,,
91151988,2019,2019-12-24,9360,2019-12-15,1535,022371,,7,2,9,4900,0,3,5,,2,002,"PINE FLAT RD","CERVIERES RD",1320.00,S,N,A,-,N,,,,,,,,,,N,2,0,1,1,A,-,03,22350,,N,F,A,A,A,B,-,B,D,0,,,Y,,Y,,C,02,1,0,0,0,0,0,0,0,1,"- ","- ",38.727119445800781,-122.76216888427734,SONOMA,UNINCORPORATED,-122.7542724609375,38.732154846191406
91153361,2019,2019-12-26,9360,2019-12-22,0110,018497,,7,3,9,4900,0,3,5,,2,003,"JONIVE RD","BODEGA HWY",158.00,N,N,B,-,N,,,,,,,,,,Y,2,0,1,1,A,-,01,23152,A,N,E,I,A,A,H,-,D,D,0,,,,,Y,Y,D,22,1,0,0,0,0,0,0,0,0,"- ","- ",38.377548217773438,-122.88973236083984,SONOMA,UNINCORPORATED,-122.90018463134766,38.378463745117188
91158550,2019,2020-01-03,9360,2019-08-30,1755,022113,,5,2,9,4900,0,2,4,,1,038,"WATERTROUGH ROAD, 100 BLOCK","BODEGA HIGHWAY",97.00,S,N,A,-,N,,,,,,,,,,Y,1,1,0,1,A,-,01,23152,A,N,E,I,A,A,H,-,A,A,0,,,,,Y,Y,A,07,0,0,0,0,0,0,0,0,0,"- ","- ",38.396461486816406,-122.85096740722656,SONOMA,UNINCORPORATED,-122.85104370117188,38.396457672119141
91160554,2019,2020-01-07,9360,2019-12-30,2355,021904,,1,3,9,4900,0,3,5,,2,005,"MEACHAM RD.","PEPPER RD",1600.00,N,N,A,-,N,,,,,,,,,,Y,2,0,1,1,A,-,08,22107,,N,E,I,A,A,H,-,C,D,0,,,,,Y,,A,07,1,0,0,0,0,0,0,0,0,"- ","- ",38.289741516113281,-122.74571990966797,SONOMA,UNINCORPORATED,-122.74574279785156,38.289669036865234
91163763,2020,2020-01-13,9360,2020-01-04,0400,022371,,6,3,9,4900,0,1,3,,1,021,SR-128,"W. SAUSAL LN",855.00,N,N,C,-,Y,,,128,,,,,,,Y,2,0,1,1,A,-,01,23152,A,N,E,I,A,B,H,-,D,D,0,,,,,Y,Y,D,22,1,0,0,0,0,0,0,0,0,"- ","- ",38.672161102294922,-122.82682800292969,SONOMA,UNINCORPORATED,-122.82682800292969,38.672164916992188
91174184,2020,2020-01-27,9360,2020-01-01,1741,022323,,3,2,9,4900,0,1,3,,1,041,"SR-12 W/B","MELITA RD EAST",528.00,E,N,A,-,Y,,,12,,,,,,W,Y,2,0,2,2,A,-,03,22350,,N,C,C,A,A,H,-,D,D,0,,,,,Y,,J,48,1,1,0,0,0,0,0,0,0,"- ","- ",38.452518463134766,-122.62052917480469,SONOMA,UNINCORPORATED,-122.62053680419922,38.452507019042969
91174373,2019,2020-12-03,9360,2019-08-12,2258,021614,,1,3,6,4905,0,1,2,,2,030,"US-101 N/B","STEELE LN",780.00,N,N,A,-,Y,,,101,,,,,,N,Y,1,1,1,4,A,-,01,23152,G,N,C,C,E,A,H,-,C,D,0,Y,,Y,,Y,Y,A,07,0,1,0,1,0,0,0,0,1,"- ","- ",38.462200164794922,-122.72630310058594,SONOMA,"SANTA ROSA",-122.72629547119141,38.462200164794922
91184234,2019,2020-02-11,9360,2019-12-13,1724,022370,,5,2,9,4900,0,2,4,,1,022,"OLD REDWOOD HWY","KITTERY POINT",164.00,N,N,C,-,Y,,,,,,,,,,Y,1,1,0,2,A,-,11,21954,A,N,G,B,E,B,H,-,E,D,0,Y,,,,Y,,N,60,0,0,0,1,0,0,0,0,0,"- ","- ",38.514259338378906,-122.76760864257812,SONOMA,UNINCORPORATED,-122.76738739013672,38.514118194580078
91186068,2020,2020-02-13,9360,2020-02-07,0057,020828,,5,3,5,4908,0,1,2,,2,050,"US-101 N/B","W. RAILROAD AVE.",3959.00,S,N,A,-,Y,,,,,,,,,,Y,2,0,1,2,A,-,03,22350,,N,C,C,A,A,H,-,C,D,0,,,,Y,Y,,A,01,1,0,0,0,0,0,0,0,0,"- ","- ",38.296829223632812,-122.70236206054688,SONOMA,PETALUMA,-122.70044708251953,38.294769287109375
91189519,2020,2020-02-19,9360,2020-02-10,2040,018828,,1,2,9,4900,0,3,5,,2,003,"WINDSOR RIVER ROAD","EASTSIDE ROAD",0.00,,Y,A,-,N,,,,,,,,,,Y,2,0,1,1,A,-,01,23152,A,N,E,I,A,A,H,-,D,D,0,,,,,Y,Y,A,01,1,0,0,0,0,0,0,0,0,"- ","- ",38.547439575195312,-122.84613037109375,SONOMA,UNINCORPORATED,-122.84615325927734,38.547531127929688
91193087,2020,2020-02-25,9360,2020-02-18,1035,015187,,2,1,9,4900,0,3,5,,2,003,"LAUGHLIN RD","SLUSSER RD",0.00,,Y,A,-,N,,,,,,,,,,Y,2,0,1,2,A,-,09,21802,A,N,A,C,A,A,H,-,A,D,0,,,,,Y,,A,07,1,0,0,0,0,0,0,0,0,"- ","- ",38.499401092529297,-122.82585906982422,SONOMA,UNINCORPORATED,-122.82582855224609,38.500350952148438
91193370,2020,2020-02-25,9325,2020-02-24,0950,017559,,1,1,9,4900,0,1,3,,1,072,SR-121,"8TH ST EAST",0.00,,Y,A,-,Y,,,121,,,,,,,Y,2,0,2,2,A,-,01,23152,A,N,D,C,A,A,H,-,A,D,0,,,,Y,Y,Y,G,27,1,0,1,0,0,0,0,0,0,"- ","- ",38.246028900146484,-122.43894958496094,SONOMA,UNINCORPORATED,-122.43894195556641,38.245983123779297
91200191,2020,2020-03-02,9325,2020-02-22,1555,021385,,6,2,9,4900,0,1,3,,1,053,SR-116,"E BONNESS RD",800.00,E,N,A,-,Y,,,116,,,,,,,Y,2,0,2,4,A,-,03,22350,,N,C,C,F,A,H,-,A,D,0,Y,,,,Y,,A,07,1,1,0,0,1,0,0,0,0,"- ","- ",38.244709014892578,-122.46671295166016,SONOMA,UNINCORPORATED,-122.46669006347656,38.2447509765625
91200860,2020,2020-03-03,9325,2020-01-26,1220,019074,,7,1,9,4900,0,3,5,,2,005,"8TH STREET EAST","NAPA ROAD",0.00,,Y,A,-,N,,,,,,,,,,Y,1,1,2,4,A,-,01,23152,A,N,D,C,A,A,H,-,A,A,0,,,Y,,Y,Y,A,01,2,0,0,0,0,0,0,0,0,"- ","- ",38.272689819335938,-122.43849182128906,SONOMA,UNINCORPORATED,-122.43846893310547,38.272678375244141
91201689,2020,2020-03-04,9360,2020-02-26,1949,020731,,3,2,9,4900,0,3,5,,2,005,"SALMON CREEK RD","BODEGA HWY",1320.00,N,N,A,-,N,,,,,,,,,,N,2,0,1,1,A,-,08,22107,,N,F,A,A,A,H,-,D,D,0,,,Y,,Y,,C,02,1,0,0,0,0,0,0,0,1,"- ","- ",38.348308563232422,-122.97958374023438,SONOMA,UNINCORPORATED,-122.97761535644531,38.347549438476562
91202250,2020,2020-03-05,9360,2020-02-27,2100,021904,,4,2,9,4900,0,2,4,,1,024,"PORTER CREEK RD","WILSON ROAD",118.00,E,N,A,-,N,,,,,,,,,,Y,2,0,2,1,A,-,08,22107,,N,E,I,A,A,H,-,D,D,0,,,,,Y,,D,22,1,1,0,0,0,0,0,0,0,"- ","- ",38.549480438232422,-122.66993713378906,SONOMA,UNINCORPORATED,-122.66917419433594,38.549430847167969
91206425,2020,2020-03-11,9325,2020-02-28,1210,019590,,5,1,9,4900,0,1,3,,1,053,SR-116,"WILLIE BIRD WAY",500.00,W,N,A,-,Y,,,116,,,,,,,Y,2,0,1,2,A,-,08,22107,,N,A,C,A,A,H,-,A,D,0,,,,,Y,,A,01,1,0,0,0,0,0,0,0,0,"- ","- ",38.236930847167969,-122.51381683349609,SONOMA,UNINCORPORATED,-122.51381683349609,38.236930847167969
91207643,2020,2020-03-13,9360,2020-03-07,0030,022063,,6,3,9,4900,0,2,4,,1,032,"RIVER RD","RIO DELL CT",15.00,E,N,A,B,N,,,,,,,,,,Y,2,0,1,1,A,-,08,22107,,N,E,I,A,A,H,-,D,D,0,,,,,Y,Y,A,01,1,0,0,0,0,0,0,0,0,"- ","- ",38.497970581054688,-122.90190124511719,SONOMA,UNINCORPORATED,-122.90180206298828,38.497867584228516
91208553,2020,2020-03-16,9360,2020-02-23,1310,020225,,7,1,9,4900,0,3,5,,2,001,"ARMSTRONG WOODS RD","LAUGHLIN RD",150.00,S,N,A,-,N,,,,,,,,,,Y,2,0,1,3,A,-,13,22515,A,N,A,E,A,A,H,-,A,D,0,,,,,Y,,-,62,1,0,0,0,0,0,0,0,0,"- ","- ",38.512321472167969,-122.99552917480469,SONOMA,UNINCORPORATED,-122.99553680419922,38.512397766113281
91208582,2020,2020-03-16,9360,2020-02-27,0949,019794,,4,1,9,4900,0,3,5,,2,003,"LLANO RD","LUDWIG AVE",945.00,N,N,A,-,N,,,,,,,,,,Y,2,0,1,3,A,-,03,22350,,N,C,C,A,A,H,-,A,D,0,,,,,Y,,D,22,1,0,0,0,0,0,0,0,0,"- ","- ",38.399631500244141,-122.78572082519531,SONOMA,UNINCORPORATED,-122.78500366210938,38.399005889892578
91215361,2019,2020-03-25,9360,2019-12-07,2259,020905,,6,3,9,4900,0,1,2,,2,050,"US-101 NORTHBOUND","TODD ROAD",3400.00,S,N,C,-,Y,,,101,,,,,,N,Y,1,1,3,1,A,-,03,22350,,N,E,I,A,B,H,-,D,D,0,,,,,Y,Y,A,01,2,1,0,0,0,0,0,0,0,"- ","- ",38.377418518066406,-122.71598052978516,SONOMA,UNINCORPORATED,-122.71611785888672,38.377422332763672
91215409,2020,2020-03-25,9360,2020-01-02,2035,022323,,4,2,9,4900,0,3,5,,2,004,"ELY RD  N","CORONA RD",528.00,N,N,A,-,N,,,,,,,,,,N,2,0,1,2,A,-,03,22350,,F,C,G,A,A,H,-,D,D,0,,Y,,,Y,,A,07,1,0,0,0,0,0,1,0,0,"- ","- ",38.276569366455078,-122.54750061035156,SONOMA,UNINCORPORATED,-122.65172576904297,38.274925231933594
91215615,2020,2020-03-25,9350,2020-03-10,1740,019000,,2,2,9,4900,0,1,3,,2,137,"SR-37 E/B","LAKEVILLE HWY",2640.00,E,N,A,-,Y,,,37,,,,,,E,Y,2,0,2,5,A,-,03,22350,,N,C,C,A,A,H,-,A,D,0,,,,,Y,,A,01,1,1,0,0,0,0,0,0,0,"- ","- ",38.138240814208984,-122.46926116943359,SONOMA,UNINCORPORATED,-122.46926116943359,38.13824462890625
91224511,2020,2020-04-13,9360,2020-04-06,2249,020740,,1,3,6,4905,0,1,2,,2,040,"US-101 SOUTHBOUND","TODD ROAD",3000.00,N,N,B,-,Y,,,101,,,,,,S,Y,2,0,1,1,A,-,01,23152,F,N,E,I,A,B,H,-,D,D,0,,,,,Y,,A,01,1,0,0,0,0,0,0,0,0,"- ","- ",38.400211334228516,-122.71623229980469,SONOMA,"SANTA ROSA",-122.71622467041016,38.400211334228516
91225373,2020,2020-04-14,9360,2020-04-12,1356,022063,,7,1,9,4900,0,2,4,,1,038,"GREEN HILL RD","GRATON RD",2112.00,S,N,A,-,N,,,,,,,,,,Y,2,0,1,1,C,-,18,,,N,E,H,A,A,H,-,A,D,0,,,Y,,Y,,-,"- ",1,0,0,0,0,0,0,0,1,"- ","- ",38.414478302001953,-122.89852905273438,SONOMA,UNINCORPORATED,-122.89812469482422,38.414501190185547
91235599,2020,2020-05-11,9360,2020-05-01,2320,020828,,5,3,9,4900,0,3,5,,2,003,"WIKIUP DR.","CARRIAGE LN",327.00,E,N,A,-,N,,,,,,,,,,Y,2,0,3,1,A,-,01,23152,A,N,E,I,A,A,H,-,D,D,0,,,,,Y,Y,A,01,2,1,0,0,0,0,0,0,0,"- ","- ",38.507961273193359,-122.75446319580078,SONOMA,UNINCORPORATED,-122.751220703125,38.510936737060547
91235983,2020,2020-05-11,9360,2020-05-03,1113,020613,,7,1,9,4900,0,3,5,,2,004,"SANTA ROSA AVE","E ROBLES AVE",347.00,S,N,A,-,N,,,,,,,,,,Y,2,0,1,2,A,-,09,21801,A,N,D,C,A,A,H,-,A,D,0,,,Y,,Y,,A,01,1,0,0,0,0,0,0,0,1,"- ","- ",38.39337158203125,-122.71350860595703,SONOMA,UNINCORPORATED,-122.71356201171875,38.393447875976562
91238680,2020,2020-05-18,9325,2020-05-15,2319,021425,,5,3,9,4900,0,3,5,,2,006,"BOYES BLVD",SR-12,89.00,S,N,A,-,N,,,,,,,,,,N,2,0,1,1,A,-,01,23152,A,N,F,I,A,A,H,-,C,D,0,,,Y,,Y,Y,C,02,1,0,0,0,0,0,0,0,1,"- ","- ",38.313751220703125,-122.48188781738281,SONOMA,UNINCORPORATED,,
91239763,2020,2020-05-19,9360,2020-05-13,0854,016524,,3,1,9,4900,0,2,4,,1,034,"GUERNEVILLE RD","SUNNY VIEW WAY",559.00,W,N,B,-,N,,,,,,,,,,Y,2,0,2,2,A,-,01,23152,A,N,A,C,A,B,H,-,A,D,0,,,,,Y,Y,A,01,1,1,0,0,0,0,0,0,0,"- ","- ",38.452560424804688,-122.79934692382812,SONOMA,UNINCORPORATED,-122.79935455322266,38.452560424804688
91241357,2020,2020-05-22,9360,2020-04-11,0422,017761,,6,3,9,4900,0,1,3,,1,053,"SR-116 W/B (GRAVENSTEIN HIGHWAY)","COOPER ROAD",1244.00,E,N,B,-,Y,,,116,,,,,,W,Y,1,1,0,1,A,-,08,22107,,N,E,I,A,A,H,-,C,D,0,,,,,Y,,A,07,0,0,0,0,0,0,0,0,0,"- ","- ",38.378890991210938,-122.79772186279297,SONOMA,UNINCORPORATED,-122.79774475097656,38.378818511962891
91242779,2020,2020-05-27,9360,2020-05-18,1135,016660,,1,1,9,4900,0,1,2,,2,050,"US 101 S/B","RAILROAD AVE UC",1056.00,S,N,B,-,Y,,,,,,,,,,Y,2,0,2,1,A,-,08,22107,,N,E,I,A,A,H,-,A,D,0,,,,,Y,,A,01,1,0,1,0,0,0,0,0,0,"- ","- ",38.300258636474609,-122.70513153076172,SONOMA,UNINCORPORATED,,
91247254,2020,2020-06-04,9360,2020-05-25,1251,015187,,1,1,9,4900,0,1,2,,2,020,"US-101 N/B","LIMERICK LN",127.00,N,N,A,-,Y,,,101,,,,,,N,Y,2,0,2,2,A,-,03,22350,,N,C,C,A,A,H,-,A,D,0,,,Y,,Y,,A,01,1,1,0,0,0,0,0,0,2,"- ","- ",38.588039398193359,-122.84416961669922,SONOMA,UNINCORPORATED,-122.84419250488281,38.588024139404297
91248724,2020,2020-06-08,9360,2020-05-26,0720,015434,,2,1,9,4900,0,2,4,,1,043,"E. RAILROAD AVE.","OLD REDWOOD HIGHWAY",0.00,,Y,A,-,Y,,,,,,,,,,N,2,0,1,2,A,-,09,21802,A,N,D,G,A,A,H,-,A,D,0,,Y,,,Y,,L,04,1,0,0,0,0,0,1,0,0,"- ","- ",38.314579010009766,-122.69457244873047,SONOMA,UNINCORPORATED,-122.69438171386719,38.3143310546875
91250678,2020,2020-06-11,9360,2020-06-05,1910,020905,,5,2,9,4900,0,2,4,,1,046,"BENNETT VALLEY ROAD","CARRITHERS RD",2640.00,W,N,A,-,N,,,,,,,,,,Y,2,0,1,2,A,-,05,21460,A,N,A,C,A,A,H,-,A,D,0,,,Y,,Y,,C,02,1,0,0,0,0,0,0,0,1,"- ","- ",38.412570953369141,-122.65135192871094,SONOMA,UNINCORPORATED,-122.64401245117188,38.4080810546875
91254874,2020,2020-06-22,9360,2020-06-13,0100,021904,,6,3,6,4905,0,1,2,,2,030,"US-101 SOUTHBOUND TO RIVER ROAD","RIVER ROAD",550.00,N,N,A,-,Y,,,,,,,,,,Y,2,0,1,1,A,-,01,23152,A,N,E,I,A,A,H,-,C,D,0,,,,,Y,Y,A,01,1,0,0,0,0,0,0,0,0,"- ","- ",38.497119903564453,-122.78589630126953,SONOMA,"SANTA ROSA",-122.75783538818359,38.497184753417969
91257160,2020,2020-06-25,9360,2020-06-16,1500,020731,,2,2,9,4900,0,3,5,,2,005,"SCENIC AVENUE","LANGNER AVE",0.00,,Y,A,-,N,,,,,,,,,,Y,2,0,2,2,A,-,12,22450,A,N,D,C,A,A,H,-,A,A,0,,,,,Y,,A,01,1,1,0,0,0,0,0,0,0,"- ","- ",38.376220703125,-122.72525787353516,SONOMA,UNINCORPORATED,-122.72528839111328,38.376270294189453
91261425,2020,2020-07-01,9360,2020-06-28,0510,021458,,7,3,9,4900,0,2,4,,1,042,"PETALUMA HILL RD (8400 BLOCK)","FORMSCHLAG LN",270.00,N,N,B,-,N,,,,,,,,,,Y,2,0,1,1,C,-,18,,,N,E,H,A,A,H,-,D,D,0,,,,,Y,,-,"- ",1,0,0,0,0,0,0,0,0,"- ","- ",38.307899475097656,-122.66652679443359,SONOMA,UNINCORPORATED,-122.66653442382812,38.30780029296875
91262289,2020,2020-07-02,9360,2020-06-25,0310,022362,,4,3,9,4900,0,1,3,,1,013,SR-116,"CNOPIUS RD",210.00,E,N,A,-,Y,,,116,,,,,,,N,2,0,1,2,A,-,11,21954,A,N,G,B,E,A,H,-,D,D,0,Y,,,,Y,,N,60,1,0,0,0,1,0,0,0,0,"- ","- ",38.482940673828125,-123.01181030273438,SONOMA,UNINCORPORATED,-123.01185607910156,38.482852935791016
91264261,2020,2020-07-07,9325,2020-06-05,2020,017559,,5,2,9,4900,0,1,3,,1,063,SR-12,"MADRONE RD",3696.00,W,N,A,-,Y,,,12,,,,,,,Y,1,1,0,2,A,-,08,22107,,F,C,G,A,A,H,-,A,D,0,,Y,,,Y,,D,22,0,0,0,0,0,1,0,0,0,"- ","- ",38.353069305419922,-122.50068664550781,SONOMA,UNINCORPORATED,-122.50064849853516,38.353099822998047
91264996,2020,2020-07-08,9360,2020-07-02,0945,015552,,4,1,9,4900,0,1,3,,1,063,SR-1,"GOAT ROCK RD",1584.00,S,N,A,-,Y,,,1,,,,,,,N,2,0,1,2,A,-,06,21750,,F,B,G,A,A,H,-,A,D,0,,Y,,,Y,,E,22,1,0,0,0,0,0,1,0,0,"- ","- ",38.4263916015625,-123.10623931884766,SONOMA,UNINCORPORATED,-123.10620880126953,38.426395416259766
9126732,2020,2020-10-24,4908,2020-07-06,1656,3418,10,1,5,5,4908,0,0,0,,0,004,"MARIA DR","LAUREN DR",100.00,N,N,A,-,N,,,,,,,,,,N,2,0,1,1,A,-,03,22350,,N,E,I,A,A,A,-,A,D,0,,Y,,,Y,,L,04,1,0,0,0,0,0,1,0,0,"- ","- ",38.252971649169922,-122.62332153320312,SONOMA,PETALUMA,-122.62370300292969,38.253128051757812
91267488,2020,2020-07-13,9360,2020-07-05,1843,019359,,7,2,9,4900,0,2,4,,1,032,"RIVER ROAD","ODD FELLOWS PARK RD",1600.00,E,N,A,-,N,,,,,,,,,,N,2,0,1,2,A,-,01,23152,A,N,D,C,A,A,H,-,A,D,0,,,Y,,Y,Y,C,02,1,0,0,0,0,0,0,0,1,"- ","- ",38.505931854248047,-122.95567321777344,SONOMA,UNINCORPORATED,-122.95592498779297,38.505962371826172
91272022,2020,2020-07-21,9360,2020-06-14,1713,021456,,7,2,9,4900,0,1,2,,1,060,"PETALUMA BLVD S","LANDING WAY",1056.00,N,N,A,-,N,,,,,,,,,,Y,2,0,2,2,A,-,01,23152,A,F,D,C,A,A,H,-,A,A,0,,,Y,,Y,Y,D,22,2,0,0,0,0,0,0,0,2,"- ","- ",38.225509643554688,-122.61244964599609,SONOMA,UNINCORPORATED,-122.61252593994141,38.22564697265625
91272410,2020,2020-07-22,9360,2020-07-12,1915,021456,,7,2,9,4900,0,1,2,,1,060,"US-101 S/B LAKEVILLE HWY OFF-RAMP","CAULFIELD LN O/C",530.00,S,N,A,-,Y,,,,,,,,,,Y,2,0,2,2,A,-,03,22350,,N,C,C,A,A,H,-,A,D,0,,,Y,,Y,,C,02,1,1,0,0,0,0,0,0,1,"- ","- ",38.236148834228516,-122.61963653564453,SONOMA,UNINCORPORATED,,
91273789,2020,2020-07-24,9360,2020-07-17,1730,022323,,5,2,9,4900,0,2,4,,1,022,"OLD REDWOOD HWY","LAVELL RD",285.00,S,N,A,-,Y,,,,,,,,,,N,2,0,1,2,A,-,11,21950,B,N,G,B,D,A,H,-,A,D,0,Y,,,,Y,,N,60,1,0,0,0,1,0,0,0,0,"- ","- ",38.503631591796875,-122.75813293457031,SONOMA,UNINCORPORATED,-122.75786590576172,38.503559112548828
91274661,2020,2020-07-27,9360,2020-07-19,0945,020225,,7,1,9,4900,0,3,5,,2,001,"WEST DRY CREEK RD","CHEMISE RD",500.00,S,N,A,-,N,,,,,,,,,,N,2,0,1,1,D,-,00,,,N,F,A,A,A,H,-,A,D,0,,Y,,,Y,,-,"- ",1,0,0,0,0,0,1,0,0,"- ","- ",38.647380828857422,-122.92864990234375,SONOMA,UNINCORPORATED,-122.92884063720703,38.647350311279297
91275734,2020,2020-07-28,9325,2020-07-24,2030,021109,,5,2,9,4900,0,2,4,,1,064,"ARNOLD DR","CREEKSIDE CT",29.00,N,N,A,-,N,,,,,,,,,,N,2,0,1,1,A,-,17,21200,,N,E,I,A,A,H,-,B,D,0,,Y,,,Y,Y,L,04,1,0,0,0,0,0,1,0,0,"- ","- ",38.366249084472656,-122.52427673339844,SONOMA,UNINCORPORATED,-122.52429962158203,38.365894317626953
91276512,2020,2020-07-29,9360,2020-07-17,0745,019794,,5,1,9,4900,0,2,4,,1,024,"PORTER CREEK RD","CALISTOGA RD",2640.00,W,N,A,-,N,,,,,,,,,,Y,2,0,3,2,A,-,05,21460,A,N,A,C,A,A,H,-,A,D,0,,,,,Y,Y,A,07,2,1,0,0,0,0,0,0,0,"- ","- ",38.553371429443359,-122.66014862060547,SONOMA,UNINCORPORATED,-122.65842437744141,38.554233551025391
91283418,2020,2020-08-10,9360,2020-08-01,1838,022257,,6,2,2,4901,0,1,2,,1,010,"US-101 SOUTH","THERESA DRIVE",700.00,S,N,A,-,Y,,,,,,,,,,Y,2,0,2,1,A,-,01,23152,A,F,E,I,A,A,H,-,A,D,0,,,,,Y,Y,A,01,1,1,0,0,0,0,0,0,0,"- ","- ",38.766109466552734,-122.99317169189453,SONOMA,CLOVERDALE,-122.99311065673828,38.766223907470703
91284157,2020,2020-08-11,9360,2020-06-17,2318,022362,,3,3,9,4900,0,1,2,,2,020,"US-101 N/B","LYTTON SPRINGS RD",1584.00,N,N,A,-,Y,,,101,,,,,,N,Y,1,1,0,1,A,-,08,22107,,N,E,I,A,A,H,-,C,D,0,,,,,Y,,D,22,0,0,0,0,0,0,0,0,0,"- ","- ",38.664760589599609,-122.87613677978516,SONOMA,UNINCORPORATED,-122.87619781494141,38.664745330810547