CASE_ID,ACCIDENT_YEAR,PROC_DATE,JURIS,COLLISION_DATE,COLLISION_TIME,OFFICER_ID,REPORTING_DISTRICT,DAY_OF_WEEK,CHP_SHIFT,POPULATION,CNTY_CITY_LOC,SPECIAL_COND,BEAT_TYPE,CHP_BEAT_TYPE,CITY_DIVISION_LAPD,CHP_BEAT_CLASS,BEAT_NUMBER,PRIMARY_RD,SECONDARY_RD,DISTANCE,DIRECTION,INTERSECTION,WEATHER_1,WEATHER_2,STATE_HWY_IND,CALTRANS_COUNTY,CALTRANS_DISTRICT,STATE_ROUTE,ROUTE_SUFFIX,POSTMILE_PREFIX,POSTMILE,LOCATION_TYPE,RAMP_INTERSECTION,SIDE_OF_HWY,TOW_AWAY,COLLISION_SEVERITY,NUMBER_KILLED,NUMBER_INJURED,PARTY_COUNT,PRIMARY_COLL_FACTOR,PCF_CODE_OF_VIOL,PCF_VIOL_CATEGORY,PCF_VIOLATION,PCF_VIOL_SUBSECTION,HIT_AND_RUN,TYPE_OF_COLLISION,MVIW,PED_ACTION,ROAD_SURFACE,ROAD_COND_1,ROAD_COND_2,LIGHTING,CONTROL_DEVICE,CHP_ROAD_TYPE,PEDESTRIAN_ACCIDENT,BICYCLE_ACCIDENT,MOTORCYCLE_ACCIDENT,TRUCK_ACCIDENT,NOT_PRIVATE_PROPERTY,ALCOHOL_INVOLVED,STWD_VEHTYPE_AT_FAULT,CHP_VEHTYPE_AT_FAULT,COUNT_SEVERE_INJ,COUNT_VISIBLE_INJ,COUNT_COMPLAINT_PAIN,COUNT_PED_KILLED,COUNT_PED_INJURED,COUNT_BICYCLIST_KILLED,COUNT_BICYCLIST_INJURED,COUNT_MC_KILLED,COUNT_MC_INJURED,PRIMARY_RAMP,SECONDARY_RAMP,LATITUDE,LONGITUDE,COUNTY,CITY,POINT_X,POINT_Y
91284684,2020,2020-08-12,9360,2020-08-06,1930,018881,,4,2,9,4900,0,1,3,,1,063,SR-1,"CARLEVARO WAY",1056.00,S,N,A,-,Y,,,1,,,,,,,Y,2,0,1,1,A,-,08,22107,,N,E,I,A,A,H,-,A,D,0,,,,,Y,,A,01,1,0,0,0,0,0,0,0,0,"- ","- ",38.410358428955078,-123.09729766845703,SONOMA,UNINCORPORATED,-123.09731292724609,38.410305023193359
91285769,2020,2020-08-13,9360,2020-06-23,1730,018881,,2,2,9,4900,0,3,5,,2,006,"ANNAPOLIS ROAD","STEWARTS POINT-SKAGGS SPRINGS ROAD",29568.00,W,N,A,-,N,,,,,,,,,,Y,1,1,0,1,A,-,01,23152,A,N,E,I,A,A,H,-,A,D,0,,,Y,,Y,Y,C,02,0,0,0,0,0,0,0,1,0,"- ","- ",38.712001800537109,-123.34028625488281,SONOMA,UNINCORPORATED,-123.34085083007812,38.712940216064453
91287037,2020,2020-08-17,9360,2020-08-09,1740,021437,,7,2,9,4900,0,1,3,,1,053,"TODD RD","NATURE LN",593.00,N,N,A,-,N,,,,,,,,,,N,2,0,1,1,C,-,18,,,N,F,A,A,A,H,-,A,D,0,,,,,Y,,-,"- ",1,0,0,0,0,0,0,0,0,"- ","- ",38.383399963378906,-122.77964782714844,SONOMA,UNINCORPORATED,-122.77968597412109,38.383358001708984
91290654,2020,2020-08-24,9360,2020-08-15,1525,022362,,6,2,9,4900,0,2,4,,1,038,"MILL STATION RD","OCCIDENTAL RD",440.00,N,N,A,-,N,,,,,,,,,,Y,2,0,1,1,A,-,08,22107,,N,E,I,A,A,H,-,A,D,0,,,Y,,Y,,C,02,1,0,0,0,0,0,0,0,1,"- ","- ",38.420558929443359,-122.876220703125,SONOMA,UNINCORPORATED,-122.87609100341797,38.420574188232422
91298861,2020,2020-09-04,9360,2020-08-25,1820,022128,,2,2,9,4900,0,2,4,,1,024,"PETRIFIED FOREST RD","SHARP ROAD",1426.00,E,N,A,-,N,,,,,,,,,,Y,2,0,1,1,A,-,01,23152,A,M,E,I,A,A,H,-,A,D,0,,,,,Y,Y,B,07,1,0,0,0,0,0,0,0,0,"- ","- ",38.558101654052734,-122.63481140136719,SONOMA,UNINCORPORATED,-122.62433624267578,38.563369750976562
91301095,2020,2020-09-09,9360,2020-07-26,2222,019092,,7,3,9,4900,0,2,4,,1,047,"LAKEVILLE RD","BORDESSI RD",528.00,N,N,A,-,N,,,,,,,,,,Y,2,0,2,2,A,-,01,23152,F,N,A,C,A,A,H,-,D,D,0,,,,,Y,,A,01,1,1,0,0,0,0,0,0,0,"- ","- ",38.200908660888672,-122.54731750488281,SONOMA,UNINCORPORATED,-122.54747772216797,38.201469421386719
91305030,2020,2020-09-15,9360,2020-09-11,0645,020092,,5,1,9,4900,0,2,4,,2,056,"ROBLAR ROAD","STONY POINT ROAD",0.00,,Y,E,-,N,,,,,,,,,,Y,2,0,1,2,A,-,09,21802,A,N,A,C,A,A,H,-,A,D,0,,,Y,,Y,,E,22,1,0,0,0,0,0,0,0,1,"- ","- ",38.314121246337891,-122.73554229736328,SONOMA,UNINCORPORATED,-122.73548126220703,38.314121246337891
91307044,2020,2020-09-18,9360,2020-09-14,0430,021904,,1,3,6,4905,0,1,2,,2,030,"US-101 SOUTHBOUND","STEELE LN",600.00,N,N,A,-,Y,,,101,,,,,,S,Y,2,0,1,1,A,-,08,22107,,N,E,I,A,A,H,-,C,D,0,,,,,Y,,A,08,1,0,0,0,0,0,0,0,0,"- ","- ",38.461738586425781,-122.72663116455078,SONOMA,"SANTA ROSA",-122.72648620605469,38.461753845214844
91308023,2020,2020-09-21,9325,2020-09-06,1210,019590,,7,1,9,4900,0,2,4,,1,064,"ARNOLD DR","ROBIN AVE",0.00,,Y,A,-,N,,,,,,,,,,N,2,0,1,2,A,-,05,21650,,N,D,G,A,A,H,-,A,A,0,,Y,,,Y,,L,04,1,0,0,0,0,0,1,0,0,"- ","- ",38.306400299072266,-122.49575042724609,SONOMA,UNINCORPORATED,-122.49568939208984,38.306461334228516
91308230,2020,2020-09-21,9360,2020-09-17,1210,015552,,4,1,9,4900,0,1,3,,1,063,SR-1,"EASTSHORE RD",258.00,S,N,A,-,Y,,,1,,,,,,,Y,2,0,1,1,A,-,03,22350,,N,E,I,A,A,H,-,A,D,0,,,,,Y,,A,01,1,0,0,0,0,0,0,0,0,"- ","- ",38.337600708007812,-123.04808044433594,SONOMA,UNINCORPORATED,-123.04803466796875,38.337574005126953
91315642,2020,2020-10-01,9360,2020-09-22,1535,020285,,2,2,9,4900,0,1,2,,1,010,"US-101 N/B",SR-128,1056.00,N,N,A,-,Y,,,,,,,,,,N,2,0,1,2,A,-,08,22107,,N,G,B,F,A,H,-,A,D,0,Y,,,,Y,,A,01,1,0,0,0,1,0,0,0,0,"- ","- ",38.832130432128906,-122.01555633544922,SONOMA,UNINCORPORATED,-123.01480102539062,38.831035614013672
91316808,2020,2020-10-02,9360,2020-09-12,0315,022146,,6,3,9,4900,0,2,4,,1,043,"OLD REDWOOD HWY","ELY RD  N",0.00,,Y,E,-,N,,,,,,,,,,Y,2,0,3,1,A,-,03,22350,,N,E,I,A,A,H,-,D,D,0,,,,,Y,,A,01,2,1,0,0,0,0,0,0,0,"- ","- ",38.283611297607422,-122.66739654541016,SONOMA,UNINCORPORATED,-122.66751098632812,38.283851623535156
91317513,2020,2020-10-05,9360,2020-09-27,2255,020740,,7,3,9,4900,0,1,3,,1,041,SR-12,"SILVER SHOON RANCH ROAD",1500.00,E,N,A,-,Y,,,,,,,,,,Y,2,0,1,1,A,-,08,22107,,N,E,I,A,A,H,-,D,D,0,,,,,Y,,A,01,1,0,0,0,0,0,0,0,0,"- ","- ",36.439369201660156,-122.58778381347656,SONOMA,UNINCORPORATED,,
91318187,2020,2020-10-06,9360,2020-09-25,1345,022371,,5,1,9,4900,0,3,5,,2,003,"HARRISON GRADE RD","STOETZ LN",500.00,N,N,A,-,N,,,,,,,,,,N,2,0,1,1,A,-,03,22350,,N,F,A,A,A,H,-,A,D,0,,Y,,,Y,,L,04,1,0,0,0,0,0,1,0,0,"- ","- ",38.432289123535156,-122.93018341064453,SONOMA,UNINCORPORATED,-122.9302978515625,38.432262420654297
91318718,2020,2020-10-06,9360,2020-08-18,0619,015434,,2,1,9,4900,0,2,4,,1,054,"PEPPER RD","BODEGA AVE.",0.00,,Y,A,-,N,,,,,,,,,,Y,1,1,0,2,A,-,09,21802,A,N,D,C,A,A,H,-,A,D,0,,,,Y,Y,,A,07,0,0,0,0,0,0,0,0,0,"- ","- ",38.257640838623047,-122.77903747558594,SONOMA,UNINCORPORATED,-122.77143096923828,38.25775146484375
91321417,2020,2020-10-12,9325,2020-10-10,2000,021083,,6,2,9,4900,0,3,5,,2,005,"WATMAUGH RD","ARNOLD AVE",41.00,W,N,A,-,N,,,,,,,,,,Y,2,0,2,2,A,-,01,23152,A,N,A,C,A,A,H,-,D,D,0,,,,,Y,Y,A,01,1,1,0,0,0,0,0,0,0,"- ","- ",38.260459899902344,-122.48383331298828,SONOMA,UNINCORPORATED,-122.4837646484375,38.260486602783203
91322753,2020,2020-10-13,9360,2020-10-09,0040,021458,,5,3,9,4900,0,1,2,,2,050,"US-101 S/B (REDWOOD HIGHWAY)","PEPPER AVE",5280.00,N,N,B,-,Y,,,101,,,,,,S,Y,2,0,1,1,A,-,01,23152,A,N,F,A,A,A,H,-,D,D,0,,,,,Y,Y,A,01,1,0,0,0,0,0,0,0,0,"- ","- ",38.294281005859375,-122.70020294189453,SONOMA,UNINCORPORATED,-122.70016479492188,38.294322967529297
91324867,2020,2020-10-16,9360,2020-10-09,1510,018828,,5,2,9,4900,0,1,3,,1,021,SR-128,"ROHLFFS RD",30.00,W,N,A,-,Y,,,128,,,,,,,N,2,0,1,1,C,-,18,,,N,H,A,A,A,H,-,A,D,0,,,Y,,Y,,-,"- ",1,0,0,0,0,0,0,0,1,"- ","- ",38.639919281005859,-122.772216796875,SONOMA,UNINCORPORATED,-122.77223205566406,38.639896392822266
91325091,2020,2020-10-16,9360,2020-10-14,0120,020748,,3,3,9,4900,0,3,5,,2,003,"OCCIDENTAL RD","PIEZZI RD",150.00,E,N,A,-,N,,,,,,,,,,Y,2,0,1,1,A,-,01,23152,A,N,E,I,A,A,H,-,D,D,0,,,,,Y,Y,A,07,1,0,0,0,0,0,0,0,0,"- ","- ",38.423820495605469,-122.79680633544922,SONOMA,UNINCORPORATED,-122.79678344726562,38.423301696777344
91330072,2020,2020-10-23,9325,2020-10-03,1557,019590,,6,2,9,4900,0,1,3,,1,072,SR-121,"RAMAL RD",3500.00,N,N,A,-,Y,,,121,,,,,,,Y,2,0,1,2,A,-,01,23152,A,N,A,C,A,A,H,-,A,D,0,,,,,Y,Y,A,01,1,0,0,0,0,0,0,0,0,"- ","- ",38.252788543701172,-122.40293121337891,SONOMA,UNINCORPORATED,-122.40293121337891,38.252742767333984
91331828,2020,2020-10-27,9325,2020-10-17,1738,021605,,6,2,9,4900,0,1,3,,1,063,"ARNOLD DRIVE",SR-12,30.00,S,N,A,-,Y,,,,,,,,,,Y,2,0,1,2,A,-,06,21755,,N,B,C,A,A,H,-,A,A,0,,,Y,,Y,Y,C,02,1,0,0,0,0,0,0,0,1,"- ","- ",38.371578216552734,-122.51603698730469,SONOMA,UNINCORPORATED,,
9134043,2020,2020-08-27,4904,2020-04-30,1520,368,,4,5,4,4904,0,0,0,,0,,"ROHNERT PARK EXPWY","REDWOOD DR",150.00,W,N,A,-,N,,,,,,,,,,,2,0,1,2,A,-,09,21804,A,F,D,C,A,A,H,-,A,D,0,,,Y,,Y,,A,01,1,0,0,0,0,0,0,0,1,"- ","- ",38.348461151123047,-122.71701049804688,SONOMA,"ROHNERT PARK",-122.71741485595703,38.348423004150391
91342611,2020,2020-11-10,9360,2020-11-02,1310,015434,,1,1,9,4900,0,1,3,,1,051,"STATE ROUTE 12 W/B","MERCED AVE",1056.00,W,N,A,-,N,,,12,,,,,,W,Y,2,0,1,1,A,-,08,22107,,N,F,A,A,A,H,-,A,D,0,,,,,Y,,A,01,1,0,0,0,0,0,0,0,0,"- ","- ",38.419578552246094,-122.78147125244141,SONOMA,UNINCORPORATED,-122.78144836425781,38.419536590576172
91347446,2020,2020-11-18,9360,2020-10-19,2035,016045,,1,2,9,4900,0,1,2,,2,050,"U.S.-101 N/B","ROHNERT PARK EXPY",1056.00,S,N,A,-,Y,,,,,,,,,,Y,2,0,2,4,A,-,07,21658,A,F,B,C,A,A,H,-,C,D,0,,,,,Y,,A,01,1,0,1,0,0,0,0,0,0,"- ","- ",38.34600830078125,-122.71285247802734,SONOMA,UNINCORPORATED,-122.71298217773438,38.348339080810547
91350447,2020,2020-11-20,9360,2020-10-11,2500,017693,,7,4,9,4900,0,2,4,,1,032,"RIVER RD","TRENTON-HEALDSBURG RD",541.00,W,N,A,-,N,,,,,,,,,,Y,1,1,0,1,A,-,08,22107,,N,E,J,A,A,H,-,D,D,0,,,,,Y,,A,01,0,0,0,0,0,0,0,0,0,"- ","- ",38.489021301269531,-122.85726165771484,SONOMA,UNINCORPORATED,-122.85683441162109,38.488872528076172
91359390,2020,2020-12-04,9350,2020-11-20,1700,022445,,5,2,9,4900,0,1,3,,2,137,"SR-37 E/B",SR-121,1584.00,W,N,A,-,Y,,,37,,,,,,E,Y,2,0,2,3,A,-,07,21658,A,N,B,C,A,A,H,-,C,D,0,,,Y,,Y,,D,22,1,1,0,0,0,0,0,0,2,"- ","- ",38.147388458251953,-122.45440673828125,SONOMA,UNINCORPORATED,-122.45440673828125,38.147384643554688
91400457,2021,2021-02-02,9360,2021-01-26,1025,013838,,2,1,6,4905,0,1,2,,2,040,"US-101 S/B","COLLEGE AVE",259.00,S,N,A,-,Y,,,101,,,,,,S,Y,2,0,1,1,A,-,01,23152,A,N,E,I,A,A,H,-,A,D,0,,,,,Y,Y,D,22,1,0,0,0,0,0,0,0,0,"- ","- ",38.444988250732422,-122.72377777099609,SONOMA,"SANTA ROSA",-122.72360992431641,38.445110321044922
9140444,2020,2020-08-28,4905,2020-05-22,2000,410,10601,5,5,6,4905,0,0,0,,0,001,"PINER RD","INDUSTRIAL DR",0.00,,Y,A,-,N,,,,,,,,,,N,2,0,1,2,A,-,09,21802,A,N,D,C,A,A,H,-,A,D,0,,,,,Y,,A,01,1,0,0,0,0,0,0,0,0,"- ","- ",,,SONOMA,"SANTA ROSA",-122.73961639404297,38.471469879150391
91412294,2021,2021-02-22,9360,2021-02-13,1112,019366,,6,1,9,4900,0,2,4,,1,038,"STATE ROUTE 116","MAYS CANYON ROAD",1056.00,E,N,A,-,Y,,,116,,,,,,,N,2,0,1,2,A,-,05,21650,,N,A,G,A,A,H,-,A,D,0,,Y,,,Y,,L,04,1,0,0,0,0,0,1,0,0,"- ","- ",38.500450134277344,-122.98385620117188,SONOMA,UNINCORPORATED,-122.98385620117188,38.500450134277344
91416952,2020,2021-02-26,9325,2020-12-24,0900,017538,,4,1,9,4900,0,1,3,,1,051,SR-121,"WAGNER RD.",527.00,S,N,B,-,Y,,,121,,,,,,,Y,1,1,1,2,A,-,05,21460,A,N,A,C,A,A,H,-,A,D,0,,,,,Y,,A,01,1,0,0,0,0,0,0,0,0,"- ","- ",38.226730346679688,-122.45800018310547,SONOMA,UNINCORPORATED,-122.4580078125,38.226726531982422
91416961,2020,2021-02-26,9325,2020-11-24,0622,015786,,2,1,9,4900,0,3,5,,2,006,"VERANO AVENUE","MAIN STREET",14.00,E,N,A,-,N,,,,,,,,,,Y,1,1,1,2,A,-,10,21950,A,N,G,B,B,A,H,-,D,D,0,Y,,,,Y,,A,01,0,0,1,1,0,0,0,0,0,"- ","- ",38.302639007568359,-122.47754669189453,SONOMA,UNINCORPORATED,-122.47752380371094,38.302810668945312
91418654,2021,2021-03-02,9360,2021-02-23,1843,016045,,2,2,9,4900,0,3,5,,2,003,"16405 S.R.-116","MILL ST",10.00,S,N,A,-,N,,,,,,,,,,Y,2,0,1,1,A,-,01,23152,F,N,D,I,A,A,H,-,C,D,0,,,,,Y,,D,22,1,0,0,0,0,0,0,0,0,"- ","- ",38.501121520996094,-122.00041961669922,SONOMA,UNINCORPORATED,,
91419771,2021,2021-03-03,9360,2021-02-24,2500,018881,,3,4,9,4900,0,1,3,,1,061,SR-1,"FORT ROSS ROAD",6864.00,S,N,F,-,Y,,,1,,,,,,,Y,2,0,1,1,A,-,08,22107,,N,F,A,A,A,H,-,D,D,0,,,,,Y,,A,01,1,0,0,0,0,0,0,0,0,"- ","- ",38.511978149414062,-123.2313232421875,SONOMA,UNINCORPORATED,-123.23130798339844,38.511993408203125
91420763,2021,2021-04-29,9360,2021-01-28,0935,013838,,4,1,6,4905,0,1,2,,2,040,"US-101 S/B","COLLEGE AVE",258.00,N,N,C,-,Y,,,101,,,,,,S,Y,1,1,0,2,A,-,07,21658,A,N,B,C,A,B,H,-,A,D,0,,,,,Y,,A,01,0,0,0,0,0,0,0,0,0,"- ","- ",38.446220397949219,-122.7244873046875,SONOMA,"SANTA ROSA",-122.72441101074219,38.446273803710938
91427882,2021,2021-03-16,9360,2021-03-01,1800,019794,,1,2,9,4900,0,1,3,,1,037,SR-116,"ODD FELLOWS PARK RD",350.00,E,N,A,-,Y,,,116,,,,,,,Y,2,0,1,2,A,-,05,21460,A,N,B,C,A,A,H,-,B,D,0,,,Y,,Y,,C,02,1,0,0,0,0,0,0,0,1,"- ","- ",38.494838714599609,-122.96176910400391,SONOMA,UNINCORPORATED,-122.96178436279297,38.494834899902344
91432042,2021,2021-03-22,9360,2021-03-12,1133,019366,,5,1,9,4900,0,2,4,,1,032,"RIVER ROAD","OLIVET RD",4224.00,E,N,A,-,N,,,,,,,,,,Y,2,0,2,2,A,-,06,21750,,N,B,C,A,A,H,-,A,D,0,,,,,Y,,A,01,1,1,0,0,0,0,0,0,0,"- ","- ",38.489559173583984,-122.80419921875,SONOMA,UNINCORPORATED,-122.80658721923828,38.488864898681641
91436744,2021,2021-03-26,9360,2021-03-18,1613,018828,,4,2,9,4900,0,2,4,,1,042,"PETALUMA HILL ROAD","CRANE CANYON RD",2376.00,N,N,B,C,N,,,,,,,,,,Y,2,0,2,1,A,-,08,22107,,N,F,A,A,B,H,-,A,D,0,,,,,Y,,A,01,2,0,0,0,0,0,0,0,0,"- ","- ",38.371860504150391,-122.66716003417969,SONOMA,UNINCORPORATED,-122.66721343994141,38.371742248535156
91436869,2021,2021-03-26,9360,2021-03-23,1642,018790,,2,2,9,4900,0,2,4,,1,052,"TODD ROAD","OLD GRAVENSTEIN HWY",1056.00,E,N,A,-,N,,,,,,,,,,Y,2,0,1,2,A,-,05,21460,A,N,D,C,A,A,H,-,A,D,0,,,Y,,Y,,C,02,1,0,0,0,0,0,0,0,1,"- ","- ",38.371021270751953,-122.77984619140625,SONOMA,UNINCORPORATED,-122.78126525878906,38.370979309082031
91437828,2021,2021-03-29,9360,2021-03-19,2304,022289,,5,3,9,4900,0,2,4,,1,052,"SOUTH MOORLAND AVENUE","TODD RD",329.00,S,N,A,-,N,,,,,,,,,,Y,2,0,1,1,A,-,01,23152,A,N,E,I,A,A,H,-,C,D,0,,,,,Y,Y,D,22,1,0,0,0,0,0,0,0,0,"- ","- ",38.383209228515625,-122.71646118164062,SONOMA,UNINCORPORATED,-122.71761322021484,38.386215209960938
91443191,2021,2021-04-05,9360,2021-03-28,1840,022257,,7,2,9,4900,0,1,2,,2,030,"MARK WEST SPRINGS RD","LOCH HAVEN DR",900.00,E,N,A,-,N,,,,,,,,,,Y,2,0,1,1,A,-,08,22107,,N,F,I,A,A,H,-,A,D,0,,,Y,,Y,,C,02,1,0,0,0,0,0,0,0,1,"- ","- ",38.548721313476562,-122.71006774902344,SONOMA,UNINCORPORATED,,
91454456,2021,2021-04-20,9360,2021-04-10,1605,021456,,6,2,4,4904,0,1,2,,2,050,"US-101 NORTHBOUND","GOLF COURSE DR",1056.00,N,N,A,-,Y,,,101,,,,,,N,Y,2,0,6,3,A,-,01,23152,A,F,C,C,A,A,H,-,A,D,0,,,,,Y,Y,D,22,5,1,0,0,0,0,0,0,0,"- ","- ",38.366371154785156,-122.71218109130859,SONOMA,"ROHNERT PARK",-122.71208953857422,38.366367340087891
9146897,2020,2020-09-10,4905,2020-06-06,1901,SR559,10604,6,5,6,4905,0,0,0,,0,004,"MONTECITO BL","MISSION BL",33.00,E,N,A,-,N,,,,,,,,,,Y,2,0,1,1,A,-,03,22350,,N,E,I,A,A,H,-,A,A,0,,,Y,,Y,Y,C,02,1,0,0,0,0,0,0,0,1,"- ","- ",,,SONOMA,"SANTA ROSA",-122.67685699462891,38.472061157226562
91471585,2021,2021-05-12,9360,2021-03-17,0520,016524,,3,3,9,4900,0,1,2,,1,010,"US-101 N/B","GEYSERS RD",6336.00,S,N,A,-,Y,,,101,,,,,,N,Y,1,1,3,3,A,-,01,23152,A,N,F,I,A,A,H,-,D,D,0,,,,,Y,Y,A,01,1,1,1,0,0,0,0,0,0,"- ","- ",38.842929840087891,-123.02667236328125,SONOMA,UNINCORPORATED,-123.02671051025391,38.842914581298828
91471778,2021,2021-05-12,9360,2021-04-26,1733,021195,,1,2,9,4900,0,1,2,,2,050,"US-101 N/B","OLD REDWOOD HWY",528.00,N,N,A,-,Y,,,,,,,,,,Y,2,0,1,3,A,-,07,21658,A,F,B,C,A,A,H,-,A,D,0,,,Y,,Y,,-,99,1,0,0,0,0,0,0,0,1,"- ","- ",38.274749755859375,-122.67337036132812,SONOMA,UNINCORPORATED,-122.85516357421875,38.596141815185547
91481287,2021,2021-05-27,9350,2021-05-19,1340,021488,,3,1,6,4905,0,1,3,,2,137,SR-37,"SEARS POINT ROAD",0.00,,Y,A,-,Y,,,,,,,,,,Y,2,0,2,2,A,-,09,21802,A,N,D,2,A,A,H,-,A,D,0,,,,,Y,,A,01,1,1,0,0,0,0,0,0,0,"- ","- ",38.124408721923828,-122.49215698242188,SONOMA,"SANTA ROSA",-122.49216,38.124212999999997
91484696,2021,2021-05-28,9360,2021-05-20,2245,021904,,4,3,6,4905,0,3,5,,2,004,"SANTA ROSA AVENUE","E. ROBLES AVENUE",85.00,N,N,A,-,N,,,,,,,,,,N,2,0,1,2,A,-,11,21954,A,N,G,B,D,A,H,-,C,A,0,Y,,,,Y,,N,60,1,0,0,0,1,0,0,0,0,"- ","- ",38.394371032714844,-122.71351623535156,SONOMA,"SANTA ROSA",-122.71354675292969,38.394634246826172
9148558,2020,2020-10-29,4904,2020-08-20,1151,528,,4,5,4,4904,0,0,0,,0,,"COMMERCE BL","STATE FARM DR",877.00,S,N,F,-,N,,,,,,,,,,N,2,0,1,2,A,-,08,22102,,N,B,C,A,A,H,-,A,D,0,,,,,Y,,A,07,1,0,0,0,0,0,0,0,0,"- ","- ",38.357490539550781,-122.71248626708984,SONOMA,"ROHNERT PARK",-122.71248626708984,38.355010986328125
91486083,2020,2021-06-01,9325,2020-12-10,1727,021896,,4,2,9,4900,0,3,5,,2,006,"RIVERSIDE DR","CRAIG AVE",0.00,,Y,A,-,N,,,,,,,,,,N,2,0,1,2,A,-,08,22107,,F,G,B,E,A,H,-,C,A,0,Y,,,,Y,Y,A,01,1,0,0,0,1,0,0,0,0,"- ","- ",38.30718994140625,-122.48699188232422,SONOMA,UNINCORPORATED,-122.48702239990234,38.307151794433594
91490791,2021,2021-06-07,9360,2021-05-29,1520,021458,,6,2,9,4900,0,3,5,,2,001,"STEWARTS POINT-SKAGGS SPRINGS RD","FALL CREEK RD",31680.00,W,N,A,-,N,,,,,,,,,,Y,2,0,1,1,A,-,08,22107,,N,E,I,A,A,H,-,A,D,0,,,Y,,Y,,C,02,1,0,0,0,0,0,0,0,1,"- ","- ",38.677459716796875,-123.06625366210938,SONOMA,UNINCORPORATED,-122.99923706054688,38.719501495361328
91495811,2021,2021-06-14,9360,2021-05-31,0800,020225,,1,1,9,4900,0,3,5,,2,004,"WARM SPRINGS RD","HELLMAN RD",50.00,S,N,A,-,N,,,,,,,,,,N,2,0,1,1,C,-,18,,,N,E,H,A,A,H,-,A,D,0,,Y,,,Y,,-,"- ",1,0,0,0,0,0,1,0,0,"- ","- ",38.376041412353516,-122.55088043212891,SONOMA,UNINCORPORATED,-122.5509033203125,38.376071929931641
91496225,2021,2021-10-29,9360,2021-06-06,1535,020740,,7,2,4,4904,0,1,2,,2,050,"US-101 NORTHBOUND","SANTA ROSA AVE OVER CROSSING",1500.00,N,N,A,-,Y,,,,,,,,,,Y,2,0,1,2,A,-,07,21658,A,F,B,C,A,A,H,-,A,D,0,,,Y,,Y,,-,"- ",1,0,0,0,0,0,0,0,1,"- ","- ",38.377010345458984,-122.71634674072266,SONOMA,"ROHNERT PARK",,
91504499,2021,2021-06-23,9325,2021-04-17,0705,022560,,6,1,9,4900,0,3,5,,2,006,"GROVE ST","CARRIGER RD",46.00,E,N,A,-,N,,,,,,,,,,Y,1,1,0,1,A,-,01,23152,F,N,E,I,A,A,H,-,B,D,0,,,,,Y,,A,01,0,0,0,0,0,0,0,0,0,"- ","- ",38.293998718261719,-122.50279998779297,SONOMA,UNINCORPORATED,-122.5028076171875,38.294033050537109
91505030,2021,2021-06-24,9325,2021-06-15,0810,017538,,2,1,9,4900,0,3,5,,2,006,"W VERANO AVE","ARNOLD DR",20.00,E,N,A,-,N,,,,,,,,,,N,2,0,1,2,A,-,08,22107,,N,D,G,A,A,H,-,A,A,0,,Y,,,Y,,L,04,1,0,0,0,0,0,1,0,0,"- ","- ",38.299831390380859,-122.49233245849609,SONOMA,UNINCORPORATED,-122.49239349365234,38.299842834472656
91509540,2021,2021-06-30,9360,2021-06-01,1940,019359,,2,2,9,4900,0,3,5,,2,001,"STEWARTS POINT-SKAGGS SPRINGS RD","WARM SPRINGS RANCH",11616.00,E,N,A,-,N,,,,,,,,,,Y,2,0,1,1,A,-,08,22107,,N,E,I,A,A,H,-,A,D,0,,,Y,,Y,,C,02,1,0,0,0,0,0,0,0,1,"- ","- ",38.670879364013672,-123.04418182373047,SONOMA,UNINCORPORATED,,
91509803,2021,2021-06-30,9360,2021-06-22,1455,015434,,2,2,9,4900,0,1,3,,1,053,"STATE ROUTE 116","COOPER RD",528.00,E,N,A,-,Y,,,116,,,,,,,Y,2,0,1,2,A,-,09,21801,A,N,D,C,A,A,H,-,A,A,0,,,,,Y,,A,01,1,0,0,0,0,0,0,0,0,"- ","- ",38.379459381103516,-122.79955291748047,SONOMA,UNINCORPORATED,-122.79953765869141,38.379493713378906
91514348,2021,2021-07-07,9360,2021-06-26,2325,021567,,6,3,5,4908,0,1,2,,1,060,"US-101 NB","PETALUMA BLVD NORTH",1800.00,S,N,A,-,Y,,,101,,,,,,N,Y,2,0,3,6,A,-,08,22107,,N,G,4,E,A,H,-,D,D,0,Y,,,,Y,,A,07,2,0,1,0,3,0,0,0,0,"- ","- ",38.268440246582031,-122.66529083251953,SONOMA,PETALUMA,-122.66532897949219,38.268398284912109
91515743,2021,2021-07-08,9360,2021-06-30,2250,022362,,3,3,9,4900,0,3,5,,2,003,"MOSCOW RD","STARRETT HILL DR",6.00,E,N,A,-,N,,,,,,,,,,N,2,0,1,3,A,-,05,21460,A,N,A,C,A,A,H,-,D,A,0,,,Y,,Y,,A,01,1,0,0,0,0,0,0,0,1,"- ","- ",38.473400115966797,-123.02101135253906,SONOMA,UNINCORPORATED,-123.02090454101562,38.473468780517578