CASE_ID,ACCIDENT_YEAR,PROC_DATE,JURIS,COLLISION_DATE,COLLISION_TIME,OFFICER_ID,REPORTING_DISTRICT,DAY_OF_WEEK,CHP_SHIFT,POPULATION,CNTY_CITY_LOC,SPECIAL_COND,BEAT_TYPE,CHP_BEAT_TYPE,CITY_DIVISION_LAPD,CHP_BEAT_CLASS,BEAT_NUMBER,PRIMARY_RD,SECONDARY_RD,DISTANCE,DIRECTION,INTERSECTION,WEATHER_1,WEATHER_2,STATE_HWY_IND,CALTRANS_COUNTY,CALTRANS_DISTRICT,STATE_ROUTE,ROUTE_SUFFIX,POSTMILE_PREFIX,POSTMILE,LOCATION_TYPE,RAMP_INTERSECTION,SIDE_OF_HWY,TOW_AWAY,COLLISION_SEVERITY,NUMBER_KILLED,NUMBER_INJURED,PARTY_COUNT,PRIMARY_COLL_FACTOR,PCF_CODE_OF_VIOL,PCF_VIOL_CATEGORY,PCF_VIOLATION,PCF_VIOL_SUBSECTION,HIT_AND_RUN,TYPE_OF_COLLISION,MVIW,PED_ACTION,ROAD_SURFACE,ROAD_COND_1,ROAD_COND_2,LIGHTING,CONTROL_DEVICE,CHP_ROAD_TYPE,PEDESTRIAN_ACCIDENT,BICYCLE_ACCIDENT,MOTORCYCLE_ACCIDENT,TRUCK_ACCIDENT,NOT_PRIVATE_PROPERTY,ALCOHOL_INVOLVED,STWD_VEHTYPE_AT_FAULT,CHP_VEHTYPE_AT_FAULT,COUNT_SEVERE_INJ,COUNT_VISIBLE_INJ,COUNT_COMPLAINT_PAIN,COUNT_PED_KILLED,COUNT_PED_INJURED,COUNT_BICYCLIST_KILLED,COUNT_BICYCLIST_INJURED,COUNT_MC_KILLED,COUNT_MC_INJURED,PRIMARY_RAMP,SECONDARY_RAMP,LATITUDE,LONGITUDE,COUNTY,CITY,POINT_X,POINT_Y
91519753,2021,2021-07-14,9360,2021-07-01,1730,022370,,4,2,9,4900,0,3,5,,2,004,"PRESSLEY RD","CRYSTAL LAKE RANCH RD",200.00,N,N,A,-,N,,,,,,,,,,Y,2,0,1,1,C,-,18,,,N,F,A,A,A,G,-,A,D,0,,,Y,,Y,,-,"- ",1,0,0,0,0,0,0,0,1,"- ","- ",38.355140686035156,-122.63686370849609,SONOMA,UNINCORPORATED,-122.63684844970703,38.355026245117188
91520411,2021,2021-07-14,9360,2021-07-05,1215,020225,,1,1,9,4900,0,3,5,,2,005,"CHILENO VALLEY RD","WESTERN AVE",3696.00,W,N,A,-,N,,,,,,,,,,N,2,0,1,2,A,-,10,21954,B,N,G,B,E,A,H,-,A,D,0,Y,,,,Y,,A,01,1,0,0,0,1,0,0,0,0,"- ","- ",38.214168548583984,-122.66567230224609,SONOMA,UNINCORPORATED,-122.67012023925781,38.223018646240234
91523008,2021,2021-07-19,9360,2021-06-27,1430,019083,,7,2,9,4900,0,2,4,,1,054,"VALLEY FORD RD","CARROLL RD",290.00,W,N,A,B,N,,,,,,,,,,Y,2,0,1,1,A,-,03,22350,,N,F,A,A,A,H,-,A,D,0,,,Y,,Y,,C,02,1,0,0,0,0,0,0,0,1,"- ","- ",38.313331604003906,-122.88008880615234,SONOMA,UNINCORPORATED,-122.88005828857422,38.313369750976562
91525637,2021,2021-07-21,9360,2021-07-13,1855,016045,,2,2,9,4900,0,2,4,,1,042,"PETALUMA HILL RD","TERRA BELLA VISTA WAY",100.00,S,N,A,-,N,,,,,,,,,,Y,2,0,1,1,A,-,01,23152,G,N,E,I,A,A,H,-,A,A,0,,,Y,,Y,Y,C,02,1,0,0,0,0,0,0,0,1,"- ","- ",38,-122,SONOMA,UNINCORPORATED,-122.66739654541016,38.372222900390625
91526247,2021,2021-07-22,9360,2021-07-18,1128,021314,,7,1,9,4900,0,1,3,,1,021,"STATE ROUTE 128","PINE FLAT ROAD",3.00,W,N,A,-,Y,,,128,,,,,,,Y,2,0,1,1,A,-,08,22107,,N,F,A,A,A,B,-,A,D,0,,,Y,,Y,,C,02,1,0,0,0,0,0,0,0,1,"- ","- ",38.671619415283203,-122.81317138671875,SONOMA,UNINCORPORATED,-122.81316375732422,38.671607971191406
91528911,2021,2021-07-26,9360,2021-07-17,1615,020803,,6,2,9,4900,0,1,3,,1,061,SR-1,"KRUSE RANCH RD",8870.00,S,N,A,-,Y,,,1,,,,,,,Y,2,0,1,2,A,-,08,22107,,N,A,C,A,A,H,-,A,D,0,,,Y,,Y,,C,02,1,0,0,0,0,0,0,0,1,"- ","- ",38.577789306640625,-123.331787109375,SONOMA,UNINCORPORATED,-123.331787109375,38.577785491943359
91528998,2021,2021-07-26,9360,2021-07-18,1250,019083,,7,1,9,4900,0,3,5,,2,006,"WESTSHORE ROAD","BROOKE ROAD",250.00,W,N,A,-,N,,,,,,,,,,N,2,0,2,2,A,-,11,21954,A,N,G,B,D,A,G,-,A,D,0,Y,Y,,,Y,,N,60,1,0,1,0,1,0,1,0,0,"- ","- ",38.329250335693359,-123.05870056152344,SONOMA,UNINCORPORATED,-123.05896759033203,38.330638885498047
91529087,2021,2021-07-26,9360,2021-05-12,1756,020266,,3,2,9,4900,0,3,5,,2,003,"HIGH SCHOOL ROAD","E HURLBUT AVENUE",1848.00,N,N,A,-,N,,,,,,,,,,Y,1,1,2,3,A,-,01,23152,A,N,C,G,A,A,H,-,A,D,0,,Y,,,Y,Y,D,22,2,0,0,0,0,1,1,0,0,"- ","- ",38.418300628662109,-122.82808685302734,SONOMA,UNINCORPORATED,-122.82789611816406,38.417728424072266
91530961,2021,2021-07-28,9360,2021-07-26,1510,020285,,1,2,9,4900,0,2,4,,1,024,"PORTER CREEK RD","FRANZ VALLEY RD",1584.00,E,N,A,-,N,,,,,,,,,,Y,2,0,1,1,A,-,08,22107,,N,E,I,A,A,H,-,A,D,0,,,,,Y,,A,07,1,0,0,0,0,0,0,0,0,"- ","- ",38.558441162109375,-122.6900634765625,SONOMA,UNINCORPORATED,-122.68986511230469,38.558326721191406
91537260,2021,2021-08-13,9325,2021-07-27,0015,019067,,2,3,9,4900,0,3,5,,2,005,"SR-12 (BROADWAY)","WATMAUGH ROAD",1056.00,S,N,A,-,Y,,,12,,,,,,,N,2,0,1,1,A,-,08,22107,,M,E,I,A,A,H,-,D,D,0,,,,,Y,,D,22,1,0,0,0,0,0,0,0,0,"- ","- ",38.262020111083984,-122.46183776855469,SONOMA,UNINCORPORATED,-122.46174621582031,38.262252807617188
91541782,2021,2021-08-10,9360,2021-06-08,0710,013838,,2,1,9,4900,0,2,4,,1,024,"CALISTOGA RD","ST. HELENA ROAD",1584.00,N,N,A,-,N,,,,,,,,,,Y,1,1,0,1,A,-,08,22107,,N,F,J,A,A,H,-,A,D,0,,,,,Y,,D,22,0,0,0,0,0,0,0,0,0,"- ","- ",38.3031005859375,-122.39089965820312,SONOMA,UNINCORPORATED,-122.65267181396484,38.508731842041016
91542144,2021,2021-08-11,9360,2021-07-30,0730,022333,,5,1,9,4900,0,1,3,,1,013,SR-116,"CRESCENT AVE",950.00,W,N,A,-,Y,,,116,,,,,,,N,2,0,1,1,A,-,13,22515,A,N,H,B,A,A,H,-,A,D,0,,,,,Y,,A,08,1,0,0,0,0,0,0,0,0,"- ","- ",38.474250793457031,-123.00478363037109,SONOMA,UNINCORPORATED,-123.00477600097656,38.474227905273438
91542181,2021,2021-08-11,9360,2021-05-21,0820,021893,,5,1,9,4900,0,3,5,,2,003,"OCCIDENTAL ROAD",SR-116,1584.00,E,N,A,-,Y,,,,,,,,,,Y,1,1,0,3,A,-,05,21460,A,N,A,C,A,A,H,-,A,D,0,,,Y,,Y,,C,02,0,0,0,0,0,0,0,1,0,"- ","- ",38.427379608154297,-122.84245300292969,SONOMA,UNINCORPORATED,-122.84329223632812,38.426925659179688
91542747,2021,2021-08-11,9360,2021-07-29,1157,019359,,4,1,9,4900,0,1,3,,1,037,SR-116,"COVEY RD",231.00,E,N,A,-,Y,,,116,,,,,,,N,2,0,1,1,A,-,08,22107,,N,F,A,A,A,H,-,A,D,0,,,Y,,Y,,C,02,1,0,0,0,0,0,0,0,1,"- ","- ",38.473678588867188,-122.88934326171875,SONOMA,UNINCORPORATED,-122.88934326171875,38.473625183105469
91544956,2021,2021-08-16,9350,2021-07-31,1550,022066,,6,2,9,4900,0,3,5,,2,202,"SR-37 E/B",SR-121,2640.00,W,N,A,-,Y,,,37,,,,,,E,Y,2,0,2,1,A,-,03,22350,,N,E,8,A,A,H,-,A,D,0,,,,,Y,,A,07,1,1,0,0,0,0,0,0,0,"- ","- ",38.146369934082031,-122.45578002929688,SONOMA,UNINCORPORATED,-122.455810546875,38.146415710449219
91551582,2021,2021-08-23,9360,2021-06-12,1858,022257,,6,2,9,4900,0,1,2,,2,020,"US-101 SOUTHBOUND","330 FEET SOUTH OF CENTRAL HEALDSBURG AVENUE ON-RAM",0.00,,Y,A,-,Y,,,101,,,,,,S,Y,1,1,2,1,A,-,08,22107,,N,E,I,A,A,H,-,A,D,0,,,,,Y,,A,07,1,1,0,0,0,0,0,0,0,"- ","- ",38.600669860839844,-122.86379241943359,SONOMA,UNINCORPORATED,-122.86376953125,38.600696563720703
91563567,2021,2021-09-06,9360,2021-08-27,1825,022370,,5,2,9,4900,0,2,4,,1,038,"GOLD RIDGE RD","BODEGA HWY",0.00,,Y,A,-,N,,,,,,,,,,Y,2,0,1,2,A,-,09,21802,A,N,D,C,A,A,H,-,A,A,0,,,Y,,Y,Y,A,01,1,0,0,0,0,0,0,0,1,"- ","- ",38.394630432128906,-122.86393737792969,SONOMA,UNINCORPORATED,-122.86412811279297,38.394664764404297
91563903,2021,2021-09-07,9360,2021-08-20,2220,020748,,5,3,9,4900,0,1,2,,2,050,"US-101 S/B","RAILROAD AVE",1600.00,N,N,B,-,Y,,,101,,,,,,S,Y,2,0,4,3,A,-,01,23152,F,N,C,C,A,A,H,-,D,D,0,,,,,Y,,A,01,1,2,1,0,0,0,0,0,0,"- ","- ",38.306411743164062,-122.71063232421875,SONOMA,UNINCORPORATED,-122.71064758300781,38.306396484375
91564056,2021,2021-09-07,9360,2021-07-09,1225,016652,,5,1,9,4900,0,1,3,,1,021,SR-128,"FRANZ VALLEY ROAD",2323.00,E,N,A,-,Y,,,128,,,,,,,Y,1,1,0,1,A,-,08,22107,,N,E,I,A,A,H,-,A,D,0,,,Y,,Y,,C,02,0,0,0,0,0,0,0,1,0,"- ","- ",38.628520965576172,-122.66716003417969,SONOMA,UNINCORPORATED,-122.66719055175781,38.628490447998047
91570841,2021,2021-09-15,9360,2021-09-05,0255,021989,,7,3,9,4900,0,2,4,,1,032,"RIVER RD.","ODD FELLOWS PARK RD.",606.00,E,N,A,-,N,,,,,,,,,,Y,2,0,2,1,A,-,01,23152,A,N,E,I,A,A,H,-,D,D,0,,,,,Y,Y,D,22,1,1,0,0,0,0,0,0,0,"- ","- ",38.505680084228516,-122.95899963378906,SONOMA,UNINCORPORATED,-122.95938110351562,38.505756378173828
91574034,2021,2021-09-20,9360,2021-07-21,1635,020266,,3,2,9,4900,0,2,4,,1,044,"ADOBE ROAD (OLD ADOBE ROAD)","STAGE GULCH ROAD (SR-116)",1320.00,W,N,A,-,N,,,,,,,,,,Y,1,1,3,3,A,-,03,22350,,N,C,C,A,A,H,-,A,D,0,,,,,Y,,D,22,2,1,0,0,0,0,0,0,0,"- ","- ",38.237720489501953,-122.52957916259766,SONOMA,UNINCORPORATED,-122.53043365478516,38.238170623779297
91576443,2021,2021-09-22,9360,2021-09-10,1050,016652,,5,1,9,4900,0,3,5,,2,001,"FREDSON ROAD","INDEPENDENCE UNDERPASS",439.00,S,N,B,-,N,,,,,,,,,,Y,2,0,1,1,A,-,08,22107,,N,E,I,A,A,H,-,A,D,0,,,,,Y,,A,01,1,0,0,0,0,0,0,0,0,"- ","- ",38.6756591796875,-122.88117980957031,SONOMA,UNINCORPORATED,-122.881591796875,38.678600311279297
91576597,2021,2021-09-22,9360,2021-09-11,0735,020092,,6,1,9,4900,0,1,3,,1,053,SR-116,"LONE PINE RD",0.00,,Y,A,-,N,,,116,,,,,,,Y,2,0,1,3,A,-,09,21801,A,N,D,C,A,A,H,-,A,D,0,,,Y,,Y,,A,08,1,0,0,0,0,0,0,0,1,"- ","- ",38.365261077880859,-122.78130340576172,SONOMA,UNINCORPORATED,-122.78130340576172,38.365253448486328
91577125,2021,2021-09-22,9360,2021-09-12,1545,022333,,7,2,6,4905,0,1,2,,2,040,"US-101 S/B","TODD O/C",950.00,N,N,A,-,Y,,,,,,,,,,Y,2,0,1,1,A,-,08,22107,,N,F,0,A,A,H,-,A,D,0,,,,,Y,,A,07,1,0,0,0,0,0,0,0,0,"- ","- ",38.388931274414062,-122.71642303466797,SONOMA,"SANTA ROSA",-122.71628570556641,38.388198852539062
91579043,2021,2021-09-24,9360,2021-08-27,1109,020386,,5,1,9,4900,0,2,4,,1,047,"SR-116 (LAKEVILLE HWY)","SR-116 (STAGE GULCH RD)",0.00,,Y,A,-,Y,,,116,,,,,,,Y,1,1,0,2,A,-,12,22450,A,N,B,C,A,A,H,-,A,A,0,,,Y,Y,Y,,C,02,0,0,0,0,0,0,0,1,0,"- ","- ",38.212230682373047,-122.54953002929688,SONOMA,UNINCORPORATED,-122.54955291748047,38.212192535400391
91583633,2021,2021-09-30,9360,2021-07-24,0300,020905,,6,3,6,4905,0,1,3,,1,041,"US-101 NORTHBOUND","YOLANDA AVENUE",1650.00,S,N,A,-,Y,,,101,,,,,,N,Y,1,1,1,1,A,-,08,22107,,F,E,I,A,A,H,-,C,D,0,,,,,Y,,A,01,1,0,0,0,0,0,0,0,0,"- ","- ",38.408760070800781,-122.71566009521484,SONOMA,"SANTA ROSA",-122.7159423828125,38.408760070800781
91585840,2021,2021-10-01,9360,2021-08-11,0210,021458,,3,3,9,4900,0,2,4,,1,043,"OLD REDWOOD HIGHWAY","HIGHLAND AVE",190.00,S,N,A,-,N,,,,,,,,,,Y,1,1,0,1,A,-,08,22107,,F,E,I,A,A,H,-,D,D,0,,,Y,,Y,Y,C,02,0,0,0,0,0,0,0,1,0,"- ","- ",38.308120727539062,-122.68927001953125,SONOMA,UNINCORPORATED,-122.68921661376953,38.308177947998047
91585885,2021,2021-10-01,9360,2021-04-10,2327,020828,,6,3,9,4900,0,1,3,,1,063,"SR-1 (SHORELINE HIGHWAY)","VALLEY FORD ROAD",1056.00,N,N,A,-,Y,,,1,,,,,,,Y,2,0,3,3,A,-,01,23152,A,N,C,C,A,A,H,-,D,D,0,,,,,Y,Y,D,22,2,1,0,0,0,0,0,0,0,"- ","- ",38.317981719970703,-122.90000915527344,SONOMA,UNINCORPORATED,-122.89999389648438,38.318016052246094
91590449,2021,2021-10-07,9360,2021-09-27,0100,021989,,1,3,9,4900,0,3,5,,2,002,"RIVER RD.","TRIMBLE LN.",1796.00,N,N,A,-,N,,,,,,,,,,Y,2,0,2,1,A,-,01,23152,A,N,E,I,A,A,H,-,D,D,0,,,,,Y,Y,A,01,2,0,0,0,0,0,0,0,0,"- ","- ",38.804248809814453,-122.99073791503906,SONOMA,UNINCORPORATED,-122.99073028564453,38.804206848144531
91592652,2021,2021-10-11,9360,2021-09-23,2100,021904,,4,2,5,4908,0,2,4,,1,043,"OLD REDWOOD HIGHWAY","ELY ROAD NORTH",0.00,,Y,A,-,N,,,,,,,,,,Y,2,0,2,2,A,-,09,21801,A,N,A,C,A,A,H,-,C,D,0,,,Y,,Y,Y,A,01,1,0,1,0,0,0,0,0,1,"- ","- ",38.283828735351562,-122.66751098632812,SONOMA,PETALUMA,-122.66751098632812,38.283847808837891
91596584,2021,2021-10-14,9360,2021-09-13,1355,020285,,1,1,9,4900,0,1,3,,1,021,SR-128,"LA FRANCHI RD",1584.00,W,N,A,-,Y,,,128,,,,,,,Y,1,1,2,1,A,-,08,22107,,N,E,I,A,A,H,-,A,D,0,,,,,Y,,A,07,1,1,0,0,0,0,0,0,0,"- ","- ",38.649368286132812,-122.73277282714844,SONOMA,UNINCORPORATED,-122.73279571533203,38.649326324462891
91596737,2021,2021-10-14,9360,2021-10-06,1115,018881,,3,1,9,4900,0,3,5,,2,006,"STEWARTS POINT SKAGGS SPRINGS ROAD",SR-1,5280.00,E,N,A,-,N,,,,,,,,,,N,2,0,1,1,A,-,08,22107,,N,F,A,A,A,H,-,A,D,0,,Y,,,Y,,L,04,1,0,0,0,0,0,1,0,0,"- ","- ",38.655380249023438,-123.38664245605469,SONOMA,UNINCORPORATED,-123.38320922851562,38.653476715087891
91600690,2021,2021-10-19,9360,2021-10-09,1553,022693,,6,2,9,4900,0,2,4,,1,024,"SAINT HELENA RD EASTBOUND","NEAL CREEK ROAD",150.00,W,N,A,-,N,,,,,,,,,,N,2,0,2,2,A,-,03,22350,,N,F,A,A,A,A,-,A,D,0,,,Y,,Y,,C,02,1,1,0,0,0,0,0,0,2,"- ","- ",38.516918182373047,-122.58297729492188,SONOMA,UNINCORPORATED,-122.61038970947266,38.519763946533203
91604798,2021,2021-10-25,9360,2021-10-09,2215,022146,,6,3,9,4900,0,2,4,,1,046,"CRANE CANYON RD.","MOON RD.",0.15,W,N,A,-,N,,,,,,,,,,Y,2,0,3,1,A,-,03,22350,,N,E,I,A,A,H,-,D,D,0,,,,,Y,,A,01,3,0,0,0,0,0,0,0,0,"- ","- ",38.368408203125,-122.64869689941406,SONOMA,UNINCORPORATED,-122.64584350585938,38.369209289550781
91611759,2021,2021-11-01,9360,2021-10-20,0023,018497,,3,3,9,4900,0,1,2,,2,030,"US-101 S/B","RIVER ROAD OVERCROSSING",1584.00,N,N,C,-,Y,,,101,,,,,,S,Y,2,0,2,1,A,-,08,22107,,N,E,8,A,B,H,-,C,D,0,,,,,Y,,A,01,1,1,0,0,0,0,0,0,0,"- ","- ",38.499050140380859,-122.76059722900391,SONOMA,UNINCORPORATED,-122.76055145263672,38.499114990234375
91616566,2021,2021-11-04,9360,2021-10-28,0755,013838,,4,1,9,4900,0,1,3,,1,041,SR-12,"ADOBE CANYON ROAD",93.00,W,N,B,E,Y,,,,,,,,,,Y,2,0,3,3,A,-,03,22350,,N,C,C,A,B,H,-,A,D,0,,,,,Y,,A,01,1,2,0,0,0,0,0,0,0,"- ","- ",38.252799987792969,-122.33219909667969,SONOMA,UNINCORPORATED,-122.55641174316406,38.42449951171875
91616603,2021,2021-11-04,9360,2021-10-28,1508,020266,,4,2,9,4900,0,1,3,,1,013,"SR-116 (MAIN STREET)","MILL STREET",0.00,,Y,A,-,Y,,,116,,,,,,,N,2,0,1,2,A,-,10,21950,A,N,G,B,B,A,H,-,A,D,0,Y,,,,Y,,A,01,1,0,0,0,1,0,0,0,0,"- ","- ",38.501979827880859,-123.00023651123047,SONOMA,UNINCORPORATED,-123.00023651123047,38.501991271972656
91623252,2021,2021-11-12,9325,2021-11-03,1550,018954,,3,2,9,4900,0,1,3,,1,063,"SR-12 W/B","ARROYO DRIVE",124.00,W,N,A,-,N,,,12,,,,,,W,N,2,0,1,2,A,-,09,21801,A,N,D,G,A,A,H,-,A,D,0,,Y,,,Y,,A,07,1,0,0,0,0,0,1,0,0,"- ","- ",38.313251495361328,-122.48113250732422,SONOMA,UNINCORPORATED,-122.48118591308594,38.313217163085938
91628025,2021,2021-11-18,9360,2021-08-08,0410,017761,,7,3,4,4904,0,1,2,,2,050,"US-101 NORTHBOUND","ROHNERT PARK EXPRESSWAY",98.00,N,N,B,-,Y,,,101,,,,,,N,Y,1,1,4,4,A,-,13,21718,A,N,G,1,E,A,H,-,C,D,0,Y,,,,Y,Y,N,60,0,4,0,1,0,0,0,0,0,"- ","- ",38.348548889160156,-122.7130126953125,SONOMA,"ROHNERT PARK",-122.71294403076172,38.348552703857422
91632508,2021,2021-11-22,9360,2021-11-12,1725,020828,,5,2,4,4904,0,1,2,,2,050,"US-101 N/B","ROHNERT PARK EXPRESSWAY",1200.00,S,N,A,-,Y,,,101,,,,,,N,Y,2,0,2,4,A,-,03,22350,,N,C,C,A,A,H,-,C,D,0,,,,,Y,,A,07,1,0,1,0,0,0,0,0,0,"- ","- ",38.336811065673828,-122.71282958984375,SONOMA,"ROHNERT PARK",-122.71274566650391,38.336811065673828
91632838,2021,2021-11-23,9325,2021-11-20,0340,021425,,6,3,9,4900,0,1,3,,1,053,"SR116 W/B TO ARNOLD DRIVE N/B",SR-116,200.00,N,N,E,-,Y,,,116,,,,R,,W,Y,2,0,3,1,A,-,01,23152,A,N,E,I,A,B,H,-,D,D,0,,,,,Y,Y,A,01,3,0,0,0,0,0,0,0,0,"- ","- ",38.254730224609375,-122.47891998291016,SONOMA,UNINCORPORATED,-122.47891998291016,38.254730224609375
91632841,2021,2021-11-23,9360,2021-11-12,1730,022257,,5,2,6,4905,0,1,2,,2,040,"SR-12 E/B","DUTTON AVE",1200.00,E,N,A,-,Y,,,12,,,,,,E,Y,2,0,1,1,A,-,08,22107,,N,E,8,A,A,H,-,B,D,0,,,,,Y,,A,01,1,0,0,0,0,0,0,0,0,"- ","- ",38.433151245117188,-122.72164916992188,SONOMA,"SANTA ROSA",-122.72164154052734,38.433223724365234
91633350,2021,2021-11-23,9360,2021-10-02,1115,020803,,6,1,9,4900,0,1,3,,1,063,SR-1,"CARLEVARO WAY",650.00,S,N,A,-,Y,,,1,,,,,,,Y,1,1,0,1,A,-,08,22107,,N,F,A,A,A,H,-,A,D,0,,,Y,,Y,,C,02,0,0,0,0,0,0,0,1,0,"- ","- ",38.410381317138672,-123.09750366210938,SONOMA,UNINCORPORATED,-123.09750366210938,38.410358428955078
91633357,2021,2021-11-23,9360,2021-10-26,2045,021187,,2,2,9,4900,0,1,2,,2,030,SR-128,"STREBEL ROAD",70.00,W,N,C,-,Y,,,,,,,,,,Y,1,1,0,1,A,-,08,22107,,N,D,I,A,B,H,-,D,D,0,,,,,Y,,A,01,0,0,0,0,0,0,0,0,0,"- ","- ",38.349899291992188,-122.72083282470703,SONOMA,UNINCORPORATED,-122.65770721435547,38.611736297607422
91636588,2021,2021-11-29,9360,2021-11-12,1630,017761,,5,2,9,4900,0,2,4,,1,032,"RIVER ROAD","TRENTON-HEALDSBURG ROAD",0.00,,Y,A,-,N,,,,,,,,,,Y,2,0,1,3,A,-,09,21801,A,N,D,C,A,A,H,-,A,D,0,,,,,Y,,D,22,1,0,0,0,0,0,0,0,0,"- ","- ",38.488349914550781,-122.85507965087891,SONOMA,UNINCORPORATED,-122.85511016845703,38.488265991210938
91642172,2021,2021-12-03,9325,2021-11-28,1420,021382,,7,2,9,4900,0,3,5,,2,006,"LONDON RANCH RD.","CHAUVET RD.",1584.00,W,N,A,-,N,,,,,,,,,,N,2,0,1,1,A,-,08,22107,,N,E,I,A,A,H,-,A,D,0,,,,,Y,,M,96,1,0,0,0,0,0,0,0,0,"- ","- ",38.361709594726562,-122.53563690185547,SONOMA,UNINCORPORATED,-122.53493499755859,38.362098693847656
91647757,2021,2022-08-30,9360,2021-10-17,0130,019794,,7,3,9,4900,0,1,2,,2,030,"US-101 S/B TO ARATA LANE","ARATA LANE",2500.00,N,N,A,-,Y,,,101,,,,R,,S,Y,1,1,0,1,A,-,01,23152,,N,E,8,A,A,H,-,C,D,0,,,,,Y,Y,A,01,0,0,0,0,0,0,0,0,0,"- ","- ",38.567211151123047,-122.82884979248047,SONOMA,UNINCORPORATED,-122.82884979248047,38.567211151123047
91653703,2021,2021-12-16,9360,2021-11-20,2335,021989,,6,3,9,4900,0,1,2,,1,060,"US-101 SOUTHBOUND","PETALUMA BOULEVARD NORTH",1200.00,N,N,A,-,Y,,,,,,,,,,Y,2,0,1,2,A,-,00,21960,A,N,G,B,E,A,H,-,C,D,0,Y,,,,Y,,N,60,1,0,0,0,1,0,0,0,0,"- ","- ",38.274421691894531,-122.67324066162109,SONOMA,UNINCORPORATED,-122.67015838623047,38.272090911865234
91660493,2021,2021-12-23,9360,2021-12-13,0414,021904,,1,3,9,4900,0,3,5,,2,003,"AIRPORT BLVD","REGIONAL PARKWAY",220.00,W,N,C,-,N,,,,,,,,,,Y,2,0,1,1,A,-,01,23152,A,N,E,I,A,B,H,-,C,D,0,,,,,Y,Y,A,07,1,0,0,0,0,0,0,0,0,"- ","- ",38.511081695556641,-122.78720092773438,SONOMA,UNINCORPORATED,-122.78707122802734,38.511131286621094
91662149,2021,2021-12-27,9325,2021-12-16,1730,021081,,4,2,9,4900,0,3,5,,2,006,"VERANO AVE","LOMITA AVE",0.00,,Y,A,-,N,,,,,,,,,,N,2,0,1,2,D,-,00,,,N,G,B,D,A,H,-,D,A,0,Y,,,,Y,,-,"- ",1,0,0,0,1,0,0,0,0,"- ","- ",38.302539825439453,-122.47283172607422,SONOMA,UNINCORPORATED,-122.47459411621094,38.302650451660156
91673470,2021,2022-03-18,9360,2021-10-30,2105,022370,,6,2,9,4900,0,2,4,,1,024,"PORTER CREEK ROAD","POSTWOOD LANE",1050.00,E,N,B,-,N,,,,,,,,,,Y,1,1,6,2,A,-,01,23152,G,N,A,C,A,B,H,-,D,D,0,,,,,Y,Y,A,01,1,3,2,0,0,0,0,0,0,"- ","- ",38.555191040039062,-122.67575836181641,SONOMA,UNINCORPORATED,-122.67586517333984,38.555271148681641
91674343,2021,2022-01-10,9360,2021-12-21,0955,016660,,2,1,9,4900,0,2,4,,1,042,"PETALUMA HILL RD","E. RAILROAD AVE",741.00,S,N,B,-,N,,,,,,,,,,Y,2,0,2,2,A,-,05,21460,A,N,A,C,A,A,H,-,A,D,0,,,,,Y,,D,22,2,0,0,0,0,0,0,0,0,"- ","- ",38.312160491943359,-122.66667938232422,SONOMA,UNINCORPORATED,-122.66664886474609,38.312244415283203
91674753,2022,2022-01-10,9360,2022-01-01,1730,021904,,6,2,9,4900,0,1,3,,1,063,SR-1,"CARMET DRIVE",0.00,,Y,A,-,Y,SON,,1,,,14.096,H,,R,Y,2,0,3,2,A,-,05,21460,A,N,A,C,A,A,H,-,B,D,0,,,,,Y,,A,01,1,2,0,0,0,0,0,0,0,"- ","- ",38.371181488037109,-123.07466888427734,SONOMA,UNINCORPORATED,-123.07466125488281,38.371181488037109
91678364,2022,2022-01-14,9360,2022-01-05,0935,015434,,3,1,9,4900,0,2,4,,1,052,"TODD RD","STONY POINT RD",0.00,,Y,B,-,N,,,,,,,,,,Y,2,0,1,2,A,-,17,21451,A,N,A,C,A,A,H,-,A,A,0,,,,,Y,,D,22,1,0,0,0,0,0,0,0,0,"- ","- ",38.387298583984375,-122.74122619628906,SONOMA,UNINCORPORATED,-122.74156951904297,38.387142181396484
91681802,2022,2022-01-20,9360,2022-01-11,1515,020828,,2,2,9,4900,0,2,4,,1,046,"5364 BENNETT VALLEY RD","CARRITHERS RD",1815.00,W,N,A,-,N,,,,,,,,,,N,2,0,1,1,A,-,01,23152,A,N,E,I,A,A,H,-,A,D,0,,,,,Y,Y,A,01,1,0,0,0,0,0,0,0,0,"- ","- ",38.413818359375,-122.65273284912109,SONOMA,UNINCORPORATED,-122.64788055419922,38.411579132080078