CASE_ID,ACCIDENT_YEAR,PROC_DATE,JURIS,COLLISION_DATE,COLLISION_TIME,OFFICER_ID,REPORTING_DISTRICT,DAY_OF_WEEK,CHP_SHIFT,POPULATION,CNTY_CITY_LOC,SPECIAL_COND,BEAT_TYPE,CHP_BEAT_TYPE,CITY_DIVISION_LAPD,CHP_BEAT_CLASS,BEAT_NUMBER,PRIMARY_RD,SECONDARY_RD,DISTANCE,DIRECTION,INTERSECTION,WEATHER_1,WEATHER_2,STATE_HWY_IND,CALTRANS_COUNTY,CALTRANS_DISTRICT,STATE_ROUTE,ROUTE_SUFFIX,POSTMILE_PREFIX,POSTMILE,LOCATION_TYPE,RAMP_INTERSECTION,SIDE_OF_HWY,TOW_AWAY,COLLISION_SEVERITY,NUMBER_KILLED,NUMBER_INJURED,PARTY_COUNT,PRIMARY_COLL_FACTOR,PCF_CODE_OF_VIOL,PCF_VIOL_CATEGORY,PCF_VIOLATION,PCF_VIOL_SUBSECTION,HIT_AND_RUN,TYPE_OF_COLLISION,MVIW,PED_ACTION,ROAD_SURFACE,ROAD_COND_1,ROAD_COND_2,LIGHTING,CONTROL_DEVICE,CHP_ROAD_TYPE,PEDESTRIAN_ACCIDENT,BICYCLE_ACCIDENT,MOTORCYCLE_ACCIDENT,TRUCK_ACCIDENT,NOT_PRIVATE_PROPERTY,ALCOHOL_INVOLVED,STWD_VEHTYPE_AT_FAULT,CHP_VEHTYPE_AT_FAULT,COUNT_SEVERE_INJ,COUNT_VISIBLE_INJ,COUNT_COMPLAINT_PAIN,COUNT_PED_KILLED,COUNT_PED_INJURED,COUNT_BICYCLIST_KILLED,COUNT_BICYCLIST_INJURED,COUNT_MC_KILLED,COUNT_MC_INJURED,PRIMARY_RAMP,SECONDARY_RAMP,LATITUDE,LONGITUDE,COUNTY,CITY,POINT_X,POINT_Y
91684963,2021,2022-01-25,9360,2021-12-12,2200,018497,,7,3,9,4900,0,2,4,,1,034,SR-116,"GUERNEVILLE ROAD",0.00,,Y,B,C,N,,,116,,,,,,,Y,1,1,0,1,A,-,08,22107,,N,E,I,A,B,H,-,C,A,0,,,,,Y,Y,A,07,0,0,0,0,0,0,0,0,0,"- ","- ",38.450130462646484,-122.86786651611328,SONOMA,UNINCORPORATED,-122.86776733398438,38.450153350830078
91697564,2022,2022-02-10,9360,2022-01-23,2150,019092,,7,2,9,4900,0,2,4,,1,022,"OLD REDWOOD HWY","EASTSIDE RD",0.00,,Y,A,-,N,,,,,,,,,,Y,2,0,5,1,A,-,01,23152,A,F,E,I,A,A,H,-,C,A,0,,,,,Y,Y,A,01,2,3,0,0,0,0,0,0,0,"- ","- ",38.573200225830078,-122.84046173095703,SONOMA,UNINCORPORATED,-122.84049987792969,38.573200225830078
91697653,2022,2022-02-10,9360,2022-02-02,0915,015434,,3,1,9,4900,0,3,5,,2,005,"LUDWIG AVE","S. WRIGHT RD",1056.00,W,N,A,-,N,,,,,,,,,,N,2,0,1,3,A,-,01,23152,A,N,C,C,F,A,H,-,A,D,0,Y,,,Y,Y,Y,D,22,1,0,0,0,1,0,0,0,0,"- ","- ",38.403541564941406,-122.77329254150391,SONOMA,UNINCORPORATED,-122.77246856689453,38.403511047363281
91702266,2022,2022-02-16,9360,2022-02-07,0550,015812,,1,3,9,4900,0,3,5,,2,002,"LYTTON STATION ROAD","HASSETT LANE",212.00,E,N,B,E,N,,,,,,,,,,Y,2,0,1,1,A,-,08,22107,,N,F,A,A,B,H,-,D,D,0,,,,,Y,,D,22,1,0,0,0,0,0,0,0,0,"- ","- ",38.663818359375,-122.86241912841797,SONOMA,UNINCORPORATED,-122.86252593994141,38.663810729980469
91706159,2022,2022-02-22,9360,2022-02-13,2136,021989,,7,2,6,4905,0,1,3,,1,051,SR-12,"STONY POINT RD.",3353.00,W,N,A,-,Y,SON,,12,,R,13.705,H,,R,N,2,0,1,2,A,-,00,21960,A,N,G,B,E,A,H,-,D,D,0,Y,,,,Y,Y,N,60,1,0,0,0,1,0,0,0,0,"- ","- ",38.429191589355469,-122.75531005859375,SONOMA,"SANTA ROSA",-122.75527954101562,38.428970336914062
91707552,2022,2022-02-24,9360,2022-02-11,0209,022370,,5,3,6,4905,0,1,2,,2,040,"US-101 SB","COLLEGE AVE",1345.00,N,N,A,-,Y,SON,,101,,,21.042,H,,L,N,2,0,1,1,A,-,01,23152,A,N,E,I,A,A,H,-,C,D,0,,,,,Y,Y,A,01,1,0,0,0,0,0,0,0,0,"- ","- ",38.449581146240234,-122.72604370117188,SONOMA,"SANTA ROSA",-122.72606658935547,38.449577331542969
91714015,2022,2022-03-03,9360,2022-02-19,1725,020828,,6,2,9,4900,0,3,5,,2,005,"LLANO RD","DOYLE RD",64.00,S,N,A,-,N,,,,,,,,,,Y,2,0,3,1,A,-,01,23152,A,N,E,I,A,A,H,-,A,D,0,,,,,Y,Y,A,07,2,0,1,0,0,0,0,0,0,"- ","- ",38.401050567626953,-122.78758239746094,SONOMA,UNINCORPORATED,-122.78756713867188,38.401069641113281
91714095,2022,2022-03-03,9325,2022-02-21,0100,019847,,1,3,9,4900,0,3,5,,2,006,"LAUREL AVENUE","BAY STREET",30.00,W,N,A,-,N,,,,,,,,,,N,2,0,1,2,D,-,00,,,N,G,B,E,A,H,-,C,D,0,Y,,,,Y,Y,-,"- ",1,0,0,0,1,0,0,0,0,"- ","- ",38.300361633300781,-122.48745727539062,SONOMA,UNINCORPORATED,-122.48738861083984,38.300418853759766
91718404,2021,2022-03-09,9360,2021-11-03,1445,019794,,3,2,9,4900,0,1,3,,1,053,SR-116,"OLD GRAVENSTEIN HIGHWAY",55.00,W,N,A,-,Y,,,116,,,,,,,Y,1,1,0,2,A,-,11,21954,A,N,G,B,D,A,H,-,A,D,0,Y,,,,Y,Y,N,60,0,0,0,1,0,0,0,0,0,"- ","- ",38.37548828125,-122.79286956787109,SONOMA,UNINCORPORATED,-122.79290008544922,38.375450134277344
91720627,2022,2022-03-11,9360,2022-02-27,2125,021458,,7,2,9,4900,0,3,5,,2,003,"FERGUSON RD","WINSBY RD",30.00,S,N,B,-,N,,,,,,,,,,Y,2,0,1,1,A,-,01,23152,A,N,E,I,A,A,H,-,D,D,0,,,,,Y,Y,A,01,1,0,0,0,0,0,0,0,0,"- ","- ",38.402431488037109,-122.86863708496094,SONOMA,UNINCORPORATED,,
9172252,2020,2020-12-07,4905,2020-08-11,1942,SR8921,,2,5,6,4905,0,0,0,,0,004,"RT 12","LOS ALAMOS RD",0.00,,Y,A,-,Y,SON,4,12,-,-,21.447,I,5,W,Y,2,0,1,2,A,-,12,21453,A,N,D,C,A,A,H,-,B,A,0,,,,,Y,,D,22,1,0,0,0,0,0,0,0,0,"- ","- ",,,SONOMA,"SANTA ROSA",-122.63090515136719,38.457450866699219
91725198,2022,2022-03-17,9360,2022-02-27,0005,022362,,7,3,9,4900,0,2,4,,1,052,"TODD RD","STONY POINT RD",0.00,,Y,A,-,N,,,,,,,,,,N,2,0,1,3,B,-,22,,,F,G,B,E,A,G,-,C,A,0,Y,,,,Y,,A,01,1,0,0,0,1,0,0,0,0,"- ","- ",38.387248992919922,-122.7413330078125,SONOMA,UNINCORPORATED,-122.74156951904297,38.387142181396484
91728755,2022,2022-03-22,9360,2022-03-10,0515,022370,,4,3,9,4900,0,2,4,,1,052,"STONY POINT RD","TODD RD",474.00,N,N,A,-,N,,,,,,,,,,N,2,0,2,2,A,-,11,21954,A,N,G,B,D,A,H,-,C,D,0,Y,,Y,,Y,,N,60,2,0,0,0,1,0,0,0,1,"- ","- ",38.388530731201172,-122.74154663085938,SONOMA,UNINCORPORATED,-122.74153900146484,38.388442993164062
91729676,2022,2022-03-23,9360,2022-03-15,0200,021458,,2,3,9,4900,0,1,3,,1,053,"SR-116 (GRAVENSTEIN HIGHWAY)","RANCHO DRIVE",15.00,W,N,B,C,Y,SON,,116,,,30.159,H,,R,Y,2,0,1,1,A,-,01,23152,A,N,E,8,A,B,H,-,D,D,0,,,,,Y,Y,A,07,1,0,0,0,0,0,0,0,0,"- ","- ",38.367618560791016,-122.78289031982422,SONOMA,UNINCORPORATED,-122.78296661376953,38.367588043212891
91736598,2022,2022-03-29,9360,2022-03-23,1448,018828,,3,2,9,4900,0,2,4,,1,024,"PETRIFIED FOREST ROAD","PORTER CREEK ROAD",5808.00,E,N,A,-,N,,,,,,,,,,Y,2,0,1,2,A,-,09,21804,A,N,D,C,A,A,H,-,A,D,0,,,Y,,Y,,A,01,1,0,0,0,0,0,0,0,1,"- ","- ",38.559261322021484,-122.63350677490234,SONOMA,UNINCORPORATED,-122.63365936279297,38.559192657470703
91736931,2022,2022-03-30,9360,2022-03-23,1920,020803,,3,2,9,4900,0,1,3,,1,061,SR-1,"BURKE AVE",600.00,N,N,A,-,Y,SON,,1,,,21.893,H,,R,Y,2,0,1,1,A,-,08,22107,,N,F,A,A,A,H,-,D,D,0,,,,,Y,,A,07,1,0,0,0,0,0,0,0,0,"- ","- ",38.451580047607422,-123.12586212158203,SONOMA,UNINCORPORATED,-123.12586212158203,38.451568603515625
91738354,2022,2022-03-31,9325,2022-03-20,1720,021081,,7,2,9,4900,0,3,5,,2,005,"NAPA ROAD","DENMARK STREET",0.00,,Y,A,-,N,,,,,,,,,,Y,2,0,1,2,A,-,05,21460,A,N,D,C,A,A,H,-,A,D,0,,,Y,,Y,Y,C,02,1,0,0,0,0,0,0,0,1,"- ","- ",38.271270751953125,-122.42326354980469,SONOMA,UNINCORPORATED,-122.42327117919922,38.271331787109375
91747266,2022,2022-04-13,9360,2022-04-04,1615,016045,,1,2,5,4908,0,1,2,,1,060,"US-101 S/B","CORONA RD O/C",5808.00,S,N,A,-,Y,SON,,101,,,5.791,H,,L,N,2,0,2,4,A,-,03,22350,,N,C,2,A,A,H,-,A,D,0,,,,,Y,,A,01,1,0,1,0,0,0,0,0,0,"- ","- ",38.255039215087891,-122.64376831054688,SONOMA,PETALUMA,-122.64376068115234,38.255050659179688
91757805,2022,2022-05-17,9360,2022-04-17,1920,020961,,7,2,9,4900,0,2,4,,1,047,"LAKEVILLE HWY",SR-37,300.00,N,N,A,-,N,,,,,,,,,,N,2,0,1,2,A,-,08,22107,,N,D,C,A,A,H,-,A,D,0,,,,,Y,,A,07,1,0,0,0,0,0,0,0,0,"- ","- ",38.134960174560547,-122.47702789306641,SONOMA,UNINCORPORATED,-122.47697448730469,38.134868621826172
91763110,2022,2022-05-03,9360,2022-04-12,1738,018828,,2,2,9,4900,0,1,2,,2,030,"US-101 S/B","RIVER ROAD",502.00,N,N,A,-,Y,SON,,101,,,25.000,H,,L,Y,2,0,3,4,A,-,03,22350,,F,C,C,A,A,H,-,A,D,0,,,,,Y,Y,A,01,1,0,2,0,0,0,0,0,0,"- ","- ",38.497280120849609,-122.75824737548828,SONOMA,UNINCORPORATED,-122.75812530517578,38.497383117675781
91763232,2022,2022-05-03,9360,2022-04-14,1200,013838,,4,1,9,4900,0,2,4,,1,046,"BENNETT VALLEY RD","YULUPA AVE",10560.00,E,N,C,-,N,,,,,,,,,,Y,2,0,1,1,A,-,08,22107,,N,E,I,A,B,H,-,A,D,0,,,,,Y,,D,22,1,0,0,0,0,0,0,0,0,"- ","- ",38.412338256835938,-122.65067291259766,SONOMA,UNINCORPORATED,-122.63916015625,38.400436401367188
91763374,2022,2022-05-03,9360,2022-04-23,1238,019366,,6,1,9,4900,0,3,5,,2,003,"HIGH SCHOOL ROAD","JERUSALEM ROAD",159.00,S,N,A,-,N,,,,,,,,,,Y,2,0,1,1,A,-,05,21460,A,N,E,I,A,A,H,-,A,A,0,,,Y,,Y,,C,02,1,0,0,0,0,0,0,0,1,"- ","- ",38.423099517822266,-122.83174896240234,SONOMA,UNINCORPORATED,-122.83171844482422,38.423160552978516
91767626,2022,2022-05-09,9360,2022-02-19,0359,021989,,6,3,9,4900,0,1,2,,2,030,"US-101 SOUTHBOUND","RIVER ROAD",306.00,S,N,A,-,Y,SON,,101,,,24.794,H,,L,Y,1,1,0,2,A,-,00,21960,A,N,G,B,E,A,H,-,C,D,0,Y,,,,Y,Y,N,60,0,0,0,1,0,0,0,0,0,"- ","- ",38.495410919189453,-122.75531768798828,SONOMA,UNINCORPORATED,-122.75533294677734,38.495395660400391
91775649,2022,2022-05-19,9360,2022-05-09,1550,020201,,1,2,9,4900,0,1,2,,1,060,"US-101 SOUTHBOUND","SONOMA/MARIN COUNTY LINE",4224.00,N,N,A,-,Y,SON,,101,,R,0.860,H,,L,Y,2,0,1,1,A,-,07,21658,A,N,E,I,A,A,H,-,A,D,0,,,,,Y,,A,01,1,0,0,0,0,0,0,0,0,"- ","- ",38.196498870849609,-122.59976959228516,SONOMA,UNINCORPORATED,-122.59971618652344,38.196491241455078
91776649,2022,2022-05-20,9360,2022-05-10,1014,015812,,2,1,9,4900,0,2,4,,1,012,"DRY CREEK ROAD","CANYON ROAD",5280.00,S,N,A,-,N,,,,,,,,,,Y,2,0,1,1,A,-,01,23152,A,N,E,I,A,A,H,-,A,D,0,,,,,Y,Y,D,22,1,0,0,0,0,0,0,0,0,"- ","- ",38.686649322509766,-122.94577026367188,SONOMA,UNINCORPORATED,-122.94645690917969,38.687484741210938
91778834,2022,2022-05-24,9360,2022-05-15,1635,021195,,7,2,9,4900,0,1,3,,1,063,SR-1,"KEEFE AVE",412.00,N,N,A,-,Y,SON,,1,,,12.267,H,,R,N,2,0,1,1,A,-,08,22107,,N,E,I,A,A,H,-,A,D,0,,,Y,,Y,,C,02,1,0,0,0,0,0,0,0,1,"- ","- ",38.349838256835938,-123.05960845947266,SONOMA,UNINCORPORATED,-123.05958557128906,38.349849700927734
91779226,2022,2022-05-24,9360,2022-05-09,0930,019794,,1,1,9,4900,1,1,3,,1,041,SR-12,"LOS GUILLICOS RD",2505.00,W,N,A,-,Y,SON,,12,,,24.062,H,,R,Y,2,0,2,2,A,-,01,23152,A,N,A,C,A,A,H,-,A,D,0,,,,,Y,Y,A,07,1,1,0,0,0,0,0,0,0,"- ","- ",38.439441680908203,-122.5882568359375,SONOMA,UNINCORPORATED,-122.58826446533203,38.439426422119141
91786732,2022,2022-06-02,9360,2022-03-21,0752,020266,,1,1,9,4900,0,2,4,,1,032,"RIVER ROAD","WOOLSEY ROAD",300.00,E,N,A,-,N,,,,,,,,,,Y,1,1,0,1,A,-,08,22107,,N,E,I,A,A,H,-,A,D,0,,,,,Y,,E,22,0,0,0,0,0,0,0,0,0,"- ","- ",38.493381500244141,-122.78694152832031,SONOMA,UNINCORPORATED,-122.78663635253906,38.493576049804688
91786804,2022,2022-06-02,9360,2022-05-25,1240,018881,,3,1,9,4900,0,1,3,,1,063,SR-1,SR-116,5280.00,S,N,A,-,Y,SON,,1,,,19.225,H,,R,Y,2,0,1,1,A,-,08,22107,,N,F,A,A,A,H,-,A,D,0,,,Y,,Y,,C,02,1,0,0,0,0,0,0,0,1,"- ","- ",38.431808471679688,-123.10836029052734,SONOMA,UNINCORPORATED,-123.10838317871094,38.431877136230469
91788131,2022,2022-06-03,9360,2022-05-26,1705,020729,,4,2,6,4905,0,1,2,,2,040,"US-101 N/B","SIXTH STREET",75.00,N,N,B,-,Y,SON,,101,,,20.301,H,,R,Y,2,0,2,4,A,-,01,23152,A,N,C,2,A,A,H,-,A,D,0,,,,,Y,Y,A,01,1,0,1,0,0,0,0,0,0,"- ","- ",38.439968109130859,-122.71977233886719,SONOMA,"SANTA ROSA",-122.71977233886719,38.439971923828125
91789720,2022,2022-06-07,9360,2022-05-27,1700,017761,,5,2,9,4900,0,1,3,,1,021,SR-128,"FREEMAN RD",4752.00,W,N,A,-,Y,SON,,128,,,20.072,H,,R,Y,2,0,1,1,A,-,01,23152,A,N,E,8,A,A,H,-,A,D,0,,,,,Y,Y,A,01,1,0,0,0,0,0,0,0,0,"- ","- ",38.642898559570312,-122.70468902587891,SONOMA,UNINCORPORATED,-122.70470428466797,38.642868041992188
91792713,2022,2022-06-10,9360,2022-05-28,0220,022333,,6,3,9,4900,0,3,5,,2,002,"GEYSERVILLE AVE","ZANZI LN",552.00,S,N,A,-,N,,,,,,,,,,Y,2,0,6,1,A,-,01,23152,G,N,E,I,A,A,H,-,D,D,0,,,,,Y,Y,A,07,3,3,0,0,0,0,0,0,0,"- ","- ",38.741580963134766,-122.94789886474609,SONOMA,UNINCORPORATED,-122.94795227050781,38.741512298583984
91793887,2022,2022-06-13,9360,2022-06-04,2226,022128,,6,3,6,4905,0,1,2,,2,050,"US-101 S/B","SANTA ROSA AVE. OVER CROSSING",2217.00,N,N,C,-,Y,SON,,101,,,15.956,H,,L,Y,2,0,1,2,A,-,01,23152,A,N,C,2,A,B,H,-,D,D,0,,,,,Y,Y,A,07,1,0,0,0,0,0,0,0,0,"- ","- ",38.377788543701172,-122.71640014648438,SONOMA,"SANTA ROSA",-122.71636199951172,38.377788543701172
91798779,2022,2022-06-20,9360,2022-06-14,1005,018497,,2,1,9,4900,0,3,5,,2,003,"WESTSIDE ROAD","WOHLER ROAD",10560.00,E,N,A,-,N,,,,,,,,,,Y,2,0,1,1,A,-,08,22107,,N,F,A,A,A,H,-,A,D,0,,,Y,,Y,,C,02,1,0,0,0,0,0,0,0,1,"- ","- ",38.519420623779297,-122.87061309814453,SONOMA,UNINCORPORATED,-122.88641357421875,38.508171081542969
91801964,2022,2022-06-23,9325,2022-06-11,1915,022560,,6,2,9,4900,0,1,3,,1,063,SR-12,"ENCINAS LN",200.00,W,N,A,-,Y,SON,,12,,,35.648,H,,R,N,2,0,1,1,A,-,17,21200,,N,E,I,A,A,C,-,A,D,0,,Y,,,Y,Y,L,04,1,0,0,0,0,0,1,0,0,"- ","- ",38.306880950927734,-122.47808837890625,SONOMA,UNINCORPORATED,-122.47805023193359,38.306888580322266
91804083,2022,2022-06-27,9360,2022-06-18,0320,022362,,6,3,3,4903,0,1,2,,2,020,"US-101 S/B","CHIQUITA RD",130.00,N,N,A,-,Y,SON,,101,,,37.001,H,,L,Y,2,0,3,1,A,-,01,23152,A,N,E,I,A,A,H,-,D,D,0,,,,,Y,Y,A,01,2,1,0,0,0,0,0,0,0,"- ","- ",38.636558532714844,-122.87757110595703,SONOMA,HEALDSBURG,-122.87751007080078,38.636550903320312
91809007,2022,2022-07-01,9360,2022-06-02,1810,021326,,4,2,9,4900,0,3,5,,2,002,"FRANZ VALLEY ROAD","SPENCER LANE",2640.00,S,N,A,-,N,,,,,,,,,,Y,1,1,0,1,A,-,08,22107,,N,E,I,A,A,H,-,A,D,0,,,,,Y,,A,01,0,0,0,0,0,0,0,0,0,"- ","- ",38.615711212158203,-122.68598175048828,SONOMA,UNINCORPORATED,-122.68450164794922,38.616340637207031
91811941,2022,2022-07-07,9360,2022-06-28,1110,015034,,2,1,9,4900,0,2,4,,1,054,"PEPPER RD","BODEGA AVE",0.00,,Y,A,-,N,,,,,,,,,,Y,2,0,1,2,A,-,09,21802,A,N,D,C,A,A,H,-,A,A,0,,,Y,,Y,,D,22,1,0,0,0,0,0,0,0,1,"- ","- ",38.257770538330078,-122.77146911621094,SONOMA,UNINCORPORATED,-122.77143096923828,38.257747650146484
91812704,2022,2022-07-08,9360,2022-06-28,0830,018497,,2,1,9,4900,0,1,3,,1,037,SR-116,"ODD FELLOWS PARK RD",4224.00,W,N,A,-,Y,SON,,116,,,13.141,H,,R,N,2,0,1,1,A,-,08,22107,,N,E,I,A,A,H,-,A,D,0,,,,,Y,,A,07,1,0,0,0,0,0,0,0,0,"- ","- ",38.499111175537109,-122.98081970214844,SONOMA,UNINCORPORATED,-122.98084259033203,38.499080657958984
91813216,2022,2022-07-08,9360,2022-07-03,1515,019083,,7,2,9,4900,0,1,3,,1,061,SR-1,"FT ROSS ROAD",3960.00,S,N,A,-,Y,SON,,1,,,32.492,H,,R,Y,2,0,1,2,A,-,05,21460,A,N,A,C,A,A,H,-,A,D,0,,,Y,,Y,,C,02,1,0,0,0,0,0,0,0,1,"- ","- ",38.517528533935547,-123.24150085449219,SONOMA,UNINCORPORATED,-123.24147033691406,38.517471313476562
91817798,2022,2022-07-15,9360,2022-07-02,1630,021893,,6,2,6,4905,0,1,3,,1,051,"SR-12 W/B TO US-101 N/B","3RD ST",1584.00,S,N,A,-,Y,SON,,101,,,19.767,H,,R,Y,2,0,1,1,A,-,08,22107,,N,F,A,A,A,H,-,A,D,0,,,Y,,Y,,C,02,1,0,0,0,0,0,0,0,1,"- ","- ",38.433010101318359,-122.71575927734375,SONOMA,"SANTA ROSA",-122.71598815917969,38.432956695556641
91820571,2022,2022-08-19,9360,2022-04-24,2212,021187,,7,3,9,4900,0,1,3,,1,063,SR-1,"BAY HILL ROAD",1584.00,N,N,A,-,Y,SON,,1,,,6.494,H,,R,Y,1,1,1,2,A,-,05,21460,A,N,A,C,A,A,H,-,D,D,0,,,,,Y,,D,22,1,0,0,0,0,0,0,0,0,"- ","- ",38.33184814453125,-122.99481201171875,SONOMA,UNINCORPORATED,-122.994873046875,38.331867218017578
91825982,2022,2022-12-19,9360,2022-07-01,1705,020729,,5,2,9,4900,0,2,4,,1,054,"STONY POINT ROAD","ROBLAR ROAD",0.00,,Y,A,-,N,,,,,,,,,,Y,1,1,3,2,A,-,09,21802,A,N,D,C,A,A,H,-,A,A,0,,,,,Y,,A,01,0,0,3,0,0,0,0,0,0,"- ","- ",38.314128875732422,-122.73555755615234,SONOMA,UNINCORPORATED,-122.73548126220703,38.314117431640625
91828754,2022,2022-07-29,9325,2022-07-20,1940,021605,,3,2,9,4900,0,1,3,,1,063,SR-12,"ARNOLD DRIVE",24.00,W,N,A,-,Y,SON,,12,,,30.645,H,,R,Y,2,0,2,2,A,-,03,22350,,N,C,C,A,A,H,-,A,A,0,,,Y,,Y,,A,07,1,1,0,0,0,0,0,0,1,"- ","- ",38.371601104736328,-122.51582336425781,SONOMA,UNINCORPORATED,-122.515869140625,38.371601104736328
91832114,2022,2022-08-03,9360,2022-07-26,0538,016652,,2,3,9,4900,0,3,5,,2,004,"SANTA ROSA AVE","HUNTER CREEK TRAIL",763.00,N,N,C,-,N,,,,,,,,,,Y,2,0,1,2,A,-,05,21202,,N,H,G,A,B,H,-,D,D,0,,Y,,,Y,,L,04,1,0,0,0,0,0,1,0,0,"- ","- ",38.383659362792969,-122.71360778808594,SONOMA,UNINCORPORATED,,
91834886,2022,2022-08-08,9360,2022-07-24,2500,021989,,7,4,9,4900,0,2,4,,1,024,"CALISTOGA RD.","BODMER LN.",40.00,S,N,A,-,N,,,,,,,,,,Y,2,0,2,1,A,-,08,22107,,N,E,I,A,A,H,-,D,D,0,,,,,Y,,A,01,1,0,1,0,0,0,0,0,0,"- ","- ",38.540309906005859,-122.64803314208984,SONOMA,UNINCORPORATED,-122.64801788330078,38.540393829345703
91835413,2022,2022-08-08,9360,2022-03-20,1004,016652,,7,1,9,4900,0,3,5,,2,001,"WESTSIDE ROAD","SWEETWATER SPRINGS ROAD",8448.00,N,N,A,-,N,,,,,,,,,,Y,1,1,0,1,A,-,01,23152,F,N,E,I,A,A,H,-,A,D,0,,,,,Y,,A,01,0,0,0,0,0,0,0,0,0,"- ","- ",38.557449340820312,-122.86866760253906,SONOMA,UNINCORPORATED,-122.86907196044922,38.558246612548828
91839178,2022,2022-08-12,9360,2022-08-05,1555,020386,,5,2,9,4900,0,2,4,,1,047,"LAKEVILLE RD","TWIN HOUSE RANCH RD",0.00,,Y,A,-,N,,,,,,,,,,Y,2,0,2,2,A,-,09,21802,A,N,D,C,A,A,H,-,A,D,0,,,,,Y,,A,07,1,0,1,0,0,0,0,0,0,"- ","- ",38.159740447998047,-122.50151824951172,SONOMA,UNINCORPORATED,-122.50146484375,38.159740447998047
91840065,2022,2022-08-15,9360,2022-08-04,1450,019083,,4,2,9,4900,0,2,4,,1,032,"RIVER ROAD","OLIVET ROAD",5280.00,E,N,A,-,N,,,,,,,,,,Y,2,0,1,1,A,-,08,22107,,N,E,I,A,A,H,-,A,D,0,,,,,Y,,A,01,1,0,0,0,0,0,0,0,0,"- ","- ",38.489940643310547,-122.80223846435547,SONOMA,UNINCORPORATED,-122.80310821533203,38.489772796630859
91841642,2022,2022-08-16,9360,2022-08-06,1757,021195,,6,2,9,4900,0,1,3,,1,061,SR-1,"WILLIG DR.",1584.00,S,N,A,-,Y,SON,,1,,,20.868,H,,R,N,2,0,1,1,A,-,13,22515,A,N,G,B,A,A,H,-,A,D,0,,,,,Y,,A,01,1,0,0,0,0,0,0,0,0,"- ","- ",38.445671081542969,-123.11203765869141,SONOMA,UNINCORPORATED,-123.11199188232422,38.445693969726562
91843170,2022,2022-08-18,9360,2022-07-30,1810,021326,,6,2,9,4900,0,3,5,,2,005,"LLANO ROAD",SR-12,4040.00,S,N,A,-,N,,,,,,,,,,Y,2,0,2,1,A,-,03,22350,,N,E,I,A,A,H,-,A,D,0,,,,,Y,,A,01,1,1,0,0,0,0,0,0,0,"- ","- ",38.401828765869141,-122.78826904296875,SONOMA,UNINCORPORATED,-122.78839874267578,38.401866912841797
91843777,2022,2022-08-18,9360,2022-08-08,1023,016660,,1,1,9,4900,0,3,5,,2,005,"ROHNERT PARK EXPRESSWAY","STONY POINT ROAD",1263.00,E,N,A,-,N,,,,,,,,,,Y,2,0,1,1,A,-,03,22350,,N,E,I,A,A,H,-,A,A,0,,,,,Y,,A,01,1,0,0,0,0,0,0,0,0,"- ","- ",38.352180480957031,-122.73699188232422,SONOMA,UNINCORPORATED,-122.73717498779297,38.352359771728516
91846370,2022,2022-08-23,9360,2022-08-10,1640,020201,,3,2,6,4905,0,1,2,,2,040,"US-101 SOUTHBOUND","COLLEGE AVE.",1000.00,N,N,A,-,Y,SON,,101,,,20.969,H,,L,Y,2,0,1,2,A,-,03,22350,,N,C,C,A,A,H,-,A,D,0,,,Y,,Y,,-,"- ",1,0,0,0,0,0,0,0,1,"- ","- ",38.448539733886719,-122.72575378417969,SONOMA,"SANTA ROSA",-122.72573852539062,38.448543548583984
91846630,2022,2022-08-23,9360,2022-08-10,1725,020201,,3,2,6,4905,0,1,3,,1,051,"SR-12 WESTBOUND","LLANO ROAD",0.00,,Y,A,-,Y,SON,,12,,,11.038,H,,L,N,2,0,1,1,A,-,03,22350,,N,F,A,A,A,H,-,A,A,0,,,Y,,Y,,C,02,1,0,0,0,0,0,0,0,1,"- ","- ",38.411659240722656,-122.79492950439453,SONOMA,"SANTA ROSA",-122.79495239257812,38.411705017089844
91846733,2022,2022-08-23,9360,2022-08-11,2020,015434,,4,2,9,4900,0,2,4,,1,034,"GUERNEVILLE RD","ABRAMSON RD",819.00,E,N,A,-,N,,,,,,,,,,N,2,0,1,2,A,-,05,21202,A,N,D,G,A,A,H,-,C,D,0,,Y,,,Y,,-,"- ",1,0,0,0,0,0,1,0,0,"- ","- ",38.452529907226562,-122.78067779541016,SONOMA,UNINCORPORATED,-122.78071594238281,38.452560424804688