CASE_ID,ACCIDENT_YEAR,PROC_DATE,JURIS,COLLISION_DATE,COLLISION_TIME,OFFICER_ID,REPORTING_DISTRICT,DAY_OF_WEEK,CHP_SHIFT,POPULATION,CNTY_CITY_LOC,SPECIAL_COND,BEAT_TYPE,CHP_BEAT_TYPE,CITY_DIVISION_LAPD,CHP_BEAT_CLASS,BEAT_NUMBER,PRIMARY_RD,SECONDARY_RD,DISTANCE,DIRECTION,INTERSECTION,WEATHER_1,WEATHER_2,STATE_HWY_IND,CALTRANS_COUNTY,CALTRANS_DISTRICT,STATE_ROUTE,ROUTE_SUFFIX,POSTMILE_PREFIX,POSTMILE,LOCATION_TYPE,RAMP_INTERSECTION,SIDE_OF_HWY,TOW_AWAY,COLLISION_SEVERITY,NUMBER_KILLED,NUMBER_INJURED,PARTY_COUNT,PRIMARY_COLL_FACTOR,PCF_CODE_OF_VIOL,PCF_VIOL_CATEGORY,PCF_VIOLATION,PCF_VIOL_SUBSECTION,HIT_AND_RUN,TYPE_OF_COLLISION,MVIW,PED_ACTION,ROAD_SURFACE,ROAD_COND_1,ROAD_COND_2,LIGHTING,CONTROL_DEVICE,CHP_ROAD_TYPE,PEDESTRIAN_ACCIDENT,BICYCLE_ACCIDENT,MOTORCYCLE_ACCIDENT,TRUCK_ACCIDENT,NOT_PRIVATE_PROPERTY,ALCOHOL_INVOLVED,STWD_VEHTYPE_AT_FAULT,CHP_VEHTYPE_AT_FAULT,COUNT_SEVERE_INJ,COUNT_VISIBLE_INJ,COUNT_COMPLAINT_PAIN,COUNT_PED_KILLED,COUNT_PED_INJURED,COUNT_BICYCLIST_KILLED,COUNT_BICYCLIST_INJURED,COUNT_MC_KILLED,COUNT_MC_INJURED,PRIMARY_RAMP,SECONDARY_RAMP,LATITUDE,LONGITUDE,COUNTY,CITY,POINT_X,POINT_Y
91848573,2022,2022-08-25,9325,2022-08-17,1600,018379,,3,2,9,4900,0,1,3,,1,053,SR-116,"EAST BONNESS RD",1056.00,W,N,A,-,Y,SON,,116,,,45.634,H,,R,Y,2,0,1,1,A,-,03,22350,,N,E,8,A,A,H,-,A,D,0,,,Y,,Y,,C,02,1,0,0,0,0,0,0,0,1,"- ","- ",38.246711730957031,-122.47145843505859,SONOMA,UNINCORPORATED,-122.47142028808594,38.246761322021484
91851811,2022,2022-08-29,9360,2022-08-14,1548,021195,,7,2,9,4900,0,1,3,,1,061,SR-1,"STEWARTS POINT-SKAGGS SPRINGS RD",3168.00,N,N,A,-,Y,SON,,1,,,48.726,H,,R,N,2,0,1,1,A,-,08,22107,,N,E,I,A,A,H,-,A,D,0,,,Y,,Y,,C,02,1,0,0,0,0,0,0,0,1,"- ","- ",38.659618377685547,-123.40480041503906,SONOMA,UNINCORPORATED,-123.40476989746094,38.659626007080078
91854563,2022,2022-08-31,9360,2022-08-21,1050,020731,,7,1,9,4900,0,2,4,,1,046,"BENNETT VALLEY ROAD","ENTERPRISE ROAD",900.00,E,N,A,-,N,,,,,,,,,,Y,2,0,1,1,A,-,08,22107,,N,F,A,A,A,H,-,A,D,0,,,Y,,Y,,C,02,1,0,0,0,0,0,0,0,1,"- ","- ",38.388160705566406,-122.57511901855469,SONOMA,UNINCORPORATED,-122.57632446289062,38.387866973876953
91854824,2022,2022-09-01,9360,2022-08-19,2200,020828,,5,3,9,4900,0,3,5,,2,003,"HIGH SCHOOL RD.","E. HURLBURT AVE.",2491.00,N,N,A,-,N,,,,,,,,,,Y,2,0,4,1,A,-,08,22107,,N,F,A,A,A,H,-,D,D,0,,,,,Y,,A,07,2,1,1,0,0,0,0,0,0,"- ","- ",38.418651580810547,-122.82848358154297,SONOMA,UNINCORPORATED,-122.82892608642578,38.419284820556641
91857180,2022,2022-09-05,9360,2022-08-23,0650,016660,,2,1,9,4900,0,1,3,,1,013,SR-116,"RIVERSIDE DR",23.00,W,N,A,-,Y,SON,,116,,,10.770,H,,R,Y,2,0,1,4,A,-,08,22107,,N,D,E,A,A,H,-,A,A,0,,,,,Y,,A,01,1,0,0,0,0,0,0,0,0,"- ","- ",38.492771148681641,-123.01461029052734,SONOMA,UNINCORPORATED,-123.01455688476562,38.492710113525391
91862342,2022,2022-09-12,9360,2022-08-28,1300,020803,,7,1,9,4900,0,1,3,,1,061,SR-1,"FORT ROSS ROAD",6864.00,S,N,A,-,Y,SON,,1,,,31.681,H,,R,Y,2,0,1,1,A,-,08,22107,,N,E,I,A,A,H,-,A,D,0,,,Y,,Y,,C,02,1,0,0,0,0,0,0,0,1,"- ","- ",38.511810302734375,-123.23116302490234,SONOMA,UNINCORPORATED,-123.23120880126953,38.511802673339844
91866368,2022,2022-09-16,9325,2022-09-08,2115,018954,,4,2,9,4900,0,3,5,,2,005,"ARNOLD DRIVE","FOWLER CREEK ROAD",14.00,N,N,A,-,N,,,,,,,,,,Y,2,0,1,2,A,-,01,23152,A,N,A,C,A,A,H,-,D,D,0,,,,,Y,Y,D,22,1,0,0,0,0,0,0,0,0,"- ","- ",38.285900115966797,-122.49269104003906,SONOMA,UNINCORPORATED,-122.49272918701172,38.286018371582031
91870048,2022,2022-09-21,9360,2022-09-13,1025,015187,,2,1,9,4900,0,3,5,,2,003,"EASTSIDE RD.","WINDSOR RIVER RD",1056.00,N,N,A,-,N,,,,,,,,,,Y,2,0,1,1,A,-,08,22107,,N,E,J,A,A,H,-,A,D,0,,,,,Y,,A,07,1,0,0,0,0,0,0,0,0,"- ","- ",38.551280975341797,-122.84664154052734,SONOMA,UNINCORPORATED,-122.84646606445312,38.5504150390625
91880636,2022,2022-11-10,9360,2022-08-10,0802,017693,,3,1,6,4905,0,1,3,,1,051,"SR-12 EASTBOUND","DUTTON AVENUE UNDERCROSSING",77.00,E,N,A,-,Y,SON,,12,,R,15.330,H,,R,Y,1,1,3,6,A,-,03,22350,,N,C,2,A,A,H,-,A,D,0,,,,Y,Y,,F,26,0,2,1,0,0,0,0,0,0,"- ","- ",38.432979583740234,-122.72586059570312,SONOMA,"SANTA ROSA",-122.72586059570312,38.432991027832031
91883291,2022,2022-10-05,9360,2022-09-27,0715,015434,,2,1,9,4900,0,1,2,,1,060,"US 101 S/B","PETALUMA BLVD. S",3696.00,N,N,A,-,Y,SON,,101,,,3.339,H,,L,N,2,0,1,2,A,-,07,21658,A,N,C,C,A,A,H,-,A,D,0,,,Y,,Y,,A,01,1,0,0,0,0,0,0,0,1,"- ","- ",38.229038238525391,-122.61576843261719,SONOMA,UNINCORPORATED,-122.61582946777344,38.229019165039062
91888584,2022,2022-10-12,9360,2022-09-30,1900,020729,,5,2,9,4900,0,2,4,,2,056,"STONY POINT ROAD","ROBLAR ROAD",1337.00,N,N,A,-,N,,,,,,,,,,Y,2,0,2,2,A,-,01,23152,F,N,A,C,A,A,H,-,B,D,0,,,,,Y,,A,07,1,1,0,0,0,0,0,0,0,"- ","- ",38.317661285400391,-122.73526763916016,SONOMA,UNINCORPORATED,-122.73522186279297,38.317787170410156
91895012,2022,2022-10-20,9360,2022-10-10,1800,015434,,1,2,9,4900,0,2,4,,1,046,"BENNETT VALLEY RD","PONDEROSA DR",5808.00,E,N,A,-,N,,,,,,,,,,N,2,0,1,1,A,-,08,22107,,N,E,I,A,A,H,-,A,D,0,,,,,Y,,D,22,1,0,0,0,0,0,0,0,0,"- ","- ",38.3909912109375,-122.60501861572266,SONOMA,UNINCORPORATED,-122.60494232177734,38.39093017578125
91898932,2022,2022-10-25,9325,2022-10-17,1550,018379,,1,2,9,4900,0,1,3,,1,072,SR-121,"NAPA RD",2640.00,S,N,A,-,Y,SON,,121,,,10.259,H,,R,Y,2,0,3,2,A,-,08,22107,,N,D,C,A,A,H,-,A,D,0,,,,,Y,,A,01,1,2,0,0,0,0,0,0,0,"- ","- ",38.252670288085938,-122.40249633789062,SONOMA,UNINCORPORATED,-122.40248870849609,38.252704620361328
91899559,2022,2022-10-26,9325,2022-09-14,0120,018954,,3,3,9,4900,0,2,4,,2,054,"ARNOLD DRIVE","OLIVE AVENUE",138.00,N,N,C,-,N,,,,,,,,,,Y,1,1,2,3,A,-,08,22107,,N,C,C,E,A,H,-,D,D,0,Y,,,,Y,,A,07,0,1,1,1,0,0,0,0,0,"- ","- ",38.289451599121094,-122.48961639404297,SONOMA,UNINCORPORATED,-122.48979187011719,38.289363861083984
91899604,2022,2022-10-26,9360,2022-10-16,2225,022371,,7,3,5,4908,0,1,2,,2,050,"US-101 S/B","PETALUMA BLVD N",50.00,N,N,A,-,Y,SON,,101,,,7.667,H,,L,N,2,0,2,2,A,-,03,22350,,N,C,C,A,A,H,-,D,D,0,,,,,Y,,A,07,1,1,0,0,0,0,0,0,0,"- ","- ",38.272060394287109,-122.67009735107422,SONOMA,PETALUMA,-122.67011260986328,38.272048950195312
91901148,2022,2022-10-27,9360,2022-10-20,0900,018497,,4,1,9,4900,0,1,3,,1,051,SR-12,"DUER ROAD",1056.00,W,N,A,-,Y,SON,,12,,,10.432,H,,R,Y,2,0,1,1,A,-,01,23152,F,N,E,I,A,A,H,-,A,D,0,,,,,Y,,A,01,1,0,0,0,0,0,0,0,0,"- ","- ",38.408008575439453,-122.80358123779297,SONOMA,UNINCORPORATED,-122.80351257324219,38.407890319824219
9190523,2020,2020-12-09,4904,2020-11-22,2127,1040560,CENTR,7,5,4,4904,0,0,0,,0,001,"GOODSON WY","HOLLY AV",204.00,S,N,A,-,N,,,,,,,,,,,2,0,1,2,A,-,21,22106,,F,G,B,E,A,H,-,C,D,0,Y,,,,Y,Y,-,,1,0,0,0,1,0,0,0,0,"- ","- ",33.837078094482422,-122.68425750732422,SONOMA,"ROHNERT PARK",-122.68426513671875,38.370109558105469
91919256,2022,2022-11-16,9360,2022-11-04,1945,017761,,5,2,6,4905,0,3,5,,2,005,"SANTA ROSA AVENUE","PLAZA DRIVE",24.00,N,N,B,-,N,,,,,,,,,,N,2,0,1,2,A,-,11,21954,A,F,G,B,D,A,H,-,C,D,0,Y,,,,Y,Y,N,60,1,0,0,0,1,0,0,0,0,"- ","- ",38.395660400390625,-122.71331787109375,SONOMA,"SANTA ROSA",-122.71353912353516,38.395477294921875
91919292,2022,2022-11-16,9360,2022-09-23,1352,020386,,5,1,9,4900,0,3,5,,2,005,"ROHNERT PARK EXPRESSWAY","STONY POINT ROAD",390.00,E,N,A,-,N,,,,,,,,,,Y,1,1,1,2,A,-,05,21460,A,N,A,C,A,A,H,-,A,D,0,,,,,Y,,D,22,1,0,0,0,0,0,0,0,0,"- ","- ",38.353248596191406,-122.73988342285156,SONOMA,UNINCORPORATED,-122.73996734619141,38.353221893310547
91921490,2022,2022-11-18,9360,2022-11-05,2015,021195,,6,2,9,4900,0,1,3,,1,063,SR-1,"CARLEVARO WAY",4224.00,S,N,C,E,Y,SON,,1,,,16.774,H,,R,Y,2,0,2,1,A,-,08,22107,,N,E,I,A,B,H,-,D,D,0,,,,,Y,,D,22,1,0,1,0,0,0,0,0,0,"- ","- ",38.401088714599609,-123.09397125244141,SONOMA,UNINCORPORATED,-123.09393310546875,38.401176452636719
91923513,2022,2022-11-21,9360,2022-11-07,1425,017761,,1,2,9,4900,0,1,2,,1,010,"US-101 SOUTHBOUND","ZANZI LANE",869.00,N,N,C,-,Y,SON,,101,,R,46.221,H,,L,Y,2,0,4,2,A,-,08,22107,,N,A,D,A,B,H,-,A,D,0,,,,,Y,,A,01,2,2,0,0,0,0,0,0,0,"- ","- ",38.743110656738281,-122.95339202880859,SONOMA,UNINCORPORATED,-122.95340728759766,38.743091583251953
91923956,2022,2022-11-22,9360,2022-11-09,1515,018828,,3,2,9,4900,0,1,2,,2,030,"US-101 N/B","AIRORT BLVD",2851.00,N,N,A,-,Y,SON,,101,,,26.844,H,,R,Y,2,0,1,2,A,-,03,22350,,N,C,2,A,A,H,-,A,D,0,,,,Y,Y,Y,A,01,1,0,0,0,0,0,0,0,0,"- ","- ",38.516948699951172,-122.78177642822266,SONOMA,UNINCORPORATED,-122.78180694580078,38.516937255859375
91924259,2022,2022-11-22,9360,2022-11-09,1810,016045,,3,2,9,4900,0,3,5,,2,004,"SANTA ROSA AVE","EAST TODD RD",800.00,S,N,B,-,N,,,,,,,,,,Y,2,0,1,2,A,-,11,21954,A,N,G,B,D,A,H,-,D,D,0,Y,,,,Y,,N,60,1,0,0,0,1,0,0,0,0,"- ","- ",38.384891510009766,-122.713623046875,SONOMA,UNINCORPORATED,-122.71358489990234,38.384914398193359
91925199,2022,2022-11-23,9350,2022-11-11,0610,022433,,5,1,9,4900,0,1,3,,2,137,SR-37,"LAKEVILLE HWY",0.00,,Y,E,-,Y,SON,,37,,,2.062,H,,R,Y,2,0,1,2,A,-,11,21453,D,N,D,C,A,A,H,-,C,A,0,,,,,Y,,A,01,1,0,0,0,0,0,0,0,0,"- ","- ",38.133991241455078,-122.47627258300781,SONOMA,UNINCORPORATED,-122.47628784179688,38.134010314941406
91934860,2022,2022-12-06,9360,2022-11-05,1130,020803,,6,1,9,4900,0,1,3,,1,063,SR-1,"SOUTH HARBOUR WAY",0.00,,Y,C,-,Y,SON,,1,,,8.763,H,,R,Y,2,0,2,2,A,-,09,21802,A,N,D,C,A,B,H,-,A,A,0,,,Y,,Y,,A,08,1,0,1,0,0,0,0,0,1,"- ","- ",38.317661285400391,-123.02784729003906,SONOMA,UNINCORPORATED,-123.02786254882812,38.317680358886719
91941830,2022,2022-12-14,9360,2022-11-26,2300,016652,,6,3,9,4900,0,2,4,,1,043,"OLD REDWOOD HIGHWAY","W. RAILROAD AVE",197.00,N,N,A,-,N,,,,,,,,,,N,2,0,2,1,A,-,08,22107,,F,E,I,A,A,H,-,C,D,0,,,,,Y,,A,01,1,1,0,0,0,0,0,0,0,"- ","- ",38.314678192138672,-122.69500732421875,SONOMA,UNINCORPORATED,-122.69483947753906,38.314735412597656
91947835,2022,2022-12-21,9360,2022-12-11,0030,022241,,7,3,9,4900,0,2,4,,1,024,"CALISTOGA ROAD","SKINNER ROAD",402.00,S,N,C,-,N,,,,,,,,,,Y,2,0,1,1,A,-,08,22107,,N,E,I,A,B,H,-,D,D,0,,,,,Y,,A,07,1,0,0,0,0,0,0,0,0,"- ","- ",38.509288787841797,-122.65292358398438,SONOMA,UNINCORPORATED,-122.6529541015625,38.509296417236328
91951278,2022,2022-12-23,9360,2022-10-09,1940,020828,,7,2,9,4900,0,2,4,,1,043,"OLD REDWOOD HIGHWAY","HATCHERY COURT",551.00,N,N,B,-,N,,,,,,,,,,Y,1,1,1,3,A,-,11,21955,,N,G,B,D,A,H,-,D,D,0,Y,,,,Y,Y,-,"- ",1,0,0,1,1,0,0,0,0,"- ","- ",38.290981292724609,-122.66645050048828,SONOMA,UNINCORPORATED,-122.66645812988281,38.290924072265625
91951958,2022,2022-12-26,9325,2022-12-18,1605,021083,,7,2,9,4900,0,1,3,,1,053,SR-116,SR-121,30.00,W,N,A,-,Y,SON,,116,,,46.675,H,,R,Y,2,0,2,2,A,-,01,23152,A,M,D,C,A,A,H,-,A,D,0,,,,,Y,Y,A,01,1,0,1,0,0,0,0,0,0,"- ","- ",38.236400604248047,-122.46160888671875,SONOMA,UNINCORPORATED,-122.46162414550781,38.236396789550781
91955778,2022,2022-12-29,9360,2022-12-18,1717,021195,,7,2,9,4900,0,1,3,,1,065,SR-116,"MOSCOW ROAD (DUNCANS MILLS)",0.00,,Y,A,-,Y,SON,,116,,,3.918,H,,R,N,2,0,1,2,A,-,03,22350,,N,G,B,D,A,H,-,D,D,0,Y,,,,Y,,-,"- ",1,0,0,0,1,0,0,0,0,"- ","- ",38.453388214111328,-123.05393218994141,SONOMA,UNINCORPORATED,-123.05396270751953,38.453403472900391
91956662,2022,2022-12-30,9360,2022-12-19,1950,020961,,1,2,6,4905,0,1,2,,2,040,"US-101 S/B TO SR-12 E/B","SR-12 W/B",20.00,N,N,A,-,Y,SON,,12,,R,15.907,H,,L,N,2,0,1,1,A,-,01,23152,A,N,F,A,A,A,H,-,C,D,0,,,,,Y,Y,A,01,1,0,0,0,0,0,0,0,0,"- ","- ",38.432220458984375,-122.717529296875,SONOMA,"SANTA ROSA",-122.71761322021484,38.432113647460938
91960940,2022,2023-01-05,9360,2022-11-28,0533,015434,,1,3,9,4900,0,2,4,,1,052,"STONY POINT ROAD","WILFRED AVENUE",1584.00,S,N,A,-,N,,,,,,,,,,Y,1,1,0,4,A,-,11,21954,A,F,G,B,D,A,H,-,D,D,0,Y,,,,Y,,N,60,0,0,0,1,0,0,0,0,0,"- ","- ",38.359668731689453,-122.74130249023438,SONOMA,UNINCORPORATED,-122.74137878417969,38.358890533447266
91967837,2022,2023-01-13,9360,2022-10-25,1310,017693,,2,1,9,4900,0,1,2,,2,050,"US-101 N/B","RAILROAD AVENUE",7920.00,S,N,A,-,Y,SON,,101,,,9.203,H,,R,Y,1,1,0,1,A,-,08,22107,,N,E,I,A,A,H,-,A,D,0,,,Y,,Y,,C,02,0,0,0,0,0,0,0,1,0,"- ","- ",38.287940979003906,-122.69022369384766,SONOMA,UNINCORPORATED,-122.69034576416016,38.287841796875
91968005,2022,2023-01-13,9360,2022-11-27,1330,017761,,7,1,9,4900,0,3,5,,2,001,"ROCKPILE ROAD","BOAT LAUNCH ROAD",15840.00,W,N,A,-,N,,,,,,,,,,Y,1,1,0,1,A,-,08,22107,,N,F,A,A,A,H,-,A,D,0,,,Y,,Y,,C,02,0,0,0,0,0,0,0,1,0,"- ","- ",38.731708526611328,-123.08316802978516,SONOMA,UNINCORPORATED,,
91980134,2023,2023-01-27,9360,2023-01-16,1350,020828,,1,1,9,4900,0,2,4,,1,022,"OLD REDWOOD HWY","LARK CENTER DR.",238.00,S,N,B,-,N,,,,,,,,,,Y,2,0,2,2,A,-,09,21804,A,N,D,C,A,A,H,-,A,D,0,,,,,Y,,D,22,1,1,0,0,0,0,0,0,0,"- ","- ",38.500659942626953,-122.75057220458984,SONOMA,UNINCORPORATED,-122.75059509277344,38.500667572021484
91992059,2022,2023-02-10,9360,2022-11-05,1543,020729,,6,2,9,4900,0,3,5,,2,002,"GEYSERVILLE AVENUE","ZANZI LANE",1056.00,S,N,B,-,N,,,,,,,,,,Y,1,1,2,1,A,-,01,23152,A,F,E,I,A,B,H,-,A,D,0,,,,,Y,Y,A,01,1,1,0,0,0,0,0,0,0,"- ","- ",38.741359710693359,-122.94760131835938,SONOMA,UNINCORPORATED,-122.94703674316406,38.740371704101562
91993894,2023,2023-04-05,9360,2023-02-05,"48  ",023017,,7,3,5,4908,0,1,2,,1,060,"US-101 S/B","CAULFIELD LN",1056.00,S,N,B,-,Y,SON,,101," "," ",3.742,H,,L,Y,1,1,2,1,A,-,08,22107,,N,E,I,A,B,H,-,C,A,0,,,,,Y,,A,01,0,1,1,0,0,0,0,0,0,"- ","- ",38.234359741210938,-122.61884307861328,SONOMA,PETALUMA,-122.61865234375,38.234413146972656
91995011,2023,2023-02-15,9360,2023-02-09,1515,021913,,4,2,6,4905,0,1,3,,1,051,"SR-12 E/B","DUTTON AVE",420.00,W,N,A,-,Y,SON,,12," ",R,15.226,H,,R,N,2,0,1,3,A,-,03,22350,,N,C,C,A,A,H,-,A,D,0,,,,Y,Y,,A,07,1,0,0,0,0,0,0,0,0,"- ","- ",38.432720184326172,-122.72775268554688,SONOMA,"SANTA ROSA",-122.72775268554688,38.432723999023438
91995920,2023,2023-02-16,9360,2023-02-10,1455,017761,,5,2,9,4900,0,3,5,,2,002,"CROCKER RD","RIVER RD",500.00,W,N,B,-,N,,,,,,,,,,N,2,0,1,2,A,-,03,22350,,N,G,B,E,A,D,-,A,D,0,Y,,,,Y,,D,22,1,0,0,0,1,0,0,0,0,"- ","- ",38.812999725341797,-122.99976348876953,SONOMA,UNINCORPORATED,-122.998779296875,38.814128875732422
92013901,2023,2023-03-09,9360,2023-02-27,2110,021893,,1,2,9,4900,0,3,5,,2,002,"N. REDWOOD HWY","MCCRAY RD",330.00,N,N,C,-,N,,,,,,,,,,N,2,0,1,1,A,-,08,22107,,N,E,I,A,B,H,-,D,A,0,,,,,Y,,D,22,1,0,0,0,0,0,0,0,0,"- ","- ",38.831321716308594,-123.01190185546875,SONOMA,UNINCORPORATED,-123.01469421386719,38.822013854980469
9201460,2020,2021-01-25,4905,2020-10-08,0842,1068920,,4,5,6,4905,0,0,0,,0,10607,"CORBY AV","BARHAM AV",0.00,,Y,A,-,N,,,,,,,,,,Y,2,0,2,3,A,-,09,21802,A,N,D,C,A,A,H,-,A,D,0,,,,,Y,,A,01,2,0,0,0,0,0,0,0,0,"- ","- ",38.426959991455078,-122.71762084960938,SONOMA,"SANTA ROSA",-122.71787261962891,38.426769256591797
9201844,2020,2021-02-24,4908,2020-12-30,2052,2938,3,3,5,5,4908,0,0,0,,0,002,"1ST ST","E ST",72.00,S,N,C,-,N,,,,,,,,,,,2,0,1,2,A,-,03,22350,,N,C,E,A,B,G,-,C,D,0,,,Y,,Y,,C,02,1,0,0,0,0,0,0,0,1,"- ","- ",38.233379364013672,-122.63494873046875,SONOMA,PETALUMA,-122.63470458984375,38.233283996582031
92031658,2023,2023-03-29,9360,2023-03-21,"602 ",016076,,2,1,9,4900,0,1,3,,1,021,SR-128,"FRANZ VALLEY RD",4752.00,E,N,B,C,Y,SON,,128," "," ",22.820,H,,R,Y,2,0,1,1,A,-,08,22107,,N,E,I,A,B,H,-,D,D,0,,,,,Y,,A,07,1,0,0,0,0,0,0,0,0,"- ","- ",38.623340606689453,-122.66349792480469,SONOMA,UNINCORPORATED,-122.6634521484375,38.623344421386719
92036612,2023,2023-08-03,9360,2023-03-20,1210,020285,,1,1,9,4900,0,3,5,,2,005,"MOORLAND AVE","EDDY DR",91.00,S,N,A,-,N,,,,,,,,,,N,2,0,1,2,A,-,17,22517,,N,H,G,A,A,H,-,A,D,0,,Y,,,Y,,A,07,1,0,0,0,0,0,1,0,0,"- ","- ",38.399948120117188,-122.71861267089844,SONOMA,UNINCORPORATED,-122.71853637695312,38.400001525878906
92036874,2023,2023-04-04,9360,2023-01-25,1036,019366,,3,1,9,4900,0,2,4,,1,032,"RIVER ROAD","BONITA AVENUE",4.00,W,N,A,-,N,,,,,,,,,,Y,1,1,2,2,A,-,08,22107,,N,A,C,A,A,H,-,A,D,0,,,,,Y,,D,22,1,1,0,0,0,0,0,0,0,"- ","- ",38.507369995117188,-122.98912811279297,SONOMA,UNINCORPORATED,-122.98909759521484,38.507431030273438
92039405,2023,2023-04-07,9360,2023-03-23,1455,023280,,4,2,6,4905,0,1,2,,2,040,"US-101 S/B","BAKER AVE.",105.00,N,N,A,-,Y,SON,,101," "," ",19.031,H,,L,N,2,0,1,2,A,-,07,21658,A,N,C,C,A,A,H,-,A,D,0,,,Y,,Y,,C,02,1,0,0,0,0,0,0,0,1,"- ","- ",38.422309875488281,-122.71539306640625,SONOMA,"SANTA ROSA",-122.71540832519531,38.422313690185547
92046214,2023,2023-04-17,9360,2023-04-02,1645,017761,,7,2,9,4900,0,3,5,,2,002,"RIVER ROAD","CEDAR LN",720.00,N,N,B,-,N,,,,,,,,,,Y,2,0,1,1,A,-,01,23152,A,N,E,I,A,A,H,-,A,D,0,,,,,Y,Y,A,01,1,0,0,0,0,0,0,0,0,"- ","- ",38.776199340820312,-122.97583770751953,SONOMA,UNINCORPORATED,-122.97572326660156,38.776153564453125
92060495,2023,2023-05-03,9360,2023-04-26,"535 ",018881,,3,3,9,4900,0,3,5,,2,006,"ANNAPOLIS ROAD","STEWATRS POINT / SKAGGS SPRINGS ROAD",12144.00,N,N,B,-,N,,,,,,,,,,Y,2,0,1,1,A,-,08,22107,,N,B,I,A,A,H,-,B,D,0,,,,,Y,,A,01,1,0,0,0,0,0,0,0,0,"- ","- ",38.686588287353516,-123.31014251708984,SONOMA,UNINCORPORATED,-123.30895233154297,38.687244415283203
92062267,2023,2023-05-05,9360,2023-04-23,1535,020828,,7,2,9,4900,0,2,4,,1,024,"CALISTOGA RD.","BODMER LN.",140.00,N,N,A,-,N,,,,,,,,,,Y,2,0,2,1,A,-,01,23152,A,N,E,I,A,A,H,-,A,D,0,,,,,Y,Y,A,01,1,1,0,0,0,0,0,0,0,"- ","- ",38.541061401367188,-122.64826965332031,SONOMA,UNINCORPORATED,-122.64824676513672,38.54083251953125
92063591,2023,2023-05-08,9360,2023-04-28,1042,018497,,5,1,9,4900,0,2,4,,1,046,"BENNETT VALLEY ROAD","ENTERPRISE ROAD",2112.00,E,N,A,-,N,,,,,,,,,,Y,2,0,3,3,A,-,08,22107,,N,B,C,A,A,H,-,A,D,0,,,,,Y,,A,01,1,2,0,0,0,0,0,0,0,"- ","- ",38.387939453125,-122.57269287109375,SONOMA,UNINCORPORATED,-122.5726318359375,38.387847900390625
92064926,2023,2023-05-09,9360,2023-04-29,1720,018828,,6,2,9,4900,0,2,4,,1,024,"PORTER CREEK ROAD","FRANZ VALLEY ROAD",8501.00,E,N,A,-,N,,,,,,,,,,Y,2,0,1,3,A,-,05,21460,A,F,A,2,A,A,H,-,A,D,0,,,Y,,Y,Y,A,01,1,0,0,0,0,0,0,0,1,"- ","- ",38.549648284912109,-122.67015838623047,SONOMA,UNINCORPORATED,-122.67029571533203,38.549747467041016
92085446,2023,2023-06-05,9360,2023-06-01,"830 ",023271,,4,1,9,4900,0,2,4,,1,052,"STONY POINT RD","MILLBRAE AVE",600.00,N,N,A,-,N,,,,,,,,,,Y,2,0,2,1,A,-,08,22107,,N,E,8,A,A,H,-,A,A,0,,,,,Y,,A,01,1,0,1,0,0,0,0,0,0,"- ","- ",38.372028350830078,-122.74153137207031,SONOMA,UNINCORPORATED,-122.74140930175781,38.371147155761719
92088008,2023,2023-06-07,9360,2023-06-02,2215,022362,,5,3,9,4900,0,2,4,,1,052,"TODD ROAD","STANDISH AVENUE",1500.00,W,N,A,-,N,,,,,,,,,,Y,2,0,1,1,A,-,08,22107,,N,E,8,A,A,H,-,D,D,0,,,,,Y,,A,01,1,0,0,0,0,0,0,0,0,"- ","- ",38.387191772460938,-122.72862243652344,SONOMA,UNINCORPORATED,-122.72819519042969,38.387161254882812
9208871,2021,2021-03-30,4904,2021-01-08,2210,1040567,,5,5,4,4904,0,0,0,,0,003,"SOUTHWEST BL","SEED FARM DR",155.00,E,N,A,-,N,,,,,,,,,,Y,2,0,1,1,A,-,01,23152,A,N,E,I,A,A,H,-,C,D,0,,,,,Y,Y,A,01,1,0,0,0,0,0,0,0,0,"- ","- ",38.341068267822266,-122.69780731201172,SONOMA,"ROHNERT PARK",-122.69739532470703,38.341209411621094
92092501,2023,2023-06-13,9360,2023-06-06,1130,016524,,2,1,9,4900,0,1,3,,1,013,SR-116,"BROOKSIDE LN.",83.00,E,N,B,-,N,,,,,,,,,,N,2,0,1,2,A,-,11,21954,A,N,G,B,D,A,H,-,A,D,0,Y,,,,Y,,N,60,1,0,0,0,1,0,0,0,0,"- ","- ",38.502021789550781,-123.00148773193359,SONOMA,UNINCORPORATED,-123.00148773193359,38.501976013183594