CASE_ID,ACCIDENT_YEAR,PROC_DATE,JURIS,COLLISION_DATE,COLLISION_TIME,OFFICER_ID,REPORTING_DISTRICT,DAY_OF_WEEK,CHP_SHIFT,POPULATION,CNTY_CITY_LOC,SPECIAL_COND,BEAT_TYPE,CHP_BEAT_TYPE,CITY_DIVISION_LAPD,CHP_BEAT_CLASS,BEAT_NUMBER,PRIMARY_RD,SECONDARY_RD,DISTANCE,DIRECTION,INTERSECTION,WEATHER_1,WEATHER_2,STATE_HWY_IND,CALTRANS_COUNTY,CALTRANS_DISTRICT,STATE_ROUTE,ROUTE_SUFFIX,POSTMILE_PREFIX,POSTMILE,LOCATION_TYPE,RAMP_INTERSECTION,SIDE_OF_HWY,TOW_AWAY,COLLISION_SEVERITY,NUMBER_KILLED,NUMBER_INJURED,PARTY_COUNT,PRIMARY_COLL_FACTOR,PCF_CODE_OF_VIOL,PCF_VIOL_CATEGORY,PCF_VIOLATION,PCF_VIOL_SUBSECTION,HIT_AND_RUN,TYPE_OF_COLLISION,MVIW,PED_ACTION,ROAD_SURFACE,ROAD_COND_1,ROAD_COND_2,LIGHTING,CONTROL_DEVICE,CHP_ROAD_TYPE,PEDESTRIAN_ACCIDENT,BICYCLE_ACCIDENT,MOTORCYCLE_ACCIDENT,TRUCK_ACCIDENT,NOT_PRIVATE_PROPERTY,ALCOHOL_INVOLVED,STWD_VEHTYPE_AT_FAULT,CHP_VEHTYPE_AT_FAULT,COUNT_SEVERE_INJ,COUNT_VISIBLE_INJ,COUNT_COMPLAINT_PAIN,COUNT_PED_KILLED,COUNT_PED_INJURED,COUNT_BICYCLIST_KILLED,COUNT_BICYCLIST_INJURED,COUNT_MC_KILLED,COUNT_MC_INJURED,PRIMARY_RAMP,SECONDARY_RAMP,LATITUDE,LONGITUDE,COUNTY,CITY,POINT_X,POINT_Y
92095058,2023,2023-06-15,9360,2023-06-03,2015,022128,,6,2,6,4905,0,1,2,,2,040,"US-101 S/B","BAKER AVE. OVER CROSSING",364.00,S,N,A,-,Y,SON,,101," "," ",18.930,H,,L,Y,2,0,2,2,A,-,01,23152,A,N,E,I,A,A,H,-,A,D,0,,,,,Y,Y,A,07,1,1,0,0,0,0,0,0,0,"- ","- ",38.420879364013672,-122.71576690673828,SONOMA,"SANTA ROSA",-122.71566772460938,38.420867919921875
92097989,2023,2023-08-07,9360,2023-06-09,2210,022471,,5,3,9,4900,0,2,4,,1,054,"BODEGA AVE","MIDDLE TWO ROCK RD",345.00,W,N,A,-,N,,,,,,,,,,Y,2,0,1,1,A,-,03,22350,,N,F,A,A,A,H,-,D,D,0,,,Y,,Y,,C,02,1,0,0,0,0,0,0,0,1,"- ","- ",38.260379791259766,-122.75184631347656,SONOMA,UNINCORPORATED,-122.75181579589844,38.260383605957031
92098951,2023,2023-06-21,9360,2023-06-11,1605,021195,,7,2,9,4900,0,1,3,,1,063,SR-1,"DORAN PARK RD (NORTH)",0.00,,Y,B,-,Y,SON,,1," "," ",9.143,H,,R,Y,2,0,3,2,A,-,09,21802,A,N,D,C,A,A,H,-,A,D,0,,,,,Y,,A,01,2,1,0,0,0,0,0,0,0,"- ","- ",38.319740295410156,-123.03392791748047,SONOMA,UNINCORPORATED,-123.03391265869141,38.319751739501953
92100268,2023,2023-06-22,9325,2023-05-16,1925,017538,,2,2,9,4900,0,2,4,,2,054,"ARNOLD DR.","LEVERONI RD.",850.00,N,N,A,-,N,,,,,,,,,,Y,1,1,1,2,A,-,01,23152,A,N,A,C,A,A,H,-,A,D,0,,,,,Y,Y,D,22,1,0,0,0,0,0,0,0,0,"- ","- ",38.274749755859375,-122.49028015136719,SONOMA,UNINCORPORATED,-122.49033355712891,38.274478912353516
92110859,2023,2023-07-06,9360,2023-06-23,1420,019794,,5,2,9,4900,0,2,4,,1,012,"DRY CREEK RD","LAMBERT BRIDGE RD",1425.00,S,N,A,-,N,,,,,,,,,,N,2,0,1,2,A,-,05,21460,A,N,D,C,A,A,H,-,A,D,0,,,Y,,Y,,C,02,1,0,0,0,0,0,0,0,1,"- ","- ",38.651660919189453,-122.91851806640625,SONOMA,UNINCORPORATED,-122.91875457763672,38.651870727539062
92111108,2023,2023-07-06,9360,2023-05-12,1620,020961,,5,2,9,4900,0,1,3,,1,045,"SR-116 (STAGE GULCH ROAD)","ADOBE ROAD",3670.00,W,N,A,-,Y,SON,,116," "," ",41.041,H,,R,Y,1,1,0,1,A,-,08,22107,,N,F,A,A,A,H,-,A,D,0,,,Y,,Y,,C,02,0,0,0,0,0,0,0,1,0,"- ","- ",38.227779388427734,-122.53043365478516,SONOMA,UNINCORPORATED,-122.53045654296875,38.227771759033203
9211459,2020,2022-06-14,4905,2020-07-12,0012,1060541,,7,5,6,4905,0,0,0,,0,10607,"STONY POINT RD","LAZZINI AV",0.00,,Y,A,-,N,,,,,,,,,,Y,1,2,3,2,A,-,03,22350,,N,D,C,A,A,H,-,C,A,0,,,,,Y,,A,01,0,3,0,0,0,0,0,0,0,"- ","- ",38.421970367431641,-122.74064636230469,SONOMA,"SANTA ROSA",-122.74067687988281,38.421951293945312
9211476,2020,2021-01-19,4902,2020-11-16,1234,105350,,1,5,2,4902,0,0,0,,0,,"MYRTLE AV","MACKLIN DR",0.00,,Y,A,-,N,,,,,,,,,,Y,1,1,0,2,A,-,11,21950,B,N,G,B,D,A,H,-,A,A,0,Y,,,,Y,,N,60,0,0,0,1,0,0,0,0,0,"- ","- ",,,SONOMA,COTATI,-122.69982147216797,38.321598052978516
92117584,2023,2024-09-09,9360,2023-06-27,1455,022241,,2,2,6,4905,0,1,2,,2,040,"US-101 S/B","SR-12 W/B",27.00,N,N,A,-,Y,SON,,101," "," ",19.667,H,,L,Y,2,0,3,5,A,-,01,23152,G,N,C,2,A,A,H,-,A,D,0,,,,,Y,Y,-,"- ",1,1,1,0,0,0,0,0,0,"- ","- ",38.431491851806641,-122.71562194824219,SONOMA,"SANTA ROSA",-122.71565246582031,38.431484222412109
92119574,2023,2023-07-18,9360,2023-07-08,2129,022371,,6,2,9,4900,0,3,5,,2,004,"HUNTER LN","PETALUMA HILL RD",1584.00,S,N,A,-,N,,,,,,,,,,N,2,0,1,2,A,-,17,21200,,N,A,G,A,A,H,-,D,D,0,,Y,,,Y,,L,04,1,0,0,0,0,0,1,0,0,"- ","- ",38.382789611816406,-122.69216918945312,SONOMA,UNINCORPORATED,-122.69132995605469,38.382770538330078
92122100,2023,2023-07-20,9360,2023-07-13,1620,018828,,4,2,9,4900,0,2,4,,1,024,"MARK WEST SPRINGS ROAD","RIEBLI ROAD",0.00,,Y,A,-,N,,,,,,,,,,N,2,0,1,2,A,-,09,21802,A,N,B,C,A,A,H,-,A,A,0,,,Y,,Y,,A,01,1,0,0,0,0,0,0,0,1,"- ","- ",38.507701873779297,-122.7198486328125,SONOMA,UNINCORPORATED,-122.71924591064453,38.507984161376953
92125169,2023,2023-07-25,9360,2023-07-17,"925 ",023342,,1,1,9,4900,0,2,4,,1,024,"CALISTOGA RD","ST. HELENA RD",1056.00,N,N,A,-,N,,,,,,,,,,Y,2,0,3,2,A,-,05,21460,A,N,A,C,A,A,H,-,A,D,0,,,,,Y,,A,01,1,2,0,0,0,0,0,0,0,"- ","- ",38.508049011230469,-122.65186309814453,SONOMA,UNINCORPORATED,-122.65140533447266,38.507682800292969
92126568,2023,2023-07-26,9360,2023-07-16,1623,022257,,7,2,9,4900,0,3,5,,2,003,"BODEGA HWY","FURLONG RD",1250.00,W,N,A,-,N,,,,,,,,,,Y,2,0,1,2,A,-,05,21460,A,N,D,C,A,A,H,-,A,D,0,,,Y,,Y,,C,02,1,0,0,0,0,0,0,0,1,"- ","- ",38.388759613037109,-122.88925933837891,SONOMA,UNINCORPORATED,-122.88917541503906,38.388797760009766
92127784,2023,2023-07-27,9360,2023-06-18,"322 ",022471,,7,3,9,4900,0,1,2,,2,050,"US-101 S/B","WEST SIERRA AVENUE",2685.00,S,N,A,-,Y,SON,,101," "," ",11.494,H,,L,Y,1,1,0,1,A,-,01,23152,G,N,E,8,A,A,H,-,D,D,0,,,,,Y,Y,A,01,0,0,0,0,0,0,0,0,0,"- ","- ",38.314090728759766,-122.71527099609375,SONOMA,UNINCORPORATED,-122.71517944335938,38.314094543457031
92131706,2023,2023-07-31,9360,2023-07-14,2005,023280,,5,2,9,4900,0,2,4,,1,054,"ROBLAR RD","VALLEY FORD RD",5280.00,E,N,A,-,N,,,,,,,,,,Y,2,0,1,1,A,-,08,22107,,N,F,A,A,A,H,-,B,D,0,,,Y,,Y,,C,02,1,0,0,0,0,0,0,0,1,"- ","- ",38.306449890136719,-122.81841278076172,SONOMA,UNINCORPORATED,-122.82159423828125,38.306388854980469
92131863,2023,2023-07-31,9360,2023-07-16,1430,022257,,7,2,9,4900,0,2,4,,1,032,"RIVER ROAD","TRENTON-HEALDSBURG RD",625.00,W,N,A,-,N,,,,,,,,,,Y,2,0,3,2,A,-,05,21460,A,F,A,C,A,A,H,-,A,D,0,,,,,Y,Y,D,22,2,1,0,0,0,0,0,0,0,"- ","- ",38.488979339599609,-122.85726165771484,SONOMA,UNINCORPORATED,-122.85711669921875,38.488925933837891
92132789,2023,2023-08-01,9360,2023-07-18,1810,023359,,2,2,9,4900,0,3,5,,2,005,"CHILENO VALLEY RD","WESTERN AVE",1800.00,S,N,A,-,N,,,,,,,,,,Y,2,0,2,1,A,-,01,23152,A,N,E,I,A,A,H,-,A,D,0,,,,,Y,Y,D,22,1,1,0,0,0,0,0,0,0,"- ","- ",38.218311309814453,-122.66892242431641,SONOMA,UNINCORPORATED,-122.66892242431641,38.218421936035156
92136312,2023,2023-08-04,9360,2023-07-26,1335,019083,,3,1,9,4900,0,1,3,,1,063,SR-1,"SMITH BROS. ROAD",250.00,N,N,A,-,Y,SON,,1," "," ",9.722,H,,R,N,2,0,2,2,A,-,08,22107,,N,F,A,A,A,H,-,A,D,0,,,Y,,Y,,C,02,1,1,0,0,0,0,0,0,2,"- ","- ",38.326301574707031,-123.040283203125,SONOMA,UNINCORPORATED,-123.040283203125,38.3262939453125
92136323,2023,2023-08-04,9360,2023-07-24,"610 ",016660,,1,1,9,4900,0,2,4,,1,024,"MARK WEST SPRINGS RD","CRESTA RD",1848.00,W,N,A,-,N,,,,,,,,,,Y,2,0,2,2,A,-,05,21460,A,N,A,C,A,A,H,-,A,D,0,,,,,Y,,A,01,1,1,0,0,0,0,0,0,0,"- ","- ",38.544170379638672,-122.72071075439453,SONOMA,UNINCORPORATED,-122.72068023681641,38.544189453125
92140769,2023,2023-08-10,9360,2023-07-19,1800,018828,,3,2,3,4903,0,1,2,,2,020,"US-101 N/B","DRY CREEK ROAD",406.00,S,N,A,-,Y,SON,,101," "," ",36.207,H,,R,Y,2,0,6,5,A,-,03,22350,,N,C,C,A,A,H,-,A,D,0,,,,Y,Y,,F,26,4,2,0,0,0,0,0,0,0,"- ","- ",38.625099182128906,-122.87818908691406,SONOMA,HEALDSBURG,-122.878173828125,38.625099182128906
92143363,2023,2023-08-14,9360,2023-08-01,1800,023360,,2,2,9,4900,0,1,3,,1,053,SR-116,"OLD GRAVENSTEIN HWY",0.00,,Y,A,-,N,,,,,,,,,,Y,2,0,2,2,A,-,09,21802,A,N,A,2,A,A,H,-,A,A,0,,,,,Y,,A,01,1,1,0,0,0,0,0,0,0,"- ","- ",38.369010925292969,-122.78401184082031,SONOMA,UNINCORPORATED,-122.79259490966797,38.375217437744141
92145195,2023,2023-08-16,9360,2023-08-14,2300,019092,,1,3,9,4900,0,1,2,,2,050,"US-101 N/B","RAILROAD AVE",3168.00,S,N,A,-,Y,SON,,101," "," ",10.103,H,,R,Y,2,0,2,2,A,-,03,22350,,N,C,C,A,A,H,-,D,D,0,,,,,Y,,D,22,1,1,0,0,0,0,0,0,0,"- ","- ",38.296730041503906,-122.70231628417969,SONOMA,UNINCORPORATED,-122.70230865478516,38.296737670898438
92151453,2023,2023-08-23,9360,2023-08-11,1555,022241,,5,2,9,4900,0,3,5,,2,006,"CAZADERO HWY","KIDD CREEK RD",1579.00,N,N,A,-,N,,,,,,,,,,Y,2,0,1,1,A,-,08,22107,,N,E,8,A,A,H,-,A,D,0,,,,,Y,,D,22,1,0,0,0,0,0,0,0,0,"- ","- ",38.500640869140625,-123.06987762451172,SONOMA,UNINCORPORATED,-123.0699462890625,38.500259399414062
92155921,2023,2023-08-28,9360,2023-08-16,"745 ",019083,,3,1,9,4900,0,2,4,,1,038,"OCCIDENTAL ROAD","BARLOW LN",45.00,N,N,A,-,N,,,,,,,,,,Y,2,0,2,2,A,-,01,23152,F,N,D,C,A,A,H,-,A,D,0,,,,,Y,,A,01,1,0,1,0,0,0,0,0,0,"- ","- ",38.424648284912109,-122.85901641845703,SONOMA,UNINCORPORATED,-122.85871124267578,38.424858093261719
92157171,2023,2023-08-29,9360,2023-08-22,"600 ",016076,,2,1,9,4900,0,1,2,,1,010,"US 101 S/B","OLD REDWOOD HIGHWAY / SR 128 U/C",2112.00,N,N,B,-,Y,SON,,101," ",R,54.799,H,,L,Y,2,0,1,1,A,-,08,22107,,N,E,I,A,A,H,-,A,D,0,,,,,Y,Y,D,22,1,0,0,0,0,0,0,0,0,"- ","- ",38.834918975830078,-123.02012634277344,SONOMA,UNINCORPORATED,-123.02017211914062,38.83489990234375
92159413,2023,2023-08-31,9360,2023-08-19,1650,022257,,6,2,9,4900,0,2,4,,1,038,"BOHEMIAN HWY","MAIN STREET",4752.00,S,N,A,-,N,,,,,,,,,,Y,2,0,1,1,A,-,08,22107,,N,E,I,A,A,H,-,A,D,0,,,,,Y,Y,D,22,1,0,0,0,0,0,0,0,0,"- ","- ",38.442291259765625,-122.98914337158203,SONOMA,UNINCORPORATED,-123.0042724609375,38.455486297607422
92160979,2023,2023-09-01,9360,2023-07-13,2148,022370,,4,2,9,4900,0,1,2,,1,010,"US-101 NORTHBOUND","ZANZI LANE",4752.00,N,N,A,-,Y,SON,,101," ",R,45.039,H,,R,Y,1,1,1,2,A,-,01,23152,A,N,A,C,A,A,H,-,D,D,0,,,,,Y,Y,A,01,1,0,0,0,0,0,0,0,0,"- ","- ",38.729480743408203,-122.94158935546875,SONOMA,UNINCORPORATED,-122.94158172607422,38.729484558105469
92164805,2023,2023-09-07,9360,2023-08-23,1745,019359,,3,2,9,4900,0,3,5,,2,002,"GEYSERVILLE AVE","BANTI LANE",0.00,,Y,A,-,N,,,,,,,,,,N,2,0,1,2,A,-,05,21460,A,N,D,2,A,A,H,-,A,D,0,,,Y,,Y,,A,07,1,0,0,0,0,0,0,0,1,"- ","- ",38.697978973388672,-122.89006042480469,SONOMA,UNINCORPORATED,-122.89006042480469,38.697948455810547
92168196,2023,2023-09-12,9360,2023-07-23,1240,020803,,7,1,9,4900,0,1,3,,1,061,"ANNAPOLIS ROAD","TIMBER RIDGE ROAD",350.00,E,N,A,-,N,,,,,,,,,,N,1,1,0,1,A,-,08,22107,,N,E,I,A,A,H,-,A,D,0,,,,,Y,,A,01,0,0,0,0,0,0,0,0,0,"- ","- ",38.702430725097656,-123.42613220214844,SONOMA,UNINCORPORATED,-123.42807006835938,38.700649261474609
92168327,2023,2023-09-12,9360,2023-09-03,"735 ",020731,,7,1,9,4900,0,3,5,,2,004,"SONOMA MOUNTAIN RD","BOTTASSO CT",150.00,N,N,A,-,N,,,,,,,,,,Y,2,0,1,1,A,-,08,22107,,N,E,I,A,A,H,-,A,D,0,,,,,Y,,A,01,1,0,0,0,0,0,0,0,0,"- ","- ",38.380519866943359,-122.62860107421875,SONOMA,UNINCORPORATED,-122.62861633300781,38.380577087402344
92170850,2023,2023-09-15,9360,2023-08-25,2155,021893,,5,2,5,4908,0,1,2,,1,060,"US-101 N/B","E. WASHINGTON STREET",3168.00,N,N,A,-,Y,SON,,101," "," ",5.425,H,,R,Y,2,0,1,2,A,-,08,22107,,N,B,C,A,A,H,-,C,D,0,,,,,Y,,A,07,1,0,0,0,0,0,0,0,0,"- ","- ",38.252220153808594,-122.63800811767578,SONOMA,PETALUMA,-122.63796997070312,38.252262115478516
92197436,2023,2023-10-12,9360,2023-10-05,1230,018196,,4,1,9,4900,0,1,3,,1,045,"SR-116 (STAGE GULCH ROAD)","ADOBE ROAD",1584.00,W,N,A,-,Y,SON,,116," "," ",41.487,H,,R,Y,2,0,1,2,A,-,01,23152,A,N,B,C,A,A,H,-,A,D,0,,,,Y,Y,Y,A,01,1,0,0,0,0,0,0,0,0,"- ","- ",38.232868194580078,-122.52989959716797,SONOMA,UNINCORPORATED,-122.52986907958984,38.232852935791016
92197553,2023,2023-10-12,9360,2023-10-02,1909,020201,,1,2,9,4900,0,2,4,,1,054,"VALLEY FORD RD","ROBLAR RD",0.00,,Y,A,-,N,,,,,,,,,,Y,2,0,2,2,A,-,01,23152,A,N,D,C,A,A,H,-,D,A,0,,,,,Y,Y,A,07,1,1,0,0,0,0,0,0,0,"- ","- ",38.305301666259766,-122.83946228027344,SONOMA,UNINCORPORATED,-122.83933258056641,38.305198669433594
92198453,2023,2023-10-13,9360,2023-09-10,"1   ",022267,,7,3,9,4900,0,2,4,,1,038,"BODEGA HIGHWAY","WAGNON ROAD",760.00,W,N,A,-,N,,,,,,,,,,Y,2,0,1,1,A,-,08,22107,,F,E,I,A,A,H,-,D,D,0,,,,,Y,,D,22,1,0,0,0,0,0,0,0,0,"- ","- ",38.382991790771484,-122.89234924316406,SONOMA,UNINCORPORATED,-122.89227294921875,38.383087158203125
92201540,2023,2023-10-17,9325,2023-10-02,"130 ",023148,,1,3,9,4900,0,1,3,,1,053,"RT 116","E BONNESS ROAD",1056.00,E,N,A,-,Y,SON,,116," "," ",46.008,H,,R,Y,2,0,1,1,A,-,08,22107,,N,E,9,A,A,H,-,D,D,0,,,,,Y,,A,01,1,0,0,0,0,0,0,0,0,"- ","- ",38.244499206542969,-122.46611785888672,SONOMA,UNINCORPORATED,-122.46615600585938,38.244461059570312
92206903,2023,2023-10-24,9360,2023-10-13,1040,020803,,5,1,9,4900,0,1,3,,1,013,SR-116,"MOSCOW ROAD",2580.00,E,N,A,-,Y,SON,,116," "," ",4.419,H,,R,Y,2,0,1,1,A,-,08,22107,,N,E,I,A,A,H,-,A,D,0,,,,Y,Y,,F,26,1,0,0,0,0,0,0,0,0,"- ","- ",38.460720062255859,-123.05420684814453,SONOMA,UNINCORPORATED,-123.05422210693359,38.460712432861328
92209646,2023,2023-10-26,9325,2023-10-04,"845 ",018379,,3,1,9,4900,0,1,3,,1,072,SR-121,"NAPA RD",0.00,,Y,A,-,Y,SON,,121," ",R,10.792,H,,R,Y,2,0,1,2,A,-,12,21453,A,N,D,D,A,A,H,-,A,A,0,,,Y,,Y,,A,07,1,0,0,0,0,0,0,0,1,"- ","- ",38.253501892089844,-122.39350891113281,SONOMA,UNINCORPORATED,-122.39350128173828,38.253459930419922
92221441,2023,2023-10-27,9325,2023-01-16,2001,018379,,1,2,9,4900,0,1,3,,1,063,"VERANO AVE",SR-12,0.00,,Y,A,-,Y,SON,,12," "," ",35.959,H,,R,N,1,1,0,2,A,-,10,21950,A,N,G,B,B,A,H,-,C,A,0,Y,,,,Y,,D,22,0,0,0,1,0,0,0,0,0,"- ","- ",38.302570343017578,-122.47605895996094,SONOMA,UNINCORPORATED,-122.47601318359375,38.302600860595703
92222786,2023,2023-10-30,9360,2023-10-16,"18  ",023342,,1,3,5,4908,0,1,2,,1,060,"US-101 S/B","EAST WASHINGTON ST",898.00,N,N,B,-,Y,SON,,101," "," ",4.942,H,,L,Y,2,0,2,1,A,-,01,23152,A,F,E,I,A,B,H,-,C,D,0,,,,,Y,Y,A,01,1,1,0,0,0,0,0,0,0,"- ","- ",38.248279571533203,-122.63053894042969,SONOMA,PETALUMA,-122.63057708740234,38.248237609863281
92224227,2023,2023-10-31,9360,2023-10-15,1230,023438,,7,1,9,4900,0,2,4,,1,034,"FULTON RD","RIVER RD",217.00,N,N,A,-,N,,,,,,,,,,N,2,0,1,2,A,-,09,21801,A,N,G,G,A,A,H,-,A,D,0,,Y,,,Y,,A,01,1,0,0,0,0,0,1,0,0,"- ","- ",38.497261047363281,-122.77012634277344,SONOMA,UNINCORPORATED,-122.77008056640625,38.497127532958984
92224257,2023,2023-10-31,9360,2023-10-15,1455,020803,,7,2,9,4900,0,1,3,,1,063,SR-116,SR-1,0.00,,Y,A,-,Y,SON,,116," "," ",0.034,H,,R,Y,2,0,1,1,A,-,03,22350,,N,E,I,A,A,H,-,A,A,0,,,Y,,Y,,C,02,1,0,0,0,0,0,0,0,1,"- ","- ",38.437259674072266,-123.10405731201172,SONOMA,UNINCORPORATED,-123.10400390625,38.437267303466797
92225222,2023,2023-11-01,9325,2023-10-18,"545 ",019590,,3,3,9,4900,0,1,3,,1,072,SR-121,"NAPA ROAD",1800.00,N,N,A,-,Y,SON,,121," "," ",11.438,H,,R,Y,2,0,1,2,A,-,03,22350,,N,C,C,A,A,H,-,D,D,0,,,Y,,Y,,C,02,1,0,0,0,0,0,0,0,1,"- ","- ",38.2506103515625,-122.38233184814453,SONOMA,UNINCORPORATED,-122.38234710693359,38.250545501708984
92225290,2023,2023-11-01,9360,2023-10-16,1340,021195,,1,1,9,4900,0,1,3,,1,061,SR-1,"TIMBER COVE RD",29040.00,N,N,B,-,Y,SON,,1," "," ",41.103,H,,R,N,2,0,1,1,A,-,08,22107,,N,F,A,A,B,H,-,A,D,0,,,Y,,Y,,C,02,1,0,0,0,0,0,0,0,1,"- ","- ",38.577899932861328,-123.33174896240234,SONOMA,UNINCORPORATED,-123.33171844482422,38.577896118164062
92225781,2023,2023-11-01,9360,2023-10-21,1640,020731,,6,2,9,4900,0,3,5,,2,005,"BURNSIDE RD","SEXTON RD",600.00,W,N,A,-,N,,,,,,,,,,N,2,0,1,2,A,-,05,21650,,N,B,C,A,A,H,-,A,D,0,,,Y,,Y,,C,02,1,0,0,0,0,0,0,0,1,"- ","- ",38.373798370361328,-122.86740112304688,SONOMA,UNINCORPORATED,-122.86705780029297,38.374267578125
92232210,2023,2023-11-09,9360,2023-10-21,1335,020961,,6,1,6,4905,0,1,2,,2,030,"US-101 N/B","MENDOCINO AVE O/C",20.00,N,N,A,-,Y,SON,,101," "," ",22.824,H,,R,Y,2,0,5,2,A,-,08,22107,,N,B,2,A,A,H,-,A,D,0,,,,,Y,,A,01,1,3,1,0,0,0,0,0,0,"- ","- ",38.474739074707031,-122.73113250732422,SONOMA,"SANTA ROSA",-122.73104858398438,38.474758148193359
92234451,2023,2023-11-13,9360,2023-10-31,1810,018828,,2,2,9,4900,0,1,2,,1,010,"US-101 N/B","ZANZI ROAD",3274.00,S,N,A,-,Y,SON,,101," ",R,45.424,H,,R,Y,2,0,2,2,A,-,01,23152,G,N,B,C,A,A,H,-,B,D,0,,,,Y,Y,Y,A,07,2,0,0,0,0,0,0,0,0,"- ","- ",38.734550476074219,-122.94452667236328,SONOMA,UNINCORPORATED,-122.94452667236328,38.734550476074219
92238285,2023,2023-11-16,9360,2023-10-20,2230,022471,,5,3,9,4900,0,2,4,,1,022,"OLD REDWOOD HIGHWAY","DONNA DRIVE",15.00,N,N,A,-,N,,,,,,,,,,Y,1,1,0,2,A,-,11,21954,A,N,G,B,E,A,H,-,D,D,0,Y,,,,Y,,N,60,0,0,0,1,0,0,0,0,0,"- ","- ",38.516769409179688,-122.77056121826172,SONOMA,UNINCORPORATED,-122.77052307128906,38.516712188720703
92240451,2023,2023-11-20,9360,2023-11-08,"831 ",023342,,3,1,9,4900,0,2,4,,1,032,"RIVER ROAD","TRENTON-HEALDSBURG ROAD",0.00,,Y,A,-,N,,,,,,,,,,Y,2,0,1,2,A,-,09,21802,A,N,D,C,A,A,H,-,A,A,0,,,,,Y,,A,08,1,0,0,0,0,0,0,0,0,"- ","- ",38.488319396972656,-122.85511779785156,SONOMA,UNINCORPORATED,-122.85511016845703,38.488265991210938
92240542,2023,2023-11-20,9360,2023-11-02,2250,023444,,4,3,6,4905,0,1,2,,2,040,"US-101 S/B","BAKER AVENUE OVERCROSSING",1056.00,N,N,A,-,Y,SON,,101," "," ",19.311,H,,L,Y,2,0,1,2,A,-,07,21658,A,N,C,C,A,A,H,-,C,D,0,,,Y,,Y,,C,02,1,0,0,0,0,0,0,0,1,"- ","- ",38.42633056640625,-122.71515655517578,SONOMA,"SANTA ROSA",-122.71517181396484,38.42633056640625
92246377,2023,2023-11-28,9325,2023-08-01,1900,018954,,2,2,9,4900,0,2,4,,2,054,SR-116,"STAGE GULCH ROAD",747.00,E,N,A,-,Y,SON,,116," ",R,42.891,H,,R,Y,1,1,1,4,A,-,05,21460,A,N,B,C,A,A,H,-,A,D,0,,,,Y,Y,,F,26,0,0,1,0,0,0,0,0,0,"- ","- ",38.237281799316406,-122.50747680664062,SONOMA,UNINCORPORATED,-122.50743103027344,38.23724365234375
92255901,2023,2023-12-07,9360,2023-11-26,"30  ",023017,,7,3,9,4900,0,3,5,,2,003,"OLIVET RD","OLIVET LN",300.00,N,N,A,-,N,,,,,,,,,,Y,2,0,1,1,A,-,08,22107,,N,E,8,A,A,H,-,C,D,0,,,,,Y,,A,07,1,0,0,0,0,0,0,0,0,"- ","- ",38.480178833007812,-122.81620025634766,SONOMA,UNINCORPORATED,-122.81623840332031,38.480094909667969
92258522,2023,2023-12-11,9360,2023-12-06,1525,019359,,3,2,5,4908,0,1,2,,1,060,"US-101 S/B","KASTANIA RD",2200.00,S,N,C,-,Y,SON,,101," "," ",2.178,H,,L,Y,2,0,1,1,A,-,08,22107,,N,E,I,A,B,H,-,A,D,0,,,,,Y,,D,22,1,0,0,0,0,0,0,0,0,"- ","- ",38.215641021728516,-122.60324096679688,SONOMA,PETALUMA,-122.60313415527344,38.215667724609375
92262138,2023,2023-12-14,9360,2023-08-27,"725 ",023207,,7,1,9,4900,0,2,4,,1,032,"RIVER ROAD","RIO VISTA ROAD",126.00,W,N,A,-,N,,,,,,,,,,N,1,1,0,2,A,-,08,22107,,F,G,B,E,A,H,-,A,D,0,Y,,,,Y,,A,07,0,0,0,1,0,0,0,0,0,"- ","- ",38.500080108642578,-122.90444946289062,SONOMA,UNINCORPORATED,-122.90430450439453,38.500038146972656
92266163,2023,2023-12-19,9360,2023-12-05,1910,023481,,2,2,9,4900,0,2,4,,1,038,"BODEGA HWY","FREESTONE VALLEY FORD RD",950.00,W,N,A,-,N,,,,,,,,,,Y,2,0,1,1,A,-,01,23152,A,N,A,I,A,A,H,-,D,D,0,,,,,Y,Y,A,01,1,0,0,0,0,0,0,0,0,"- ","- ",38.356021881103516,-122.92378997802734,SONOMA,UNINCORPORATED,-122.92356872558594,38.356063842773438
92273406,2023,2023-12-28,9360,2023-12-16,1307,023360,,6,1,9,4900,0,1,3,,1,037,SR-116,"GIOVANNETTI ROAD",2746.00,W,N,A,-,Y,SON,,116," "," ",18.055,H,,R,Y,2,0,1,1,A,-,03,22350,,N,E,8,A,B,H,-,A,D,0,,,,,Y,,A,01,1,0,0,0,0,0,0,0,0,"- ","- ",38.474411010742188,-122.91796875,SONOMA,UNINCORPORATED,-122.91794586181641,38.474483489990234