CASE_ID,ACCIDENT_YEAR,PROC_DATE,JURIS,COLLISION_DATE,COLLISION_TIME,OFFICER_ID,REPORTING_DISTRICT,DAY_OF_WEEK,CHP_SHIFT,POPULATION,CNTY_CITY_LOC,SPECIAL_COND,BEAT_TYPE,CHP_BEAT_TYPE,CITY_DIVISION_LAPD,CHP_BEAT_CLASS,BEAT_NUMBER,PRIMARY_RD,SECONDARY_RD,DISTANCE,DIRECTION,INTERSECTION,WEATHER_1,WEATHER_2,STATE_HWY_IND,CALTRANS_COUNTY,CALTRANS_DISTRICT,STATE_ROUTE,ROUTE_SUFFIX,POSTMILE_PREFIX,POSTMILE,LOCATION_TYPE,RAMP_INTERSECTION,SIDE_OF_HWY,TOW_AWAY,COLLISION_SEVERITY,NUMBER_KILLED,NUMBER_INJURED,PARTY_COUNT,PRIMARY_COLL_FACTOR,PCF_CODE_OF_VIOL,PCF_VIOL_CATEGORY,PCF_VIOLATION,PCF_VIOL_SUBSECTION,HIT_AND_RUN,TYPE_OF_COLLISION,MVIW,PED_ACTION,ROAD_SURFACE,ROAD_COND_1,ROAD_COND_2,LIGHTING,CONTROL_DEVICE,CHP_ROAD_TYPE,PEDESTRIAN_ACCIDENT,BICYCLE_ACCIDENT,MOTORCYCLE_ACCIDENT,TRUCK_ACCIDENT,NOT_PRIVATE_PROPERTY,ALCOHOL_INVOLVED,STWD_VEHTYPE_AT_FAULT,CHP_VEHTYPE_AT_FAULT,COUNT_SEVERE_INJ,COUNT_VISIBLE_INJ,COUNT_COMPLAINT_PAIN,COUNT_PED_KILLED,COUNT_PED_INJURED,COUNT_BICYCLIST_KILLED,COUNT_BICYCLIST_INJURED,COUNT_MC_KILLED,COUNT_MC_INJURED,PRIMARY_RAMP,SECONDARY_RAMP,LATITUDE,LONGITUDE,COUNTY,CITY,POINT_X,POINT_Y
92284180,2023,2024-01-10,9360,2023-12-24,1335,023433,,7,1,9,4900,0,2,4,,1,042,"PETALUMA HILL RD","CRANE CANYON RD",1848.00,N,N,A,-,N,,,,,,,,,,Y,2,0,1,1,A,-,01,23152,F,N,E,J,A,A,H,-,A,D,0,,,,,Y,,A,07,1,0,0,0,0,0,0,0,0,"- ","- ",38.370521545410156,-122.66713714599609,SONOMA,UNINCORPORATED,-122.66712188720703,38.370296478271484
92302236,2024,2024-01-31,9325,2024-01-22,"810 ",019329,,1,1,9,4900,0,1,3,,1,051,SR-121,"MEADOWLARK LN",1475.00,S,N,B,C,Y,SON,,121," "," ",5.463,H,,R,Y,2,0,1,1,A,-,03,22350,,N,E,I,A,B,H,-,A,D,0,,,,,Y,,A,01,1,0,0,0,0,0,0,0,0,"- ","- ",38.218898773193359,-122.45504760742188,SONOMA,UNINCORPORATED,-122.45512390136719,38.218883514404297
92302641,2024,2024-02-01,9360,2024-01-23,"850 ",016660,,2,1,9,4900,0,3,5,,2,001,"W DRY CREEK RD","WESTSIDE RD",4752.00,N,N,B,-,N,,,,,,,,,,Y,2,0,1,1,A,-,08,22107,,N,E,I,A,A,H,-,A,D,0,,,,,Y,,A,07,1,0,0,0,0,0,0,0,0,"- ","- ",38.614570617675781,-122.89350128173828,SONOMA,UNINCORPORATED,-122.89363098144531,38.614559173583984
92330240,2024,2024-03-05,9360,2024-02-07,1545,020201,,3,2,9,4900,0,3,5,,2,005,"CHILENO VALLEY ROAD","WILSON HILL ROAD",6336.00,E,N,B,-,N,,,,,,,,,,Y,2,0,4,1,A,-,03,22350,,N,E,8,A,B,H,-,A,D,0,,,,,Y,,A,07,1,3,0,0,0,0,0,0,0,"- ","- ",38.208808898925781,-122.69248199462891,SONOMA,UNINCORPORATED,-122.69409942626953,38.208911895751953
92346286,2024,2024-03-25,9360,2024-02-21,"856 ",018497,,3,1,9,4900,0,2,4,,1,046,"BENNETT VALLEY ROAD","GRANGE ROAD",3432.00,N,N,B,-,N,,,,,,,,,,Y,2,0,2,1,A,-,08,22107,,N,E,I,A,B,H,-,A,D,0,,,,,Y,,D,22,2,0,0,0,0,0,0,0,0,"- ","- ",38.406768798828125,-122.64363861083984,SONOMA,UNINCORPORATED,-122.64340209960938,38.406467437744141
92348710,2024,2024-03-27,9325,2024-02-23,1450,023094,,5,2,9,4900,0,3,5,,2,006,"TRINITY RD",SR-12,4224.00,E,N,A,-,N,,,,,,,,,,N,1,1,0,1,C,-,18,,,N,F,A,A,A,H,-,A,D,0,,Y,,,Y,,-,"- ",0,0,0,0,0,1,0,0,0,"- ","- ",38.385799407958984,-122.50592803955078,SONOMA,UNINCORPORATED,-122.50534820556641,38.386188507080078
92356023,2024,2024-04-04,9360,2024-02-22,1700,023438,,4,2,9,4900,0,1,3,,1,013,SR-116,"CNOPIUS RD",365.00,W,N,A,-,Y,SON,,116," "," ",9.872,H,,R,Y,2,0,2,2,A,-,05,21460,,N,A,C,A,A,H,-,A,D,0,,,,,Y,,-,"- ",1,0,1,0,0,0,0,0,0,"- ","- ",38.483028411865234,-123.01206970214844,SONOMA,UNINCORPORATED,-123.01210784912109,38.482990264892578
92359656,2024,2024-04-09,9350,2024-03-27,"610 ",023759,,3,1,9,4900,0,1,3,,2,137,SR-37,SR-121,0.00,,Y,A,-,Y,SON,,37," "," ",3.899,H,,R,Y,2,0,2,2,A,-,12,21453,A,N,D,C,A,A,H,-,C,A,0,,,,,Y,,A,07,1,0,1,0,0,0,0,0,0,"- ","- ",38.150970458984375,-122.44940185546875,SONOMA,UNINCORPORATED,-122.44932556152344,38.150859832763672
9236334,2021,2021-03-27,4908,2021-02-10,1838,3550,6,3,5,5,4908,0,0,0,,0,003,"LAKEVILLE ST","MADISON ST",195.00,W,N,A,-,N,,,,,,,,,,,2,0,1,2,A,-,05,21650,1,N,D,G,A,A,H,-,C,A,0,,Y,,,Y,,L,04,1,0,0,0,0,0,1,0,0,"- ","- ",38.239429473876953,-122.63931274414062,SONOMA,PETALUMA,-122.6395263671875,38.239971160888672
92371793,2024,2024-04-22,9360,2024-04-10,"830 ",016660,,3,1,6,4905,0,1,3,,1,051,"SR-12 E/B","DUTTON AVE",310.00,E,N,A,-,Y,SON,,12," ",R,15.381,H,,R,N,2,0,2,3,A,-,03,22350,,N,C,C,A,A,H,-,A,D,0,,,,Y,Y,,F,26,1,0,1,0,0,0,0,0,0,"- ","- ",38.433109283447266,-122.72496032714844,SONOMA,"SANTA ROSA",-122.72496032714844,38.433120727539062
92376912,2024,2024-04-29,9360,2024-04-17,"522 ",022945,,3,3,9,4900,0,3,5,,2,005,"CLEVELAND LN","WESTERN AVE",585.00,N,N,A,-,N,,,,,,,,,,N,2,0,1,1,A,-,17,21200,,N,E,I,A,A,H,-,C,D,0,,Y,,,Y,Y,L,04,1,0,0,0,0,0,1,0,0,"- ","- ",38.229190826416016,-122.66403961181641,SONOMA,UNINCORPORATED,-122.66401672363281,38.229152679443359
92377632,2024,2024-04-29,9360,2024-04-17,1200,016660,,3,1,9,4900,0,1,2,,2,030,"US 101 N/B","RIVER RD",2640.00,N,N,A,-,Y,SON,,101," "," ",25.341,H,,R,Y,2,0,1,4,A,-,07,21658,A,N,B,C,A,A,H,-,A,D,0,,,,,Y,,D,22,1,0,0,0,0,0,0,0,0,"- ","- ",38.501010894775391,-122.76265716552734,SONOMA,UNINCORPORATED,-122.76262664794922,38.50103759765625
92379402,2024,2024-05-01,9325,2024-04-26,1840,017538,,5,2,9,4900,0,2,4,,1,055,"NAPA RD","NICHOLAS RD.",2112.00,W,N,A,-,N,,,,,,,,,,Y,2,0,2,1,A,-,03,22350,,N,F,J,A,A,H,-,A,D,0,,,,,Y,,A,01,1,0,1,0,0,0,0,0,0,"- ","- ",38.268501281738281,-122.41039276123047,SONOMA,UNINCORPORATED,,
92381109,2024,2024-05-03,9360,2024-04-21,1408,023360,,7,2,9,4900,0,2,4,,1,012,"DRY CREEK RD","LYTTON SPRINGS RD",307.00,S,N,A,-,N,,,,,,,,,,Y,2,0,1,1,A,-,01,23152,F,N,E,I,A,A,H,-,A,D,0,,,,,Y,,A,01,1,0,0,0,0,0,0,0,0,"- ","- ",38.648799896240234,-122.91042327880859,SONOMA,UNINCORPORATED,-122.90977478027344,38.648162841796875
9238572,2021,2021-04-06,4903,2021-02-05,1554,1828,,5,5,3,4903,0,0,0,,0,,"HEALDSBURG AV","PIPER ST",0.00,,Y,A,-,N,,,,,,,,,,N,2,0,1,2,A,-,17,21451,A,N,H,G,A,A,H,-,A,A,0,,Y,,,Y,,A,01,1,0,0,0,0,0,1,0,0,"- ","- ",38.614028930664062,-122.87210083007812,SONOMA,HEALDSBURG,-122.87188720703125,38.614265441894531
92389551,2023,2024-07-11,9360,2023-11-21,1440,019359,,2,2,9,4900,0,2,4,,1,047,"LAKEVILLE ROAD","OLD LAKEVILLE ROAD NO. 1",174.00,S,N,A,-,N,,,,,,,,,,Y,1,1,2,3,A,-,01,23152,F,N,B,2,A,A,H,-,A,D,0,,,,,Y,,D,22,2,0,0,0,0,0,0,0,0,"- ","- ",38.209571838378906,-122.54685211181641,SONOMA,UNINCORPORATED,-122.61805725097656,38.233318328857422
92392482,2024,2024-05-17,9360,2024-05-06,1850,023631,,1,2,9,4900,0,3,5,,2,003,"RIVER RD","TRENTON-HEALDSBURG RD",2270.00,E,N,A,-,N,,,,,,,,,,Y,2,0,1,1,A,-,03,22350,,N,F,0,A,A,H,-,A,D,0,,,Y,,Y,,C,02,1,0,0,0,0,0,0,0,1,"- ","- ",38.484539031982422,-122.84857940673828,SONOMA,UNINCORPORATED,-122.84870910644531,38.484622955322266
92394920,2024,2024-05-21,9360,2024-04-26,2130,023438,,5,2,9,4900,0,1,2,,2,040,"US-101 S/B","THIRD STREET UNDERCROSSING",88.00,S,N,A,-,Y,SON,,101," "," ",20.092,H,,L,N,2,0,1,2,A,-,00,21960,A,N,G,B,D,A,H,-,C,D,0,Y,,,,Y,,N,60,1,0,0,0,1,0,0,0,0,"- ","- ",38.437210083007812,-122.71808624267578,SONOMA,UNINCORPORATED,-122.71813201904297,38.437191009521484
92396396,2024,2024-05-22,9360,2024-05-10,2135,023207,,5,2,9,4900,0,1,2,,1,060,"US-101 N/B","LAKEVILLE ST",134.00,S,N,A,-,Y,SON,,101," "," ",3.616,H,,R,Y,2,0,1,2,A,-,01,23152,A,N,D,C,A,A,H,-,C,D,0,,,,,Y,Y,A,01,1,0,0,0,0,0,0,0,0,"- ","- ",38.232761383056641,-122.61743927001953,SONOMA,UNINCORPORATED,-122.61767578125,38.232685089111328
92403197,2024,2024-05-31,9360,2024-05-18,"935 ",023342,,6,1,9,4900,0,2,4,,1,032,"RIVER ROAD","FULTON ROAD",682.00,W,N,B,-,N,,,,,,,,,,Y,2,0,1,2,A,-,12,22451,A,N,D,F,A,A,H,-,A,A,0,,,,,Y,,A,01,1,0,0,0,0,0,0,0,0,"- ","- ",38.496528625488281,-122.77261352539062,SONOMA,UNINCORPORATED,-122.77247619628906,38.496551513671875
92404170,2024,2024-06-03,9360,2024-05-21,1530,020961,,2,2,5,4908,0,1,2,,1,060,"US-101 N/B TO LAKEVILLE HWY","LAKEVILLE HWY",610.00,N,N,A,-,Y,,,,,,,,,,Y,2,0,1,2,A,-,07,21658,A,N,F,A,A,A,H,-,A,D,0,,,Y,,Y,,D,22,1,0,0,0,0,0,0,0,1,"- ","- ",38.234981536865234,-122.61778259277344,SONOMA,PETALUMA,-122.61834716796875,38.234416961669922
9240429,2021,2021-04-26,4905,2021-01-04,0619,1060337,,1,5,6,4905,0,0,0,,0,001,"HOPPER AV","RT 101",30.00,W,N,C,-,Y,SON,4,101,-,-,23.370,R,4,S,N,2,0,1,2,A,-,11,21456,C,N,G,B,B,B,H,-,C,A,0,Y,,,,Y,,N,60,1,0,0,0,1,0,0,0,0,"- ",SF,38.480400085449219,-122.73592376708984,SONOMA,"SANTA ROSA",-122.73567962646484,38.481449127197266
92407644,2024,2024-06-06,9360,2024-05-28,1625,019359,,2,2,9,4900,0,2,4,,1,046,"BENNETT VALLEY RD","GARDNER RANCH RD",580.00,E,N,A,-,N,,,,,,,,,,Y,2,0,1,1,A,-,08,22107,,N,E,I,A,A,H,-,A,D,0,,,,,Y,,D,22,1,0,0,0,0,0,0,0,0,"- ","- ",38.390911102294922,-122.60494232177734,SONOMA,UNINCORPORATED,-122.60497283935547,38.390964508056641
92417118,2024,2024-06-18,9360,2024-03-12,2245,023280,,2,3,9,4900,0,2,4,,1,032,"RIVER RD","WOOLSEY RD",1584.00,W,N,A,-,N,,,,,,,,,,Y,1,2,0,1,A,-,01,23152,G,N,E,I,A,A,H,-,D,D,0,,,,,Y,Y,A,07,0,0,0,0,0,0,0,0,0,"- ","- ",38.491500854492188,-122.79167175292969,SONOMA,UNINCORPORATED,-122.79256439208984,38.4913330078125
9242500,2021,2021-04-13,4908,2021-03-18,0757,2754,15,4,5,5,4908,0,0,0,,0,012,"LAKEVILLE HWY","PINE VIEW WY",1562.00,E,N,B,-,Y,SON,4,116,-,-,37.240,H,-,E,Y,2,0,2,4,A,-,01,23152,A,N,A,C,A,A,H,-,A,D,0,,,,,Y,Y,A,07,1,1,0,0,0,0,0,0,0,"- ","- ",38.231239318847656,-122.58432006835938,SONOMA,PETALUMA,-122.58003234863281,38.228931427001953
92425979,2024,2024-06-28,9360,2024-06-17,2015,019359,,1,2,9,4900,0,2,4,,1,024,"MARK WEST SPRINGS RD","REIBLI RD",600.00,W,N,A,-,N,,,,,,,,,,Y,2,0,6,1,A,-,03,22350,,N,E,9,A,A,C,-,D,D,0,,,,,Y,,A,01,4,2,0,0,0,0,0,0,0,"- ","- ",38.50714111328125,-122.72194671630859,SONOMA,UNINCORPORATED,-122.71924591064453,38.507984161376953
92434058,2024,2024-07-09,9360,2024-06-22,"505 ",023207,,6,3,9,4900,0,1,2,,1,060,"US-101 S/B","KASTANIA RD",2218.00,S,N,A,-,Y,SON,,101," "," ",2.180,H,,L,Y,2,0,1,1,A,-,01,23152,A,N,E,8,A,A,H,-,B,D,0,,,,,Y,Y,A,01,1,0,0,0,0,0,0,0,0,"- ","- ",38.215671539306641,-122.60324096679688,SONOMA,UNINCORPORATED,-122.6031494140625,38.215694427490234
92436168,2024,2024-07-11,9360,2024-06-21,"910 ",020803,,5,1,9,4900,0,1,3,,1,061,"MEYERS GRADE RD",SR-1,8976.00,E,N,A,-,N,,,,,,,,,,Y,2,0,2,2,A,-,05,21460,,N,A,C,A,A,H,-,A,D,0,,,,,Y,,A,08,1,0,1,0,0,0,0,0,0,"- ","- ",38.499229431152344,-123.18369293212891,SONOMA,UNINCORPORATED,-123.16349792480469,38.479118347167969
92438066,2024,2024-07-12,9360,2024-07-03,1940,016045,,3,2,9,4900,0,3,5,,2,005,"WEST SIERRA AVE","WEST SCHOOL ST",50.00,W,N,A,-,N,,,,,,,,,,Y,2,0,1,1,A,-,08,22107,,N,F,I,A,A,H,-,A,D,0,,,Y,,Y,,C,02,1,0,0,0,0,0,0,0,1,"- ","- ",38.324420928955078,-122.72547149658203,SONOMA,UNINCORPORATED,-122.72536468505859,38.324390411376953
9246232,2021,2021-04-10,4905,2021-01-31,1755,1060574,,7,5,6,4905,0,0,0,,0,007,"BEACHWOOD DR","MYRTEWOOD DR",0.00,,Y,A,-,N,,,,,,,,,,N,2,0,1,2,A,-,01,23152,A,N,D,E,A,A,H,-,B,D,0,,,Y,,Y,Y,C,02,1,0,0,0,0,0,0,0,1,"- ","- ",38.42279052734375,-122.72062683105469,SONOMA,"SANTA ROSA",-122.72062683105469,38.422763824462891
9246843,2021,2021-05-11,4905,2021-03-12,1140,1060474,,5,5,6,4905,0,0,0,,0,009,"OLIVE ST","HAZEL ST",425.00,N,N,A,-,N,,,,,,,,,,Y,2,0,2,4,A,-,01,23152,B,N,B,E,A,A,H,-,A,D,0,,,,,Y,Y,D,22,1,1,0,0,0,0,0,0,0,"- ","- ",38.434951782226562,-122.71975708007812,SONOMA,"SANTA ROSA",-122.71926116943359,38.434070587158203
9246876,2021,2021-04-29,4905,2021-01-20,1557,4905,,3,5,6,4905,0,0,0,,0,005,"NORTH DUTTON AV","DECKER ST",100.00,S,N,A,-,N,,,,,,,,,,N,2,0,1,2,A,-,11,21954,A,N,G,B,E,A,H,-,A,D,0,Y,,,,Y,,N,60,1,0,0,0,1,0,0,0,0,"- ","- ",38.440528869628906,-122.72920989990234,SONOMA,"SANTA ROSA",-122.72889709472656,38.440536499023438
9253906,2020,2021-04-29,4905,2020-12-26,0240,1060557,,6,5,6,4905,0,0,0,,0,004,"MISSION BL","CULEBRA AV",0.00,N,N,B,-,N,,,,,,,,,,Y,2,0,1,2,A,-,"- ",,,N,A,E,A,B,G,-,C,D,0,,,,,Y,,D,22,1,0,0,0,0,0,0,0,0,"- ","- ",38.466068267822266,-122.67607116699219,SONOMA,"SANTA ROSA",-122.67617797851562,38.465461730957031
9256447,2021,2021-08-05,4905,2021-04-16,0725,1060473,,5,5,6,4905,0,0,0,,0,003,"FULTON RD","GUERNEVILLE RD",273.00,S,N,A,-,N,,,,,,,,,,Y,1,1,0,2,A,-,05,21651,B,N,A,C,A,A,H,-,A,D,0,,,,,Y,Y,-,,0,0,0,0,0,0,0,0,0,"- ","- ",38.452541351318359,-122.76963043212891,SONOMA,"SANTA ROSA",-122.76963043212891,38.451801300048828
9256976,2021,2021-06-07,4900,2021-04-20,1305,1101496,,2,5,3,4980,0,0,0,,0,WI1,"LOS AMIGOS RD","VALLEY OAK CT",0.00,,Y,A,-,N,,,,,,,,,,Y,2,0,5,2,A,-,03,22350,,N,D,C,A,A,H,-,A,D,0,,,,,Y,,E,22,1,1,3,0,0,0,0,0,0,"- ","- ",38.554611206054688,-122.81571197509766,SONOMA,WINDSOR,-122.81578063964844,38.554630279541016
9273227,2020,2021-06-18,4906,2020-06-18,2126,413,4906,4,5,2,4906,0,0,0,,0,,"BODEGA AV","VIRGINIA AV",100.00,W,N,A,-,N,,,,,,,,,,Y,2,0,2,2,A,-,01,23152,A,N,C,E,A,A,H,-,D,D,0,,,,,Y,Y,A,07,1,1,0,0,0,0,0,0,0,"- ","- ",38.398220062255859,-122.83567810058594,SONOMA,SEBASTOPOL,-122.83518981933594,38.398178100585938
9276363,2021,2021-09-16,4908,2021-08-24,1842,3454,15,2,5,5,4908,0,0,0,,0,001,"LAKEVILLE HWY","SOUTH MCDOWELL BL",0.00,,Y,A,-,Y,SON,4,116,-,-,36.070,I,5,W,Y,2,0,7,3,A,-,12,21453,A,F,D,C,A,A,H,-,A,A,0,,,,,Y,,A,01,1,2,4,0,0,0,0,0,0,"- ","- ",38.233699798583984,-122.600341796875,SONOMA,PETALUMA,-122.59882354736328,38.234268188476562
92800899,2024,2024-07-29,9360,2024-07-19,1500,023838,,5,2,9,4900,0,1,3,,1,041,"SR-12 W/B","MELITA RD",770.00,E,N,A,-,Y,SON,,12," "," ",22.096,H,,L,N,2,0,1,2,A,-,11,21954,A,N,G,B,D,A,H,-,A,D,0,Y,,,,Y,,N,60,1,0,0,0,1,0,0,0,0,"- ","- ",38.452499389648438,-122.62052917480469,SONOMA,UNINCORPORATED,-122.62052917480469,38.452503204345703
92877417,2024,2024-07-29,9325,2024-07-20,"935 ",019590,,6,1,9,4900,0,1,3,,1,072,"SR-121 S/B","NAPA RD",25.00,N,N,A,-,Y,SON,,121," ",R,10.811,H,,L,Y,2,0,1,2,A,-,03,22350,,N,C,C,A,A,H,-,A,D,0,,,Y,,Y,,C,02,1,0,0,0,0,0,0,0,1,"- ","- ",38.253288269042969,-122.39315032958984,SONOMA,UNINCORPORATED,-122.39315795898438,38.25347900390625
9297222,2021,2021-08-23,4905,2021-04-27,1736,1060562,,2,5,6,4905,0,0,0,,0,004,"FOUNTAINGROVE PKWY","BOULDER POINT PL",396.00,S,N,A,-,N,,,,,,,,,,Y,2,0,1,1,A,-,03,22350,,N,H,I,A,A,H,-,A,D,0,,,Y,,Y,,C,02,1,0,0,0,0,0,0,0,1,"- ","- ",38.486011505126953,-122.69254302978516,SONOMA,"SANTA ROSA",-122.69188690185547,38.485042572021484
9300997,2021,2021-08-16,4908,2021-07-04,1856,3550,10,7,5,5,4908,0,0,0,,0,004,"NORTH MCDOWELL BL","EAST MADISON ST",0.00,,Y,A,-,N,,,,,,,,,,Y,2,0,3,2,A,-,12,21453,A,N,D,C,A,A,H,-,A,A,0,,,,,Y,Y,D,22,2,1,0,0,0,0,0,0,0,"- ","- ",38.250789642333984,-122.62857818603516,SONOMA,PETALUMA,-122.62870788574219,38.250755310058594
9301735,2021,2021-10-14,4904,2021-07-05,1200,1040368,,1,5,4,4904,0,0,0,,0,,"EAST COTATI AV","BODWAY PKWY",300.00,E,N,C,-,N,,,,,,,,,,Y,1,1,0,2,A,-,03,22350,,N,G,B,D,A,H,-,A,D,0,Y,,,,Y,,A,01,0,0,0,1,0,0,0,0,0,"- ","- ",38.336231231689453,-122.67813110351562,SONOMA,"ROHNERT PARK",-122.67704772949219,38.336082458496094
9301778,2021,2023-06-17,4908,2021-04-17,2327,2754,6,6,5,5,4908,0,0,0,,0,003,"STONY POINT RD","DENMAN RD",500.00,N,N,A,-,N,,,,,,,,,,Y,1,1,1,2,A,-,01,23152,A,N,B,C,A,A,H,-,D,D,0,,,,,Y,Y,A,01,1,0,0,0,0,0,0,0,0,"- ","- ",38.274028778076172,-122.67697143554688,SONOMA,PETALUMA,-122.67796325683594,38.275203704833984
9319265,2021,2021-10-04,4901,2021-08-28,2108,101,4901,6,5,2,4901,0,0,0,,0,,"SOUTH CLOVERDALE BL","GARDEN CIR WY",0.00,,Y,A,-,N,,,,,,,,,,Y,2,0,2,2,A,-,01,23152,,N,D,C,A,A,H,-,C,D,0,,,,,Y,Y,A,01,1,1,0,0,0,0,0,0,0,"- ","- ",38.799480438232422,-123.01761627197266,SONOMA,CLOVERDALE,-123.01752471923828,38.799064636230469
9321214,2022,2022-07-19,4906,2022-04-24,1223,476,,7,5,2,4906,0,0,0,,0,,"RT 12","MORRIS ST",2000.00,E,N,A,-,Y,SON,4,12,-,-,9.900,H,-,E,Y,2,0,3,2,A,-,06,21755,,N,D,C,A,A,H,-,A,D,0,,,Y,,Y,,C,02,2,1,0,0,0,0,0,0,3,"- ","- ",38.404781341552734,-122.81246185302734,SONOMA,SEBASTOPOL,-122.81231689453125,38.404762268066406
93243600,2024,2024-08-01,9350,2024-07-07,1325,022577,,7,1,9,4900,0,1,3,,2,237,"SR-37 EASTBOUND","NOBLE ROAD",11.50,W,N,A,-,Y,SON,,37," "," ",5.414,H,,R,Y,2,0,1,2,A,-,06,21755,A,N,D,C,A,A,H,-,A,D,0,,,Y,,Y,,C,02,1,0,0,0,0,0,0,0,1,"- ","- ",38.154758453369141,-122.42220306396484,SONOMA,UNINCORPORATED,-122.42221069335938,38.154827117919922
9350797,2020,2021-10-29,4905,2020-12-24,0645,1060541,,4,5,6,4905,0,0,0,,0,007,"HEARN AV","ARROWHEAD DR",0.00,,Y,A,-,N,,,,,,,,,,N,2,0,1,2,A,-,11,21954,A,F,G,B,E,A,H,-,C,D,0,Y,,,,Y,,N,60,1,0,0,0,1,0,0,0,0,"- ","- ",38.412590026855469,-122.73800659179688,SONOMA,"SANTA ROSA",-122.73802185058594,38.412609100341797
9355383,2021,2021-12-16,4903,2021-10-08,0825,1476,2,5,5,3,4903,0,0,0,,0,,"HEALDSBURG AV","MILL ST / VINE ST",0.00,,Y,A,-,N,,,,,,,,,,N,2,0,1,2,A,-,10,21950,C,N,G,B,B,A,H,-,A,A,0,Y,,,,Y,,D,22,1,0,0,0,1,0,0,0,0,"- ","- ",38.611728668212891,-122.87077331542969,SONOMA,HEALDSBURG,-122.87004852294922,38.608169555664062
9358975,2021,2021-12-28,4905,2021-07-20,0000,1068921,,2,5,6,4905,0,0,0,,0,007,"DUTTON AV","SEBASTOPOL RD",5.00,N,N,A,-,N,,,,,,,,,,N,2,0,1,2,A,-,10,21950,A,N,D,B,B,A,H,-,B,A,0,Y,,,,Y,,-,,1,0,0,0,1,0,0,0,0,"- ","- ",38.430591583251953,-122.72531127929688,SONOMA,"SANTA ROSA",-122.72530364990234,38.430633544921875
9359115,2021,2021-11-17,4905,2021-07-19,1639,1060474,,1,5,6,4905,0,0,0,,0,006,"HAHMAN DR","MONTGOMERY DR",0.00,,Y,A,-,N,,,,,,,,,,Y,2,0,3,1,A,-,08,22107,,N,-,I,A,A,H,-,A,A,0,,,,,Y,Y,A,01,2,1,0,0,0,0,0,0,0,"- ","- ",38.447010040283203,-122.68636322021484,SONOMA,"SANTA ROSA",-122.68637084960938,38.447010040283203
9360746,2021,2021-11-18,4905,2021-09-08,1018,1068921,,3,5,6,4905,0,0,0,,0,006,"HOEN AV","SUMMERFIELD RD",0.00,,Y,A,-,N,,,,,,,,,,Y,2,0,1,2,A,-,12,21453,A,N,D,C,A,A,H,-,A,A,0,,,Y,,Y,,C,03,1,0,0,0,0,0,0,0,1,"- ","- ",38.443069458007812,-122.66280364990234,SONOMA,"SANTA ROSA",-122.662841796875,38.443084716796875
9361405,2021,2021-11-30,4908,2021-10-03,1405,3509,13,7,5,5,4908,0,0,0,,0,001,"PARK LN","SIERRA DR",54.00,N,N,A,-,N,,,,,,,,,,Y,2,0,1,3,A,-,01,23152,A,N,B,E,A,A,H,-,A,D,0,,,,,Y,Y,A,07,1,0,0,0,0,0,0,0,0,"- ","- ",38.246089935302734,-122.61551666259766,SONOMA,PETALUMA,-122.61564636230469,38.246185302734375
9362227,2021,2021-12-06,4905,2021-09-02,2018,1060502,,4,5,6,4905,0,0,0,,0,007,"SEBASTOPOL RD","BURBANK AV",0.00,,Y,A,-,N,,,,,,,,,,Y,2,0,2,2,A,-,08,22107,A,M,B,C,A,A,H,-,C,-,0,,,,,Y,Y,-,,2,0,0,0,0,0,0,0,0,"- ","- ",38.428241729736328,-122.73535919189453,SONOMA,"SANTA ROSA",-122.73532867431641,38.428253173828125
9362749,2021,2021-11-23,4905,2021-08-09,1752,1060445,,1,5,6,4905,0,0,0,,0,004,"OWL HILL AV","OWLS NEST DR",300.00,W,N,A,-,N,,,,,,,,,,N,2,0,1,1,A,-,08,22107,,N,H,A,A,A,H,-,A,D,0,,,Y,,Y,,C,06,1,0,0,0,0,0,0,0,1,"- ","- ",38.467010498046875,-122.64112854003906,SONOMA,"SANTA ROSA",-122.64385223388672,38.466838836669922
9366375,2021,2021-11-23,4905,2021-08-07,1309,1060541,,6,5,6,4905,0,0,0,,0,006,"HOEN AV","YULUPA AV",0.00,,Y,A,-,N,,,,,,,,,,Y,2,0,5,2,A,-,12,21453,A,N,D,C,A,A,H,-,A,A,0,,,,,Y,,-,,1,1,3,0,0,0,0,0,0,"- ","- ",38.439548492431641,-122.67156982421875,SONOMA,"SANTA ROSA",-122.67162322998047,38.439540863037109