CASE_ID,ACCIDENT_YEAR,PROC_DATE,JURIS,COLLISION_DATE,COLLISION_TIME,OFFICER_ID,REPORTING_DISTRICT,DAY_OF_WEEK,CHP_SHIFT,POPULATION,CNTY_CITY_LOC,SPECIAL_COND,BEAT_TYPE,CHP_BEAT_TYPE,CITY_DIVISION_LAPD,CHP_BEAT_CLASS,BEAT_NUMBER,PRIMARY_RD,SECONDARY_RD,DISTANCE,DIRECTION,INTERSECTION,WEATHER_1,WEATHER_2,STATE_HWY_IND,CALTRANS_COUNTY,CALTRANS_DISTRICT,STATE_ROUTE,ROUTE_SUFFIX,POSTMILE_PREFIX,POSTMILE,LOCATION_TYPE,RAMP_INTERSECTION,SIDE_OF_HWY,TOW_AWAY,COLLISION_SEVERITY,NUMBER_KILLED,NUMBER_INJURED,PARTY_COUNT,PRIMARY_COLL_FACTOR,PCF_CODE_OF_VIOL,PCF_VIOL_CATEGORY,PCF_VIOLATION,PCF_VIOL_SUBSECTION,HIT_AND_RUN,TYPE_OF_COLLISION,MVIW,PED_ACTION,ROAD_SURFACE,ROAD_COND_1,ROAD_COND_2,LIGHTING,CONTROL_DEVICE,CHP_ROAD_TYPE,PEDESTRIAN_ACCIDENT,BICYCLE_ACCIDENT,MOTORCYCLE_ACCIDENT,TRUCK_ACCIDENT,NOT_PRIVATE_PROPERTY,ALCOHOL_INVOLVED,STWD_VEHTYPE_AT_FAULT,CHP_VEHTYPE_AT_FAULT,COUNT_SEVERE_INJ,COUNT_VISIBLE_INJ,COUNT_COMPLAINT_PAIN,COUNT_PED_KILLED,COUNT_PED_INJURED,COUNT_BICYCLIST_KILLED,COUNT_BICYCLIST_INJURED,COUNT_MC_KILLED,COUNT_MC_INJURED,PRIMARY_RAMP,SECONDARY_RAMP,LATITUDE,LONGITUDE,COUNTY,CITY,POINT_X,POINT_Y
9366693,2021,2022-01-14,4907,2021-12-09,1740,1102768,,4,5,2,4907,0,0,0,,0,SO1,"3RD ST W","SPAIN ST",0.00,,Y,A,-,N,,,,,,,,,,N,2,0,1,2,A,-,10,21950,A,N,G,B,B,A,H,-,D,D,0,Y,,,,Y,,-,,1,0,0,0,1,0,0,0,0,"- ","- ",38.294258117675781,-122.46315002441406,SONOMA,SONOMA,-122.46316528320312,38.294254302978516
9366969,2021,2021-12-02,4905,2021-07-22,1244,1060474,,4,5,6,4905,0,0,0,,0,004,"MIDDLE RINCON RD","RT 12",0.00,,Y,A,-,Y,SON,4,12,-,-,19.442,I,5,W,Y,2,0,3,2,A,-,12,21453,A,N,A,C,A,A,-,-,A,A,0,,,,,Y,,A,01,1,0,2,0,0,0,0,0,0,"- ","- ",38.463878631591797,-122.66500091552734,SONOMA,"SANTA ROSA",-122.66436004638672,38.464035034179688
93763816,2024,2024-08-06,9360,2024-07-26,1455,021913,,5,2,6,4905,0,1,2,,2,030,"US-101 S/B","STEELE LN",1400.00,N,N,A,-,Y,SON,,101," "," ",22.031,H,,L,Y,2,0,1,1,A,-,08,22107,,N,F,A,A,A,H,-,A,D,0,,,Y,,Y,,C,02,1,0,0,0,0,0,0,0,1,"- ","- ",38.46392822265625,-122.72673797607422,SONOMA,"SANTA ROSA",-122.72677612304688,38.463924407958984
93763973,2024,2024-08-06,9360,2024-06-04,"450 ",023481,,2,3,9,4900,0,1,2,,1,010,"US-101 S/B","CANYON RD",1700.00,N,N,A,-,Y,SON,,101," ",R,43.749,H,,L,Y,2,0,1,2,A,-,08,22107,,N,B,C,A,A,H,-,D,D,0,,,,,Y,,D,22,1,0,0,0,0,0,0,0,0,"- ","- ",38.71807861328125,-122.92317199707031,SONOMA,UNINCORPORATED,-122.92321014404297,38.718055725097656
9389306,2021,2022-01-27,4908,2021-11-05,0538,3458,7,5,5,5,4908,0,0,0,,0,004,"NORTH MCDOWELL BL","CORONA RD",0.00,,Y,A,-,N,,,,,,,,,,Y,2,0,1,1,A,-,03,22350,,N,E,I,A,B,H,-,C,A,0,,,,,Y,,A,01,1,0,0,0,0,0,0,0,0,"- ","- ",38.266510009765625,-122.65702819824219,SONOMA,PETALUMA,-122.65689849853516,38.266677856445312
94080927,2024,2024-08-12,9360,2024-07-28,"430 ",023017,,7,3,3,4980,0,1,2,,2,030,"US-101 N/B","SHILOH RD",1584.00,N,N,B,-,Y,SON,,101," "," ",27.979,H,,R,Y,2,0,1,1,A,-,01,23152,A,N,E,I,A,A,H,-,C,D,0,,,,,Y,Y,D,22,1,0,0,0,0,0,0,0,0,"- ","- ",38.530059814453125,-122.79396820068359,SONOMA,WINDSOR,-122.79387664794922,38.530113220214844
9430440,2021,2022-04-29,4905,2021-12-16,1650,1060579,,4,5,6,4905,0,0,0,,0,002,"PACIFIC AV","MCDONALD AV",0.00,,Y,A,-,N,,,,,,,,,,N,2,0,1,2,A,-,06,21755,A,N,D,G,A,A,H,-,B,A,0,,Y,,,Y,,L,04,1,0,0,0,0,0,1,0,0,"- ","- ",38.453010559082031,-122.70384979248047,SONOMA,"SANTA ROSA",-122.70384979248047,38.453014373779297
9434467,2021,2022-04-12,4905,2021-11-28,1930,1060576,,7,5,6,4905,0,0,0,,0,001,"PINER RD","AIRWAY DR",0.00,,Y,A,-,N,,,,,,,,,,Y,2,0,1,2,A,-,08,22107,,N,B,C,A,A,H,-,C,D,0,,,Y,,Y,,-,,1,0,0,0,0,0,0,0,1,"- ","- ",38.472000122070312,-122.73809814453125,SONOMA,"SANTA ROSA",-122.73809051513672,38.472019195556641
94353483,2024,2024-08-14,9360,2024-08-04,2230,021195,,7,3,9,4900,0,1,3,,1,063,SR-1,"VALLEY FORD RD",0.00,,Y,B,-,Y,SON,,1," "," ",0.189,H,,R,Y,2,0,1,1,A,-,12,22450,A,M,E,J,A,A,H,-,D,A,0,,,,,Y,Y,A,07,1,0,0,0,0,0,0,0,0,"- ","- ",38.316471099853516,-122.89644622802734,SONOMA,UNINCORPORATED,-122.89652252197266,38.316436767578125
94360854,2024,2024-08-19,9360,2024-07-08,2100,023280,,1,2,9,4900,0,3,5,,2,004,"SANTA ROSA AVE","MOUNTAIN VIEW AVE",470.00,S,N,A,-,N,,,,,,,,,,N,2,0,1,2,A,-,05,21650,,N,A,G,A,A,H,-,D,D,0,,Y,,,Y,,L,04,1,0,0,0,0,0,1,0,0,"- ","- ",38.37799072265625,-122.71343231201172,SONOMA,UNINCORPORATED,-122.71346282958984,38.378040313720703
94372392,2024,2024-08-27,9360,2024-08-18,1100,020803,,7,1,9,4900,0,3,5,,2,006,"BAY HILL ROAD",SR-1,5500.00,E,N,A,-,N,,,,,,,,,,N,2,0,1,1,C,-,18,,,N,H,H,A,A,H,-,A,D,0,,,Y,,Y,,-,"- ",1,0,0,0,0,0,0,0,1,"- ","- ",38.344169616699219,-123.00839233398438,SONOMA,UNINCORPORATED,-123.03441619873047,38.346454620361328
94380948,2024,2024-09-04,9360,2024-08-01,1945,023838,,4,2,6,4905,0,1,2,,2,040,"TODD RD","SANTA ROSA AVE",132.00,W,N,A,-,N,,,,,,,,,,N,2,0,1,2,A,-,05,21650,,N,H,G,A,A,H,-,A,A,0,,Y,,,Y,,L,04,1,0,0,0,0,0,1,0,0,"- ","- ",38.387168884277344,-122.71424102783203,SONOMA,"SANTA ROSA",-122.71407318115234,38.387104034423828
94389207,2024,2024-09-10,9360,2024-03-01,"225 ",023441,,5,3,9,4900,0,1,2,,2,030,"US-101 NORTHBOUND","AIRPORT BLVD",311.00,N,N,C,-,Y,SON,,101," "," ",26.400,H,,R,Y,1,1,1,2,A,-,00,21960,A,N,G,B,E,B,H,-,D,D,0,Y,,,,Y,Y,-,"- ",0,0,1,1,0,0,0,0,0,"- ","- ",38.512168884277344,-122.77664184570312,SONOMA,UNINCORPORATED,-122.77659606933594,38.512199401855469
94393492,2024,2024-09-13,9360,2024-09-04,1835,021913,,3,2,9,4900,0,3,5,,2,005,"HESSEL RD","HESSEL CT",63.00,N,N,A,-,N,,,,,,,,,,Y,2,0,1,2,A,-,09,21801,A,N,A,C,A,A,H,-,A,D,0,,,Y,,Y,,A,07,1,0,0,0,0,0,0,0,1,"- ","- ",38.352390289306641,-122.77834320068359,SONOMA,UNINCORPORATED,-122.77831268310547,38.352333068847656
94403868,2024,2024-09-23,9360,2024-09-06,1600,022257,,5,2,9,4900,0,2,4,,1,012,"DRY CREEK ROAD","NORRIS ROAD",1450.00,E,N,A,-,N,,,,,,,,,,Y,2,0,3,2,A,-,01,23152,G,F,A,C,A,A,H,-,A,D,0,,,,,Y,Y,D,22,2,1,0,0,0,0,0,0,0,"- ","- ",38.669929504394531,-122.93359375,SONOMA,UNINCORPORATED,-122.928466796875,38.663093566894531
94405946,2024,2024-09-24,9360,2024-08-31,"525 ",023441,,6,3,9,4900,0,3,5,,2,003,"OCCIDENTAL RD","IRWIN LN",1320.00,W,N,A,-,N,,,,,,,,,,Y,2,0,1,2,A,-,05,21460,,N,A,C,A,A,H,-,D,D,0,,,Y,,Y,,A,01,1,0,0,0,0,0,0,0,1,"- ","- ",38.423309326171875,-122.79248046875,SONOMA,UNINCORPORATED,-122.79267883300781,38.423316955566406
94412910,2024,2024-09-30,9360,2024-07-01,1925,020961,,1,2,9,4900,0,1,3,,1,063,SR-1,"BAY HILL RD",7920.00,S,N,A,-,Y,SON,,1," "," ",7.892,H,,R,Y,1,1,0,1,A,-,01,23152,A,N,E,I,A,A,H,-,A,D,0,,,Y,,Y,Y,C,02,0,0,0,0,0,0,0,1,0,"- ","- ",38.320430755615234,-123.01322174072266,SONOMA,UNINCORPORATED,-123.01329803466797,38.320453643798828
94419750,2024,2024-10-04,9325,2024-06-09,1958,022562,,7,2,9,4900,0,1,3,,1,051,SR-121,"MANGEL RANCH RD",3462.00,S,N,A,-,Y,SON,,121," "," ",1.536,H,,R,Y,1,1,0,1,A,-,01,23152,A,N,E,8,A,A,H,-,A,D,0,,,Y,,Y,Y,C,02,0,0,0,0,0,0,0,1,0,"- ","- ",38.169998168945312,-122.45749664306641,SONOMA,UNINCORPORATED,-122.45741271972656,38.169986724853516
94421402,2024,2024-10-07,9360,2024-09-14,2340,023280,,6,3,9,4900,0,3,5,,2,002,"CHALK HILL RD","PLEASANT AVE",1100.00,N,N,A,-,N,,,,,,,,,,N,2,0,2,2,D,-,00,,,N,B,C,A,A,H,-,D,D,0,,,Y,,Y,,-,"- ",2,0,0,0,0,0,0,0,2,"- ","- ",38.543380737304688,-122.77448272705078,SONOMA,UNINCORPORATED,-122.77450561523438,38.543312072753906
94422043,2024,2024-10-07,9360,2024-09-23,"900 ",023342,,1,1,9,4900,0,2,4,,1,034,"GUERNEVILLE RD","JAHN DR",78.00,W,N,A,-,N,,,,,,,,,,Y,2,0,1,1,A,-,01,23152,A,N,E,I,A,A,H,-,A,D,0,,,Y,,Y,Y,C,02,1,0,0,0,0,0,0,0,1,"- ","- ",38.452579498291016,-122.80165863037109,SONOMA,UNINCORPORATED,-122.80161285400391,38.452541351318359
94430169,2024,2024-10-14,9360,2024-08-21,1410,023940,,3,2,9,4900,0,2,4,,1,022,"OLD REDWOOD HIGHWAY","LAFAYETTE DR.",100.00,S,N,A,-,N,,,,,,,,,,Y,2,0,2,2,A,-,09,21801,A,N,D,C,A,A,H,-,A,D,0,,,,,Y,,A,07,1,1,0,0,0,0,0,0,0,"- ","- ",38.524410247802734,-122.77838897705078,SONOMA,UNINCORPORATED,-122.77839660644531,38.524486541748047
94435099,2024,2024-10-17,9360,2024-09-04,1628,023271,,3,2,9,4900,0,1,3,,1,051,SR-12,"HEPWORTH ROAD",1700.00,W,N,A,-,Y,SON,,12," "," ",10.098,H,,R,N,2,0,1,2,A,-,09,21804,A,N,D,C,A,A,H,-,A,D,0,,,Y,,Y,,D,22,1,0,0,0,0,0,0,0,1,"- ","- ",38.405960083007812,-122.80906677246094,SONOMA,UNINCORPORATED,-122.80905151367188,38.405921936035156
94439415,2024,2024-10-21,9360,2024-06-27,"35  ",023342,,4,3,9,4900,0,2,4,,1,044,"ADOBE ROAD","CASA GRANDE ROAD",293.40,N,N,A,-,N,,,,,,,,,,Y,1,1,0,2,A,-,01,23152,A,N,B,2,A,A,H,-,D,D,0,,,,,Y,Y,A,01,0,0,0,0,0,0,0,0,0,"- ","- ",38.255840301513672,-122.58590698242188,SONOMA,UNINCORPORATED,-122.58583831787109,38.255779266357422
94446060,2024,2024-10-25,9360,2024-05-13,"530 ",022370,,1,3,9,4900,0,2,4,,1,034,"GUERNEVILLE ROAD","LAGUNA ROAD",615.00,W,N,A,-,N,,,,,,,,,,Y,1,1,1,2,A,-,01,23152,F,N,A,2,A,A,H,-,B,D,0,,,,,Y,,A,07,1,0,0,0,0,0,0,0,0,"- ","- ",38.45098876953125,-122.84903717041016,SONOMA,UNINCORPORATED,-122.84895324707031,38.450969696044922
94448833,2024,2024-10-29,9360,2024-10-20,1130,020803,,7,1,9,4900,0,1,3,,1,061,SR-1,"MEYERS GRADE",10560.00,N,N,A,-,Y,SON,,1," "," ",28.660,H,,R,N,2,0,1,1,A,-,08,22107,,N,E,I,A,A,H,-,A,D,0,,Y,,,Y,,L,04,1,0,0,0,0,0,1,0,0,"- ","- ",38.492599487304688,-123.19471740722656,SONOMA,UNINCORPORATED,-123.19474029541016,38.492568969726562
9444909,2022,2022-06-29,4907,2022-05-06,0021,1101844,,5,5,2,4907,0,0,0,,0,SO1,"WEST SPAIN ST","5TH ST WEST",0.00,,Y,A,-,N,,,,,,,,,,Y,2,0,1,4,A,-,01,23152,A,M,A,E,A,A,H,-,C,D,0,,,,,Y,Y,-,"- ",1,0,0,0,0,0,0,0,0,"- ","- ",38.294731140136719,-122.46778869628906,SONOMA,SONOMA,-122.46781158447266,38.294731140136719
94458717,2024,2024-11-05,9360,2024-08-16,1640,021913,,5,2,9,4900,0,3,5,,2,002,"RIEBLI ROAD","WALLACE RD",2238.00,W,N,A,-,N,,,,,,,,,,Y,1,1,0,1,A,-,08,22107,,N,E,I,A,A,H,-,A,D,0,,,Y,,Y,Y,C,02,0,0,0,0,0,0,0,1,0,"- ","- ",38.501689910888672,-122.69396209716797,SONOMA,UNINCORPORATED,-122.69342803955078,38.5013427734375
94461835,2024,2024-11-07,9360,2024-10-19,1945,023359,,6,2,9,4900,0,1,2,,2,050,"US-101 N/B","GOLF COURSE DR",1162.00,S,N,A,-,Y,SON,,101," "," ",14.657,H,,R,Y,2,0,1,2,A,-,08,22107,,F,E,I,A,A,H,-,C,D,0,,,,,Y,,-,"- ",1,0,0,0,0,0,0,0,0,"- ","- ",38.359649658203125,-122.71314239501953,SONOMA,UNINCORPORATED,-122.71304321289062,38.359649658203125
94463130,2024,2024-11-08,9360,2024-10-12,2500,024011,,6,4,9,4900,0,3,5,,2,002,"GEYSERS RD","PRESTON DR",1094.00,N,N,B,C,N,,,,,,,,,,N,2,0,1,1,A,-,03,22350,,N,F,A,A,B,A,-,A,D,0,,Y,,,Y,,L,04,1,0,0,0,0,0,1,0,0,"- ","- ",38.848861694335938,-123.02552795410156,SONOMA,UNINCORPORATED,-123.0230712890625,38.847366333007812
94463148,2024,2024-11-21,9360,2024-10-27,1110,023442,,7,1,6,4905,0,1,2,,2,040,"S/B US-101","HEARN AVE",460.00,S,N,B,-,Y,SON,,101," "," ",18.396,H,,L,N,2,0,1,1,A,-,08,22107,,N,F,A,A,B,H,-,A,D,0,,,Y,,Y,,-,"- ",1,0,0,0,0,0,0,0,1,"- ","- ",38.413169860839844,-122.7164306640625,SONOMA,"SANTA ROSA",-122.71614837646484,38.413169860839844
94465428,2024,2024-11-12,9360,2024-10-28,1920,023807,,1,2,9,4900,0,3,5,,2,001,"WESTSIDE ROAD","MANGINI ROAD",1025.00,N,N,A,-,N,,,,,,,,,,Y,2,0,1,1,A,-,01,23152,A,N,E,I,A,A,H,-,D,D,0,,,,,Y,Y,A,01,1,0,0,0,0,0,0,0,0,"- ","- ",38.569480895996094,-122.87410736083984,SONOMA,UNINCORPORATED,,
94469137,2024,2025-01-21,9360,2024-06-21,2220,022371,,5,3,9,4900,0,2,4,,1,052,"MILLBRAE AVENUE","STONY POINT ROAD",0.00,,Y,A,-,N,,,,,,,,,,Y,1,1,1,2,A,-,01,23152,F,F,D,C,A,A,H,-,C,A,0,,,,,Y,,A,01,0,1,0,0,0,0,0,0,0,"- ","- ",38.369491577148438,-122.74146270751953,SONOMA,UNINCORPORATED,-122.74138641357422,38.369503021240234
94474185,2024,2024-11-18,9360,2024-11-05,1555,021893,,2,2,6,4905,0,1,2,,2,040,"US-101 S/B","BAKER AVE",105.00,N,N,A,-,Y,SON,,101," "," ",19.033,H,,L,Y,2,0,1,2,A,-,03,22350,,N,C,C,A,A,H,-,A,D,0,,,Y,,Y,,C,02,1,0,0,0,0,0,0,0,1,"- ","- ",38.422351837158203,-122.71537017822266,SONOMA,"SANTA ROSA",-122.71540069580078,38.422351837158203
94475538,2024,2024-11-19,9360,2024-10-16,1720,023271,,3,2,9,4900,0,3,5,,2,002,"RIVER ROAD","CROOK ROAD",300.00,S,N,A,-,N,,,,,,,,,,N,2,0,1,2,A,-,08,22107,,F,C,B,E,A,H,-,B,D,0,Y,,,,Y,,-,99,1,0,0,0,1,0,0,0,0,"- ","- ",38.8165283203125,-123.00007629394531,SONOMA,UNINCORPORATED,,
94478213,2024,2024-11-21,9360,2024-11-10,"630 ",023359,,7,1,9,4900,0,2,4,,1,032,"RIVER RD","MIRABEL RD",950.00,E,N,A,-,N,,,,,,,,,,Y,2,0,3,2,A,-,08,22107,,N,A,C,A,A,H,-,B,D,0,,,,,Y,Y,A,01,1,1,1,0,0,0,0,0,0,"- ","- ",38.493030548095703,-122.89151000976562,SONOMA,UNINCORPORATED,-122.89205932617188,38.493061065673828
94478258,2024,2024-11-21,9360,2024-11-11,1005,022309,,1,1,9,4900,0,2,4,,1,046,"BENNETT VALLEY RD","MITCHELL RD",1642.00,E,N,B,-,N,,,,,,,,,,Y,2,0,1,2,A,-,08,22107,,N,E,I,A,B,C,-,A,D,0,,,,,Y,,A,01,1,0,0,0,0,0,0,0,0,"- ","- ",38.413841247558594,-122.65276336669922,SONOMA,UNINCORPORATED,-122.65296173095703,38.413776397705078
94508138,2024,2024-12-18,9360,2024-12-08,1350,023940,,7,1,9,4900,0,2,4,,1,032,"RIVER RD.","MEMORY LN",1355.00,E,N,A,-,N,,,,,,,,,,N,2,0,1,2,A,-,01,23152,A,N,G,G,A,A,H,-,A,D,0,,Y,,,Y,Y,A,01,1,0,0,0,0,0,1,0,0,"- ","- ",38.519660949707031,-122.97727203369141,SONOMA,UNINCORPORATED,-122.97814178466797,38.519611358642578
94518406,2024,2024-12-27,9360,2024-12-19,1300,024011,,4,1,9,4900,0,2,4,,1,054,"VALLEY FORD RD","WALKER RD",60.00,W,N,B,-,N,,,,,,,,,,Y,2,0,1,1,A,-,08,22107,,N,E,8,A,A,H,-,A,D,0,,,,,Y,,A,01,1,0,0,0,0,0,0,0,0,"- ","- ",38.287799835205078,-122.80152893066406,SONOMA,UNINCORPORATED,-122.80140686035156,38.287742614746094
94523912,2024,2025-01-02,9360,2024-12-18,1305,024175,,3,1,5,4908,0,1,2,,2,050,"US-101 NORTHBOUND","W RAILROAD AVE UNDERPASS",82.00,N,N,A,-,Y,SON,,101," "," ",10.701,H,,R,N,2,0,1,1,C,-,18,,,N,E,8,A,A,H,-,A,D,0,,,,,Y,,-,"- ",1,0,0,0,0,0,0,0,0,"- ","- ",38.304008483886719,-122.70826721191406,SONOMA,PETALUMA,-122.70835113525391,38.303970336914062
94535780,2024,2025-01-13,9360,2024-09-23,1315,019794,,1,1,9,4900,0,3,5,,2,005,"SAN ANTONIO ROAD","D STREET EXTENSION",1320.00,S,N,A,-,N,,,,,,,,,,Y,1,1,0,1,A,-,03,22350,,N,F,A,A,A,H,-,A,D,0,,,Y,,Y,,C,02,0,0,0,0,0,0,0,1,0,"- ","- ",38.187240600585938,-122.6558837890625,SONOMA,UNINCORPORATED,-122.65909576416016,38.188140869140625
94549167,2025,2025-01-24,9360,2025-01-12,1530,024055,,7,2,6,4905,0,1,2,,2,040,"US-101 SOUTHBOUND",SR-12,482.00,N,N,A,-,Y,,,,,,,,,,N,2,0,1,1,A,-,08,22107,,N,E,I,A,A,H,-,A,D,0,,,Y,,Y,,C,02,1,0,0,0,0,0,0,0,1,"- ","- ",38.433189392089844,-122.71690368652344,SONOMA,"SANTA ROSA",-122.71600341796875,38.432357788085938
94565852,2024,2025-02-05,9360,2024-12-09,1735,023444,,1,2,9,4900,0,3,5,,2,005,"WEST SIERRA AVENUE","GROVE STREET",33.70,E,N,A,-,N,,,,,,,,,,Y,1,1,0,1,A,-,01,23152,A,N,F,A,A,A,H,-,D,D,0,,,Y,,Y,Y,C,02,0,0,0,0,0,0,0,1,0,"- ","- ",38.323871612548828,-122.72691345214844,SONOMA,UNINCORPORATED,-122.72686767578125,38.32379150390625
94573294,2025,2025-02-11,9360,2025-01-26,"5   ",024011,,7,3,9,4900,0,1,2,,2,030,"US 101 SB","HOPPER AVE",1584.00,N,N,A,-,Y,SON,,101," "," ",23.422,H,,R,Y,2,0,2,1,A,-,01,23152,A,N,E,I,A,A,H,-,D,D,0,,,,,Y,Y,A,01,2,0,0,0,0,0,0,0,0,"- ","- ",38.48223876953125,-122.736572265625,SONOMA,UNINCORPORATED,-122.73651885986328,38.482284545898438
94586100,2025,2025-02-21,9360,2025-02-07,1500,023444,,5,2,9,4900,0,3,5,,2,001,"13303 STEWART POINT SKAGG SPRINGS ROAD","STEWART POINT SKAGGS SPRINGS ROAD",2218.00,S,N,A,-,N,,,,,,,,,,Y,2,0,1,1,C,-,18,,,N,F,A,A,D,G,-,A,D,0,,,,,Y,,-,"- ",1,0,0,0,0,0,0,0,0,"- ","- ",38.676139831542969,-123.12277221679688,SONOMA,UNINCORPORATED,-122.99494934082031,38.712356567382812
94588278,2024,2025-02-24,9360,2024-12-26,"20  ",023481,,4,3,9,4900,0,2,4,,1,046,"BENNETT VALLEY ROAD","GARDNER RANCH ROAD",295.00,W,N,C,-,N,,,,,,,,,,Y,1,1,0,1,A,-,01,23152,G,N,E,8,A,B,H,-,D,D,0,,,,,Y,Y,A,01,0,0,0,0,0,0,0,0,0,"- ","- ",38.39276123046875,-122.60672760009766,SONOMA,UNINCORPORATED,-122.60681915283203,38.392856597900391
94602310,2025,2025-03-18,9360,2025-02-14,1635,023433,,5,2,9,4900,0,1,2,,2,030,"US-101 SB TO AIRPORT BLVD","AIRPORT BLVD",1056.00,N,N,A,-,Y,SON,,101," "," ",26.497,H,,L,Y,2,0,4,2,A,-,03,22350,,N,C,2,A,A,H,-,A,D,0,,,,,Y,,A,07,3,1,0,0,0,0,0,0,0,"- ","- ",38.512931823730469,-122.77831268310547,SONOMA,UNINCORPORATED,-122.778076171875,38.513114929199219
94603672,2025,2025-03-18,9325,2025-02-28,1922,023152,,5,2,9,4900,0,3,5,,2,005,"WATMAUGH ROAD","HERMOSA PARKWAY",0.00,,Y,A,-,N,,,,,,,,,,N,2,0,1,2,A,-,09,21801,A,N,D,C,A,A,H,-,C,D,0,,,Y,,Y,,A,07,1,0,0,0,0,0,0,0,1,"- ","- ",38.259689331054688,-122.48628997802734,SONOMA,UNINCORPORATED,-122.48644256591797,38.259620666503906
94609464,2025,2025-03-18,9360,2025-01-23,"550 ",020803,,4,3,9,4900,0,2,4,,1,054,"VALLEY FORD ROAD","FALLON ROAD",1896.00,E,N,A,-,N,,,,,,,,,,N,1,1,0,2,A,-,11,21954,A,N,G,B,E,A,H,-,D,D,0,Y,,,,Y,,N,60,0,0,0,1,0,0,0,0,0,"- ","- ",38.264869689941406,-122.79068756103516,SONOMA,UNINCORPORATED,-122.79071807861328,38.264862060546875
94609949,2025,2025-03-18,9360,2025-03-01,1400,024338,,6,2,9,4900,0,3,5,,2,004,"SANTA ROSA AVE SOUTBOUND","TODD ROAD",2200.00,N,N,A,-,N,,,,,,,,,,N,2,0,1,2,A,-,03,22350,,N,D,G,A,A,H,-,A,D,0,,Y,,,Y,,L,04,1,0,0,0,0,0,1,0,0,"- ","- ",38.393108367919922,-122.71372222900391,SONOMA,UNINCORPORATED,,
94610214,2025,2025-03-18,9360,2025-02-20,1930,024338,,4,2,9,4900,0,2,4,,1,024,"PETRIFIED FOREST RD","SHARP RD",30.00,W,N,A,-,N,,,,,,,,,,Y,2,0,1,1,A,-,01,23152,G,F,E,8,A,A,H,-,D,D,0,,,,,Y,Y,D,22,1,0,0,0,0,0,0,0,0,"- ","- ",38.559860229492188,-122.62545776367188,SONOMA,UNINCORPORATED,-122.62514495849609,38.559902191162109
94613466,2025,2025-03-24,9360,2025-02-17,"20  ",022267,,1,3,4,4904,0,1,2,,2,050,"US-101 NB","ROHNERT PARK EXPRESSWAY",1200.00,S,N,B,-,Y,SON,,101," "," ",13.628,H,,R,Y,2,0,1,2,A,-,01,23152,F,N,C,C,A,A,H,-,D,D,0,,,,Y,Y,,A,01,1,0,0,0,0,0,0,0,0,"- ","- ",38.344799041748047,-122.71295928955078,SONOMA,"ROHNERT PARK",-122.71286773681641,38.344802856445312
94613592,2025,2025-03-24,9360,2025-03-11,1731,023838,,2,2,9,4900,0,2,4,,1,032,"RIVER RD","FULTON RD",16.00,E,N,A,-,N,,,,,,,,,,N,2,0,1,2,A,-,03,22350,,N,C,G,A,A,H,-,A,A,0,,Y,,,Y,,L,04,1,0,0,0,0,0,1,0,0,"- ","- ",38.496479034423828,-122.77027893066406,SONOMA,UNINCORPORATED,-122.77003479003906,38.496532440185547
94626718,2025,2025-03-26,9360,2025-01-31,1900,024184,,5,2,9,4900,0,2,4,,1,046,"BENNETT VALLEY ROAD","MITCHELL ROAD",2373.00,E,N,C,-,N,,,,,,,,,,Y,1,1,0,1,A,-,08,22107,,N,E,I,A,B,H,-,D,D,0,,,,,Y,,D,22,0,0,0,0,0,0,0,0,0,"- ","- ",38.412380218505859,-122.65070343017578,SONOMA,UNINCORPORATED,-122.65123748779297,38.412490844726562
94629966,2025,2025-03-28,9360,2025-03-03,1505,024329,,1,2,9,4900,0,3,5,,2,004,"MOUNTAIN VIEW AVENUE","HUNTER LANE",368.00,W,N,A,-,N,,,,,,,,,,Y,1,1,0,2,A,-,08,22107,,N,E,8,A,A,H,-,A,D,0,,,,,Y,,D,22,0,0,0,0,0,0,0,0,0,"- ","- ",38.379520416259766,-122.69370269775391,SONOMA,UNINCORPORATED,-122.69633483886719,38.379432678222656
94640972,2025,2025-04-21,9360,2025-02-09,2500,023940,,7,4,9,4900,0,2,4,,1,034,"GUERNEVILLE ROAD","SPERRY ROAD",436.00,E,N,A,-,N,,,,,,,,,,Y,1,1,0,1,A,-,03,22350,,N,F,8,A,A,H,-,D,D,0,,,,,Y,,A,08,0,0,0,0,0,0,0,0,0,"- ","- ",38.452648162841797,-122.78849792480469,SONOMA,UNINCORPORATED,,
94643220,2025,2025-04-09,9360,2025-03-21,1939,023360,,5,2,3,4980,0,2,4,,1,022,"OLD REDWOOD HWY","SUSSEX DR",268.00,S,N,A,-,N,,,,,,,,,,N,2,0,1,2,A,-,03,22350,,N,C,C,A,A,H,-,C,D,0,,,Y,,Y,,C,02,1,0,0,0,0,0,0,0,1,"- ","- ",38.502300262451172,-122.75486755371094,SONOMA,WINDSOR,-122.75482940673828,38.502357482910156