CASE_ID,ACCIDENT_YEAR,PROC_DATE,JURIS,COLLISION_DATE,COLLISION_TIME,OFFICER_ID,REPORTING_DISTRICT,DAY_OF_WEEK,CHP_SHIFT,POPULATION,CNTY_CITY_LOC,SPECIAL_COND,BEAT_TYPE,CHP_BEAT_TYPE,CITY_DIVISION_LAPD,CHP_BEAT_CLASS,BEAT_NUMBER,PRIMARY_RD,SECONDARY_RD,DISTANCE,DIRECTION,INTERSECTION,WEATHER_1,WEATHER_2,STATE_HWY_IND,CALTRANS_COUNTY,CALTRANS_DISTRICT,STATE_ROUTE,ROUTE_SUFFIX,POSTMILE_PREFIX,POSTMILE,LOCATION_TYPE,RAMP_INTERSECTION,SIDE_OF_HWY,TOW_AWAY,COLLISION_SEVERITY,NUMBER_KILLED,NUMBER_INJURED,PARTY_COUNT,PRIMARY_COLL_FACTOR,PCF_CODE_OF_VIOL,PCF_VIOL_CATEGORY,PCF_VIOLATION,PCF_VIOL_SUBSECTION,HIT_AND_RUN,TYPE_OF_COLLISION,MVIW,PED_ACTION,ROAD_SURFACE,ROAD_COND_1,ROAD_COND_2,LIGHTING,CONTROL_DEVICE,CHP_ROAD_TYPE,PEDESTRIAN_ACCIDENT,BICYCLE_ACCIDENT,MOTORCYCLE_ACCIDENT,TRUCK_ACCIDENT,NOT_PRIVATE_PROPERTY,ALCOHOL_INVOLVED,STWD_VEHTYPE_AT_FAULT,CHP_VEHTYPE_AT_FAULT,COUNT_SEVERE_INJ,COUNT_VISIBLE_INJ,COUNT_COMPLAINT_PAIN,COUNT_PED_KILLED,COUNT_PED_INJURED,COUNT_BICYCLIST_KILLED,COUNT_BICYCLIST_INJURED,COUNT_MC_KILLED,COUNT_MC_INJURED,PRIMARY_RAMP,SECONDARY_RAMP,LATITUDE,LONGITUDE,COUNTY,CITY,POINT_X,POINT_Y
94650663,2025,2025-05-08,9360,2025-04-06,1902,024011,,7,2,9,4900,0,2,4,,1,022,"OLD REDWOOD HWY","ALBA LN",1000.00,S,N,A,-,N,,,,,,,,,,Y,2,0,2,2,A,-,01,23152,A,N,A,2,A,A,H,-,A,D,0,,,,,Y,Y,A,07,1,0,1,0,0,0,0,0,0,"- ","- ",38.487110137939453,-122.73561859130859,SONOMA,UNINCORPORATED,-122.73567962646484,38.487136840820312
94657860,2025,2025-04-22,9360,2025-04-05,2024,024329,,6,2,5,4908,0,1,2,,1,060,"101 N/B","CORONA O/C",50.00,N,N,A,-,Y,SON,,101," "," ",6.823,H,,R,Y,2,0,3,2,A,-,01,23152,A,N,D,2,A,A,H,-,C,D,0,,,,,Y,Y,D,22,1,2,0,0,0,0,0,0,0,"- ","- ",38.263809204101562,-122.65904235839844,SONOMA,PETALUMA,-122.65900421142578,38.263851165771484
94665871,2025,2025-04-28,9360,2025-03-23,1002,020803,,7,1,9,4900,0,2,4,,1,054,"BODEGA AVE","PEPPER RD",75.00,W,N,A,-,N,,,,,,,,,,N,2,0,1,2,A,-,08,22107,,N,C,G,A,A,H,-,A,D,0,,Y,,,Y,,L,04,1,0,0,0,0,0,1,0,0,"- ","- ",38.257740020751953,-122.77226257324219,SONOMA,UNINCORPORATED,-122.77169036865234,38.257743835449219
9467155,2022,2023-01-30,4905,2022-05-05,1722,1060508,,4,5,6,4905,0,0,0,,0,10608,"BENNETT VALLEY RD","E ST",273.00,E,N,A,-,N,,,,,,,,,,N,2,0,1,2,A,-,11,21954,A,N,D,B,E,A,-,-,A,D,0,Y,,,,Y,Y,N,60,1,0,0,0,1,0,0,0,0,"- ","- ",38.432361602783203,-122.70445251464844,SONOMA,"SANTA ROSA",-122.70352172851562,38.432525634765625
94672001,2025,2025-05-01,9360,2025-04-18,1115,020461,,5,1,9,4900,0,3,5,,2,005,"BLANK RD","TURNER RD",0.00,,Y,A,-,N,,,,,,,,,,Y,2,0,1,2,A,-,01,23152,F,N,D,C,A,A,H,-,A,A,0,,,,,Y,,A,01,1,0,0,0,0,0,0,0,0,"- ","- ",38.338119506835938,-122.77783966064453,SONOMA,UNINCORPORATED,-122.77783966064453,38.338119506835938
94679893,2025,2025-05-08,9360,2025-04-27,1025,022108,,7,1,9,4900,0,3,5,,2,005,"MILLBRAE AVE","PRIMROSE AVE",314.00,W,N,A,-,N,,,,,,,,,,Y,2,0,1,1,A,-,01,23152,A,N,E,I,A,A,H,-,A,D,0,,,,,Y,Y,A,01,1,0,0,0,0,0,0,0,0,"- ","- ",38.369491577148438,-122.73844146728516,SONOMA,UNINCORPORATED,-122.73831939697266,38.369499206542969
94687611,2025,2025-05-14,9360,2025-05-02,1525,023631,,5,2,9,4900,0,3,5,,2,003,"PINER RD","JUDSON LN",0.00,,Y,A,-,N,,,,,,,,,,N,2,0,1,2,A,-,09,21800,A,N,D,G,A,A,H,-,A,D,0,,Y,,,Y,,L,04,1,0,0,0,0,0,1,0,0,"- ","- ",38.467151641845703,-122.78102111816406,SONOMA,UNINCORPORATED,-122.78095245361328,38.467151641845703
94698476,2025,2025-05-23,9360,2025-05-02,1522,024338,,5,2,9,4900,0,2,4,,1,023,"ALEXANDER VALLEY RD","ALEXANDER VALLEY LN",2230.00,E,N,A,-,N,,,,,,,,,,Y,2,0,1,2,A,-,03,22350,,N,C,2,A,A,H,-,A,D,0,,,,,Y,,A,07,1,0,0,0,0,0,0,0,0,"- ","- ",38.659809112548828,-122.85833740234375,SONOMA,UNINCORPORATED,-122.85835266113281,38.659805297851562
94707344,2025,2025-05-30,9360,2025-05-22,1312,024310,,4,1,9,4900,0,2,4,,1,034,"GUERNEVILLE RD","KARAS LN",528.00,E,N,A,-,N,,,,,,,,,,N,2,0,1,1,A,-,03,22350,,N,F,A,A,A,H,-,A,D,0,,Y,,,Y,,L,04,1,0,0,0,0,0,1,0,0,"- ","- ",38.451740264892578,-122.8385009765625,SONOMA,UNINCORPORATED,-122.83860015869141,38.451747894287109
94709091,2025,2025-06-02,9360,2025-05-02,1902,023667,,5,2,9,4900,0,2,4,,1,038,"BODEGA HWY","FREESTONE VALLEY FORD RD",4752.00,W,N,A,-,N,,,,,,,,,,Y,2,0,5,2,A,-,01,23152,A,N,B,2,A,A,H,-,A,D,0,,,,,Y,Y,A,01,2,3,0,0,0,0,0,0,0,"- ","- ",38.356590270996094,-122.93663787841797,SONOMA,UNINCORPORATED,-122.93624114990234,38.356781005859375
94715771,2025,2025-06-06,9360,2025-05-08,1720,024199,,4,2,9,4900,0,2,4,,1,024,"MARK WEST SPRINGS RD","URSULINE RD",55.00,E,N,A,-,N,,,,,,,,,,Y,2,0,1,2,A,-,03,22350,,N,C,C,A,A,H,-,A,A,0,,,Y,,Y,,C,02,1,0,0,0,0,0,0,0,1,"- ","- ",38.500198364257812,-122.74066925048828,SONOMA,UNINCORPORATED,-122.74063110351562,38.500144958496094
94715795,2025,2025-06-06,9360,2025-05-27,"800 ",017693,,2,1,9,4900,0,2,4,,1,043,"OLD REDWOOD HWY","HATCHERY RD",311.00,S,N,A,-,N,,,,,,,,,,Y,2,0,1,1,A,-,08,22107,,N,E,9,A,A,H,-,A,D,0,,,,,Y,,A,01,1,0,0,0,0,0,0,0,0,"- ","- ",38.288558959960938,-122.66654205322266,SONOMA,UNINCORPORATED,-122.66657257080078,38.288558959960938
94725171,2025,2025-06-13,9360,2025-06-04,1440,022695,,3,2,9,4900,0,3,5,,2,002,"PINE FLAT ROAD","MORETTIS RANCH RD",264.00,E,N,A,-,N,,,,,,,,,,N,2,0,1,2,A,-,03,22350,,N,B,6,A,A,H,-,A,D,0,,Y,,,Y,,L,04,1,0,0,0,0,0,1,0,0,"- ","- ",38.699878692626953,-122.76571655273438,SONOMA,UNINCORPORATED,-122.77436065673828,38.699661254882812
94730796,2025,2025-06-18,9360,2025-04-26,1556,024011,,6,2,9,4900,0,2,4,,1,038,"OCCIDENTAL ROAD","MILL STATION ROAD",1060.00,E,N,B,C,N,,,,,,,,,,Y,1,1,2,2,A,-,01,23152,A,N,A,C,A,B,H,-,A,D,0,,,,,Y,Y,A,01,1,1,0,0,0,0,0,0,0,"- ","- ",38.421211242675781,-122.87129974365234,SONOMA,UNINCORPORATED,-122.87138366699219,38.421291351318359
94735897,2025,2025-06-23,9360,2025-06-18,1450,024365,,3,2,6,4905,0,1,2,,2,040,"US-101 N/B","BAKER AVE O/C",1200.00,S,N,A,-,Y,SON,,101," "," ",18.773,H,,R,N,2,0,1,1,A,-,03,22350,,N,F,A,A,A,H,-,A,D,0,,,Y,,Y,,C,02,1,0,0,0,0,0,0,0,1,"- ","- ",38.418731689453125,-122.71579742431641,SONOMA,"SANTA ROSA",-122.71579742431641,38.418731689453125
94744076,2025,2025-06-30,9360,2025-06-20,1550,024310,,5,2,9,4900,0,1,3,,1,063,SR-1,"CALLE DEL SOL",3696.00,N,N,A,-,Y,SON,,1," "," ",15.744,H,,R,Y,2,0,1,1,A,-,08,22107,,N,E,I,A,A,H,-,A,D,0,,,,,Y,,A,01,1,0,0,0,0,0,0,0,0,"- ","- ",38.391201019287109,-123.0855712890625,SONOMA,UNINCORPORATED,-123.08555603027344,38.391223907470703
94744089,2025,2025-06-30,9360,2025-06-21,"151 ",024403,,6,3,9,4900,0,3,5,,2,001,"MARK WEST STATION RD","TRENTON-HEALDSBURG RD",3274.00,E,N,A,-,N,,,,,,,,,,Y,2,0,1,1,A,-,08,22107,,N,E,I,A,A,H,-,D,D,0,,,,,Y,,A,01,1,0,0,0,0,0,0,0,0,"- ","- ",38.506618499755859,-122.84861755371094,SONOMA,UNINCORPORATED,-122.84912872314453,38.505359649658203
94748056,2025,2025-07-07,9360,2025-06-25,1540,023271,,3,2,9,4900,0,1,2,,2,030,"US-101 S/B","SHILOH RD",5280.00,N,N,A,-,Y,SON,,101," "," ",28.680,H,,L,N,2,0,1,1,C,-,18,,,N,F,A,A,A,H,-,A,A,0,,,Y,,Y,,-,"- ",1,0,0,0,0,0,0,0,1,"- ","- ",38.538360595703125,-122.80165863037109,SONOMA,UNINCORPORATED,-122.80170440673828,38.538337707519531
94775689,2025,2025-07-24,9360,2025-06-30,"210 ",024397,,1,3,9,4900,0,1,2,,2,030,"S/B US-101","SHILOH RD",730.00,S,N,A,-,Y,,,,,,,,,,Y,2,0,1,1,A,-,01,23152,F,N,E,I,A,A,H,-,C,D,0,,,,,Y,,A,01,1,0,0,0,0,0,0,0,0,"- ","- ",38.526908874511719,-122.79203796386719,SONOMA,UNINCORPORATED,-122.78851318359375,38.524284362792969
94775694,2025,2025-07-24,9360,2025-06-30,1515,024310,,1,2,9,4900,0,3,5,,2,006,"CAZADERO HWY","KRAMER RD",0.00,,Y,A,-,N,,,,,,,,,,Y,2,0,2,2,A,-,03,22350,,N,C,C,A,A,H,-,A,D,0,,,Y,,Y,,-,"- ",1,1,0,0,0,0,0,0,2,"- ","- ",38.525600433349609,-123.08891296386719,SONOMA,UNINCORPORATED,-123.08895874023438,38.525497436523438
94822043,2025,2025-08-28,9360,2025-05-31,2325,022945,,6,3,9,4900,0,3,5,,2,003,"PINER ROAD","HARTMAN ROAD",702.00,W,N,A,-,N,,,,,,,,,,Y,1,1,0,2,A,-,11,21954,A,N,G,B,E,A,H,-,D,D,0,Y,,,,Y,,N,60,0,0,0,1,0,0,0,0,0,"- ","- ",38.467121124267578,-122.80341339111328,SONOMA,UNINCORPORATED,-122.79999542236328,38.467178344726562
9520383,2022,2023-02-08,4905,2022-02-18,1817,1060422,,5,5,6,4905,0,0,0,,0,003,"MARLOW RD","GREENEICH AV / GUERNEVILLE RD",260.00,S,N,A,-,N,,,,,,,,,,Y,1,1,0,2,A,-,11,21954,A,N,G,B,D,A,H,-,C,D,0,Y,,,,Y,,N,60,0,0,0,1,0,0,0,0,0,"- ","- ",38.452091217041016,-122.75282287597656,SONOMA,"SANTA ROSA",-122.7513427734375,38.449733734130859
9525537,2022,2023-01-30,4905,2022-05-21,0230,1060573,,6,5,6,4905,0,0,0,,0,008,"PETALUMA HILL RD","SANTA ANA DR",120.00,S,N,A,-,N,,,,,,,,,,Y,2,0,4,4,A,-,01,23153,A,N,E,I,A,A,H,-,C,D,0,,,,,Y,,-,,2,2,0,0,0,0,0,0,0,"- ","- ",38.421291351318359,-122.70664978027344,SONOMA,"SANTA ROSA",-122.70688629150391,38.421932220458984
9525558,2022,2023-01-30,4905,2022-02-28,1705,1060518,,1,5,6,4905,0,0,0,,0,003,"PINECREST DR","SEVILLE ST",0.00,,Y,A,-,N,,,,,,,,,,N,2,0,1,2,A,-,17,22517,,N,E,G,A,A,H,-,A,D,0,,Y,,,Y,,-,,1,0,0,0,0,0,1,0,0,"- ","- ",38.469539642333984,-122.75910186767578,SONOMA,"SANTA ROSA",-122.75825500488281,38.469528198242188
9525644,2022,2023-01-31,4905,2022-04-10,0017,1060557,,7,5,6,4905,0,0,0,,0,009,"3RD ST","D ST",155.00,W,N,A,-,N,,,,,,,,,,N,2,0,1,2,A,-,11,21954,A,F,A,B,D,A,H,-,C,D,0,Y,,,,Y,,N,60,1,0,0,0,1,0,0,0,0,"- ","- ",38.440021514892578,-122.71221923828125,SONOMA,"SANTA ROSA",-122.71225738525391,38.440189361572266
9540310,2022,2023-01-26,4905,2022-07-10,1321,1060552,,7,5,6,4905,0,0,0,,0,009,"DAVIS ST","4TH ST",0.00,,Y,A,-,N,,,,,,,,,,N,2,0,1,2,A,-,03,22350,,N,G,B,B,A,H,-,A,D,0,Y,,,,Y,,-,,1,0,0,0,1,0,0,0,0,"- ","- ",38.438068389892578,-122.71965789794922,SONOMA,"SANTA ROSA",-122.71946716308594,38.437984466552734
9540311,2022,2023-01-26,4905,2022-07-15,1121,1060566,,5,5,6,4905,0,0,0,,0,006,"RIDGEGREEN DR","OAKMONT DR",0.00,,Y,A,-,N,,,,,,,,,,Y,2,0,1,1,A,-,08,22107,,N,E,I,A,A,H,-,A,D,0,,,,,Y,,M,96,1,0,0,0,0,0,0,0,0,"- ","- ",38.435031890869141,-122.59838104248047,SONOMA,"SANTA ROSA",-122.59845733642578,38.435382843017578
9592794,2023,2023-07-12,4906,2023-01-25,"809 ",451,4906,3,5,2,4906,0,0,0,,0,,"RT 116","HURLBUT AV",0.00,,Y,A,-,Y,SON,4,116,-,-,25.470,I,5,E,N,2,0,2,3,A,-,10,21950,A,N,G,B,B,A,H,-,A,A,0,Y,,,,Y,,D,22,1,1,0,0,2,0,0,0,0,"- ","- ",38.407749176025391,-122.83892822265625,SONOMA,SEBASTOPOL,-122.83882904052734,38.407852172851562
9592798,2023,2023-07-05,4906,2023-02-24,1518,485,4906,5,5,2,4906,0,0,0,,0,,"BODEGA AV","PLEASANT HILL RD",0.00,,Y,B,-,N,,,,,,,,,,Y,2,0,2,2,A,-,12,21453,A,N,D,C,A,A,H,-,A,A,0,,,,,Y,,D,22,1,1,0,0,0,0,0,0,0,"- ","- ",38.398200988769531,-122.83946990966797,SONOMA,SEBASTOPOL,-122.83940124511719,38.398193359375
9600153,2023,2023-08-03,4903,2023-07-01,"910 ",1935,2,6,5,3,4903,0,0,0,,0,00R,"TUCKER ST","FITCH ST",91.00,W,N,A,-,N,,,,,,,,,,Y,2,0,1,1,A,-,22,23123,5,N,E,I,A,A,H,-,A,D,0,,,,,Y,,D,22,1,0,0,0,0,0,0,0,0,"- ","- ",38.609638214111328,-122.86679077148438,SONOMA,HEALDSBURG,-122.86685180664062,38.609569549560547
9601886,2023,2023-08-18,4906,2023-02-18,1934,476,,6,5,2,4906,0,0,0,,0,,"HEALDSBURG AV","FLORENCE AV",0.00,,Y,A,-,N,,,,,,,,,,N,2,0,2,3,A,-,10,21950,,F,G,B,B,A,H,-,C,A,0,Y,,,,Y,,D,22,1,1,0,0,2,0,0,0,0,"- ","- ",38.405200958251953,-122.83026885986328,SONOMA,SEBASTOPOL,-122.83071136474609,38.405258178710938
9602268,2023,2023-08-11,4906,2023-06-07,"533 ",451,4906,3,5,2,4906,0,0,0,,0,,"BODEGA AV","JEWELL AV",0.00,,Y,A,-,N,,,,,,,,,,Y,2,0,1,1,A,-,05,21650,,M,E,I,A,A,H,-,B,A,0,,,,,Y,,A,07,1,0,0,0,0,0,0,0,0,"- ","- ",38.402191162109375,-122.82456207275391,SONOMA,SEBASTOPOL,-122.82803344726562,38.400283813476562
9620922,2023,2023-12-06,4903,2023-10-05,1958,1434,,4,5,3,4903,0,0,0,,0,00R,"UNIVERSITY ST","GRANT ST",194.00,S,N,A,-,N,,,,,,,,,,Y,2,0,2,2,A,-,01,23153,A,F,G,B,D,A,H,-,C,A,0,Y,,,,Y,Y,A,07,1,1,0,0,1,0,0,0,0,"- ","- ",38.615711212158203,-122.28629302978516,SONOMA,HEALDSBURG,-122.86324310302734,38.615306854248047
9640625,2023,2024-06-24,4905,2023-09-06,1204,1060541,,3,5,6,4905,0,0,0,,0,007,"SEBASTOPOL RD","AVALON AV",214.00,E,N,A,-,N,,,,,,,,,,N,1,1,0,2,A,-,09,21804,A,N,G,B,D,A,H,-,A,D,0,Y,,,,Y,,D,22,0,0,0,1,0,0,0,0,0,"- ","- ",,,SONOMA,"SANTA ROSA",-122.72640228271484,38.430347442626953
9710400,2024,2024-08-01,4903,2024-06-28,"701 ",1768,24-85,5,5,3,4903,0,0,0,,0,00R,"DRY CREEK RD","GROVE ST",0.00,,Y,A,-,N,,,,,,,,,,N,2,0,1,2,A,-,10,21950,A,N,G,B,B,A,H,-,A,A,0,Y,,,,Y,,D,22,1,0,0,0,1,0,0,0,0,"- ","- ",38.626258850097656,-122.87574768066406,SONOMA,HEALDSBURG,-122.87577056884766,38.626270294189453
9716700,2024,2024-07-30,4903,2024-06-27,1330,1999,,4,5,3,4903,0,0,0,,0,00R,"HEALDSBURG AV","PIPER ST",0.00,,Y,A,-,N,,,,,,,,,,N,2,0,1,2,A,-,10,21950,A,N,G,B,B,A,H,-,A,A,0,Y,,,,Y,,A,01,1,0,0,0,1,0,0,0,0,"- ","- ",38.613998413085938,-122.87100219726562,SONOMA,HEALDSBURG,-122.87188720703125,38.614265441894531
9720463,2024,2024-09-27,4906,2024-05-09,"932 ",484,4906,4,5,2,4906,0,0,0,,0,,"RT 116","BODEGA AV",153.00,N,N,A,-,Y,SON,4,116,-,R,26.690,H,-,E,Y,2,0,1,4,C,-,18,,,N,G,B,F,A,H,-,A,A,0,Y,,,,Y,,-,"- ",1,0,0,0,1,0,0,0,0,"- ","- ",38.402431488037109,-122.82463836669922,SONOMA,SEBASTOPOL,-122.82452392578125,38.402637481689453
9743145,2024,2024-11-18,4903,2024-09-26,1217,1733,,4,5,3,4903,0,0,0,,0,00R,"HEALDSBURG AV","PARKLAND FARMS BL",0.00,,Y,A,-,N,,,,,,,,,,Y,2,0,2,3,A,-,01,23153,A,N,D,C,A,A,H,-,A,A,0,,,Y,,Y,Y,C,02,1,1,0,0,0,0,0,0,1,"- ","- ",38.637859344482422,-122.87412261962891,SONOMA,HEALDSBURG,-122.87415313720703,38.637874603271484
9744415,2024,2024-10-30,4906,2024-08-26,1232,411,4906,1,5,2,4906,0,0,0,,0,0NA,"RT 116","S POINT CENTER",0.00,,Y,A,-,Y,SON,4,116,-,-,27.320,H,-,W,N,2,0,1,2,A,-,10,21950,A,N,G,B,D,A,H,-,A,A,0,Y,,,,Y,,D,22,1,0,0,0,1,0,0,0,0,"- ","- ",38.394611358642578,-122.81887817382812,SONOMA,SEBASTOPOL,-122.81890106201172,38.394569396972656
9744451,2024,2024-10-29,4906,2024-06-24,1347,411,4906,1,5,2,4906,0,0,0,,0,0NA,"GRAVENSTEIN HWY NORTH","HILL DR",83.00,N,N,A,-,N,,,,,,,,,,Y,2,0,1,1,A,-,21,22106,,N,E,I,A,A,H,-,A,A,0,,,,,Y,,A,01,1,0,0,0,0,0,0,0,0,"- ","- ",38.407089233398438,-122.84046936035156,SONOMA,SEBASTOPOL,,
9748218,2024,2024-11-22,4906,2024-09-18,1945,485,4906,3,5,2,4906,0,0,0,,0,,"GRAVENSTEIN HWY","TOCCHINI ST",152.00,N,N,A,-,Y,SON,4,116,-,-,25.340,H,-,W,N,2,0,1,2,A,-,08,22107,,F,G,B,E,A,H,-,B,A,0,Y,,,,Y,,A,01,1,0,0,0,1,0,0,0,0,"- ","- ",38.409019470214844,-122.84047698974609,SONOMA,SEBASTOPOL,-122.84027862548828,38.409290313720703
9778257,2025,2025-02-18,4901,2025-01-14,1554,075,,2,5,2,4901,0,0,0,,0,,"SOUTH CLOVERDALE BL","DEL WEBB DR",0.00,,Y,A,-,N,,,,,,,,,,N,2,0,2,2,A,-,03,22350,,N,C,C,A,A,H,-,A,A,0,,,Y,,Y,,C,02,1,1,0,0,0,0,0,0,2,"- ","- ",38.790748596191406,-123.01734924316406,SONOMA,CLOVERDALE,-123.01731872558594,38.790756225585938
6290474,2014,2014-05-15,9360,2014-03-15,1720,19359,,6,2,6,4905,0,1,3,,1,051,"RT 12","BROOKWOOD AV",1055.00,E,N,A,-,Y,SON,4,12,-,R,17.160,H,-,E,Y,1,2,2,3,A,-,03,22350,,N,C,C,A,A,H,-,A,D,1,,,,,Y,,D,22,0,2,0,0,0,0,0,0,0,"- ","- ",38.43468,-122.69323,SONOMA,"SANTA ROSA",-122.69521333,38.434209979999999
6291252,2014,2014-10-17,4905,2014-07-27,2143,SR422,10607,7,5,6,4905,0,0,0,,0,007,"STONY POINT RD","LAZZINI AV",0.00,,Y,A,-,N,,,,,,,,,,Y,1,1,0,2,A,-,09,21801,A,N,D,C,A,A,H,-,C,D,0,,,Y,,Y,Y,A,07,0,0,0,0,0,0,0,1,0,"- ","- ",,,SONOMA,"SANTA ROSA",-122.74067995999999,38.42194997
6291444,2014,2014-10-22,9360,2014-08-08,1922,19862,,5,2,9,4900,0,2,4,,1,047,"LAKEVILLE RD","OLD LAKEVILLE NO 3 RD",0.00,,Y,A,-,N,,,,,,,,,,Y,1,1,3,2,A,-,16,29003,A,N,D,C,A,A,H,-,A,A,0,,,,,Y,Y,I,11,2,1,0,0,0,0,0,0,0,"- ","- ",38.17342,-122.5231,SONOMA,UNINCORPORATED,-122.52311993000001,38.173309889999999
6292181,2015,2017-04-25,9360,2015-03-09,1430,13440,9360,1,2,9,4900,0,2,4,,1,032,"RIVER RD","LAUGHLIN RD",2640.00,W,N,A,-,N,,,,,,,,,,Y,1,2,0,2,A,-,01,23152,E,N,A,C,A,A,H,-,A,D,0,,,,,Y,,A,01,0,0,0,0,0,0,0,0,0,"- ","- ",38.490789999999997,-122.79611,SONOMA,UNINCORPORATED,-122.79618585999999,38.490768090000003
6292566,2015,2015-09-04,9360,2015-06-15,1730,13838,,1,2,6,4905,0,1,3,,1,051,"RT 12","DUTTON AV",20.00,W,N,A,-,Y,SON,4,12,-,R,15.290,H,-,E,Y,1,1,0,1,A,-,04,21703,,N,F,A,A,A,H,-,A,D,1,,,Y,,Y,,C,02,0,0,0,0,0,0,0,1,0,"- ","- ",38.432830000000003,-122.72672,SONOMA,"SANTA ROSA",-122.72667491999999,38.432873829999998
6292667,2015,2017-05-09,9360,2015-06-13,1033,16577,,6,1,9,4900,0,2,4,,1,044,"ADOBE RD","CORONA RD",528.00,N,N,A,-,N,,,,,,,,,,Y,1,1,1,2,A,-,05,21460,A,N,D,C,A,A,H,-,A,D,0,,,,,Y,,A,01,1,0,0,0,0,0,0,0,0,"- ","- ",38.286879999999996,-122.64106,SONOMA,UNINCORPORATED,-122.64095506,38.28679554
6384663,2014,2014-06-17,9360,2014-02-14,2146,020566,,5,2,2,4906,0,2,4,,1,038,"BODEGA HWY","WATERTROUGH RD",560.00,W,N,A,-,N,,,,,,,,,,Y,2,0,1,2,A,-,05,21460,A,N,A,C,A,A,H,-,D,D,0,,,Y,,Y,,C,02,1,0,0,0,0,0,0,0,1,"- ","- ",38.396920000000001,-122.85293,SONOMA,SEBASTOPOL,-122.85299327,38.396927740000002
6493503,2014,2014-08-07,9360,2014-05-10,1750,018790,,6,2,9,4900,0,2,4,,1,024,"CALISTOGA RD","PORTER CREEK RD",7920.00,S,N,A,-,N,,,,,,,,,,Y,2,0,1,2,A,-,05,21460,A,N,A,C,A,A,H,-,A,D,0,,,Y,,Y,,C,02,1,0,0,0,0,0,0,0,1,"- ","- ",38.543219999999998,-122.64789,SONOMA,UNINCORPORATED,-122.64868226999999,38.534436159999998
6527621,2014,2014-07-18,4902,2014-04-18,2247,341,,5,5,2,4902,0,0,0,,0,,"GRAVENSTEIN WY","WILFORD LN",0.00,,Y,A,-,N,,,,,,,,,,N,2,0,1,2,A,-,"- ",,,F,G,H,B,A,H,-,B,D,0,Y,,,,Y,,-,,1,0,0,0,1,0,0,0,0,"- ","- ",,,SONOMA,COTATI,-122.70849990000001,38.331629909999997
6576612,2014,2014-08-19,9360,2014-07-24,2110,018482,,4,2,9,4900,0,2,4,,1,032,"RIVER RD","LAUGHLIN RD",1373.00,W,N,A,-,N,,,,,,,,,,Y,2,0,1,1,A,-,08,22107,,N,E,I,A,A,H,-,D,D,0,,,,,Y,,A,08,1,0,0,0,0,0,0,0,0,"- ","- ",38.491129999999998,-122.7933,SONOMA,UNINCORPORATED,-122.79187235000001,38.491524550000001
6646231,2014,2014-10-13,9360,2014-09-15,1731,15434,,1,2,9,4900,0,2,4,,1,042,"PETALUMA HILL RD","HUNTER LN",3696.00,N,N,A,-,N,,,,,,,,,,Y,2,0,3,2,A,-,05,21460,A,N,A,C,A,A,H,-,A,D,0,,,,,Y,,A,07,3,0,0,0,0,0,0,0,0,"- ","- ",38.394170000000003,-122.69271000000001,SONOMA,UNINCORPORATED,-122.69260420000001,38.39358927
6649172,2014,2016-06-16,9360,2014-09-21,1233,020176,,7,1,9,4900,0,1,2,,2,050,"RT 101","OLD REDWOOD HWY",7920.00,N,N,A,-,Y,SON,4,101,-,-,30.910,H,-,S,Y,2,0,1,1,C,-,18,,,N,F,A,A,A,H,-,A,D,1,,,,,Y,,-,"- ",1,0,0,0,0,0,0,0,0,"- ","- ",38.288559999999997,-122.69173000000001,SONOMA,UNINCORPORATED,-122.82577662999999,38.564549890000002
6733745,2014,2016-06-18,9360,2014-11-28,1930,20565,,5,2,9,4900,0,1,3,,1,051,"RT 12","LLANO RD",524.00,W,N,C,-,Y,SON,4,12,-,-,10.940,H,-,E,Y,2,0,6,2,A,-,09,21801,A,N,D,C,A,B,H,-,D,D,0,,,,,Y,,A,01,1,0,5,0,0,0,0,0,0,"- ","- ",38.410110000000003,-122.79770000000001,SONOMA,UNINCORPORATED,-122.79639616999999,38.410858279999999
6756012,2014,2015-01-08,4900,2014-12-07,2335,SD2129,11101,7,5,3,4980,0,0,0,,0,WI1,"HEMBREE LN","FOOTHILL DR",0.00,,Y,B,-,N,,,,,,,,,,Y,2,0,1,1,A,-,08,22107,,N,A,I,A,B,H,-,C,A,0,,,,,Y,Y,A,01,1,0,0,0,0,0,0,0,0,"- ","- ",,,SONOMA,WINDSOR,-122.79803988,38.558759989999999
6757081,2014,2015-01-27,9325,2014-11-27,1445,019864,,4,2,9,4900,0,3,5,,2,005,"LEVERONI RD","5TH ST WEST",84.00,E,N,A,-,N,,,,,,,,,,Y,2,0,1,3,A,-,03,22350,,F,A,C,A,A,H,-,A,A,0,,,,,Y,,D,22,1,0,0,0,0,0,0,0,0,"- ","- ",38.276879999999998,-122.47024999999999,SONOMA,UNINCORPORATED,-122.47032882000001,38.276855869999999