CASE_ID,ACCIDENT_YEAR,PROC_DATE,JURIS,COLLISION_DATE,COLLISION_TIME,OFFICER_ID,REPORTING_DISTRICT,DAY_OF_WEEK,CHP_SHIFT,POPULATION,CNTY_CITY_LOC,SPECIAL_COND,BEAT_TYPE,CHP_BEAT_TYPE,CITY_DIVISION_LAPD,CHP_BEAT_CLASS,BEAT_NUMBER,PRIMARY_RD,SECONDARY_RD,DISTANCE,DIRECTION,INTERSECTION,WEATHER_1,WEATHER_2,STATE_HWY_IND,CALTRANS_COUNTY,CALTRANS_DISTRICT,STATE_ROUTE,ROUTE_SUFFIX,POSTMILE_PREFIX,POSTMILE,LOCATION_TYPE,RAMP_INTERSECTION,SIDE_OF_HWY,TOW_AWAY,COLLISION_SEVERITY,NUMBER_KILLED,NUMBER_INJURED,PARTY_COUNT,PRIMARY_COLL_FACTOR,PCF_CODE_OF_VIOL,PCF_VIOL_CATEGORY,PCF_VIOLATION,PCF_VIOL_SUBSECTION,HIT_AND_RUN,TYPE_OF_COLLISION,MVIW,PED_ACTION,ROAD_SURFACE,ROAD_COND_1,ROAD_COND_2,LIGHTING,CONTROL_DEVICE,CHP_ROAD_TYPE,PEDESTRIAN_ACCIDENT,BICYCLE_ACCIDENT,MOTORCYCLE_ACCIDENT,TRUCK_ACCIDENT,NOT_PRIVATE_PROPERTY,ALCOHOL_INVOLVED,STWD_VEHTYPE_AT_FAULT,CHP_VEHTYPE_AT_FAULT,COUNT_SEVERE_INJ,COUNT_VISIBLE_INJ,COUNT_COMPLAINT_PAIN,COUNT_PED_KILLED,COUNT_PED_INJURED,COUNT_BICYCLIST_KILLED,COUNT_BICYCLIST_INJURED,COUNT_MC_KILLED,COUNT_MC_INJURED,PRIMARY_RAMP,SECONDARY_RAMP,LATITUDE,LONGITUDE,COUNTY,CITY,POINT_X,POINT_Y
6763290,2014,2016-06-18,9360,2014-12-15,0725,16013,,1,1,6,4905,0,1,3,,1,051,"RT 12","DUTTON AV",1584.00,W,N,C,-,Y,SON,4,12,-,R,15.000,H,-,W,Y,2,0,1,1,A,-,03,22350,,N,E,I,A,B,H,-,A,D,1,,,,,Y,,A,07,1,0,0,0,0,0,0,0,0,"- ","- ",38.431980000000003,-122.73318999999999,SONOMA,"SANTA ROSA",-122.73195113,38.432335070000001
6770664,2014,2016-07-07,9360,2014-12-03,1025,013268,,3,1,9,4900,0,1,2,,1,060,"RT 101","KASTANIA RD",3696.00,S,N,B,C,Y,SON,4,101,-,-,1.100,H,-,N,Y,2,0,1,3,A,-,03,22350,,N,C,C,A,B,D,-,A,D,0,,,,,Y,,A,01,1,0,0,0,0,0,0,0,0,"- ","- ",38.203479999999999,-122.5981,SONOMA,UNINCORPORATED,-122.59829123,38.201003890000003
6804881,2015,2016-10-17,4906,2015-01-11,1422,411,4906,7,5,2,4906,0,0,0,,0,,"RT 116","KEATING AV",0.00,,Y,A,-,Y,SON,4,116,-,-,26.590,I,5,E,N,2,0,1,2,A,-,09,21801,A,N,H,G,A,A,H,-,A,A,0,,Y,,,Y,,A,07,1,0,0,0,0,0,1,0,0,"- ","- ",38.397910000000003,-122.8192,SONOMA,SEBASTOPOL,-122.82536488,38.40397815
6854487,2015,2015-12-09,4905,2015-01-20,1428,SR422,10609,2,5,6,4905,0,0,0,,0,009,"3RD ST","B ST",0.00,,Y,A,-,N,,,,,,,,,,Y,1,1,2,3,A,-,09,21453,C,N,D,C,F,A,H,-,A,A,0,Y,,,,Y,,A,01,0,1,1,1,0,0,0,0,0,"- ","- ",,,SONOMA,"SANTA ROSA",-122.71506997,38.438929989999998
6857054,2015,2016-10-20,9360,2015-03-11,2310,019744,,3,3,6,4905,0,1,2,,2,040,"RT 101","HEARN AV",4224.00,S,N,B,-,Y,SON,4,101,-,-,17.620,H,-,N,Y,2,0,1,1,A,-,01,23152,A,F,F,A,A,A,H,-,C,D,1,,,,,Y,Y,A,07,1,0,0,0,0,0,0,0,0,"- ","- ",38.41093,-122.71597,SONOMA,"SANTA ROSA",-122.71597527,38.401965930000003
6914930,2015,2015-05-22,9360,2015-04-26,1415,18859,,7,2,9,4900,0,3,5,,2,006,"KING RIDGE RD","TIN BARN RD",2640.00,S,N,A,-,N,,,,,,,,,,N,2,0,1,2,A,-,05,21650,,N,A,G,A,A,H,-,A,D,0,,Y,Y,,Y,,L,04,1,0,0,0,0,0,1,0,0,"- ","- ",38.595509999999997,-123.16424000000001,SONOMA,UNINCORPORATED,-123.28064000000001,38.610529999999997
6954153,2015,2016-11-05,9360,2015-06-18,1904,20369,,4,2,3,4980,0,1,2,,2,030,"RT 101","OLD REDWOOD HWY",78.00,S,N,A,-,Y,SON,4,101,-,-,29.207,R,1,N,Y,2,0,1,3,A,-,01,23152,A,N,B,C,A,A,H,-,A,A,1,,,Y,,Y,Y,C,02,1,0,0,0,0,0,0,0,1,TO,"- ",38.546059999999997,-122.80689,SONOMA,WINDSOR,-122.80672138,38.545057999999997
6978023,2015,2016-11-03,9360,2015-06-05,0940,017693,,5,1,9,4900,0,1,3,,1,053,"RT 116","STONY POINT RD",3168.00,W,N,A,-,Y,SON,4,116,-,-,32.940,H,-,W,Y,2,0,4,3,A,-,03,22350,,N,C,C,A,A,H,-,A,D,0,,,,,Y,,A,01,2,1,1,0,0,0,0,0,0,"- ","- ",38.338560000000001,-122.7484,SONOMA,UNINCORPORATED,-122.74877666,38.338664719999997
6979631,2015,2015-07-07,9360,2015-06-23,0945,013440,09360,2,1,9,4900,0,3,5,,2,003,"HIGH SCHOOL RD","OCCIDINTAL RD",857.00,S,N,A,-,N,,,,,,,,,,Y,2,0,2,2,A,-,01,23152,E,N,A,C,A,A,H,-,A,D,0,,,,,Y,,A,01,2,0,0,0,0,0,0,0,0,"- ","- ",38.424079999999996,-122.83157,SONOMA,UNINCORPORATED,-122.83152565,38.42412066
6982640,2015,2015-07-20,4904,2015-07-01,2023,343,,3,5,4,4904,0,0,0,,0,001,"GOLF COURSE DR","HALCYON PL",0.00,,Y,A,-,N,,,,,,,,,,Y,2,0,1,2,A,-,01,23153,A,F,D,G,A,A,H,-,B,D,0,,Y,,,Y,Y,A,01,1,0,0,0,0,0,1,0,0,"- ","- ",,,SONOMA,"ROHNERT PARK",-122.69172995,38.365789890000002
6985409,2015,2016-11-03,9360,2015-06-20,1050,019862,,6,1,9,4900,0,3,5,,2,003,"1ST ST","RT 116",65.00,S,N,A,-,Y,SON,4,116,-,R,12.067,I,5,E,Y,2,0,1,4,A,-,03,22350,,F,E,E,E,A,H,-,A,D,0,Y,,,,Y,,D,22,1,0,0,0,1,0,0,0,0,"- ","- ",38.501910000000002,-122.99715,SONOMA,UNINCORPORATED,-122.99699174,38.502123920000002
6986188,2015,2015-07-20,9360,2015-06-13,2140,020329,,6,2,9,4900,0,3,5,,2,004,"CRANE CANYON RD","ALTA MONTE DR",2112.00,W,N,A,-,N,,,,,,,,,,Y,2,0,1,1,A,-,08,22107,,N,E,I,A,A,H,-,D,D,0,,,,,Y,Y,A,07,1,0,0,0,0,0,0,0,0,"- ","- ",38.36983,-122.64154000000001,SONOMA,UNINCORPORATED,-122.64811284,38.368373759999997
6989441,2015,2015-07-16,9360,2015-06-14,1350,019359,,7,1,9,4900,0,3,5,,2,005,"COLEMAN VALLEY RD","JOY RD",1000.00,W,N,A,B,N,,,,,,,,,,N,2,0,2,3,A,-,05,21650,,N,A,G,A,A,H,-,A,D,0,,Y,,,Y,,A,01,1,1,0,0,0,0,2,0,0,"- ","- ",38.411110000000001,-122.97915,SONOMA,UNINCORPORATED,-122.97865405,38.410930880000002
6989469,2015,2016-11-18,9360,2015-06-16,1520,013268,,2,2,9,4900,0,1,2,,1,060,"RT 101","KASTANIA RD",3168.00,S,N,A,-,Y,SON,4,101,-,-,1.520,H,-,S,Y,2,0,1,2,A,-,03,22350,,N,C,C,A,A,H,-,A,D,0,,,Y,,Y,,C,02,1,0,0,0,0,0,0,0,1,"- ","- ",38.202100000000002,-122.59854,SONOMA,UNINCORPORATED,-122.59915436,38.206864799999998
6996131,2015,2016-12-21,9360,2015-07-21,1653,019485,,2,2,5,4908,0,1,2,,2,050,"RT 101","PETALUMA BLVD N",10.00,N,N,A,-,Y,SON,4,101,-,-,7.650,H,-,S,Y,2,0,1,2,A,-,03,22350,,N,C,C,A,A,H,-,A,D,1,,,Y,,Y,,C,02,1,0,0,0,0,0,0,0,1,"- ","- ",38.161900000000003,-122.4011,SONOMA,PETALUMA,-122.6700013,38.271963730000003
7006700,2015,2016-04-13,9360,2015-02-18,1946,16660,,3,2,4,4904,0,1,2,,2,050,"RT 101","GOLF COURSE DR",1056.00,S,N,A,-,Y,SON,4,101,-,-,14.820,H,-,N,Y,1,1,1,2,A,-,00,21352,E,N,B,C,A,A,H,-,C,D,1,,,,,Y,,A,01,0,0,1,0,0,0,0,0,0,"- ","- ",38.362009999999998,-122.71272999999999,SONOMA,"ROHNERT PARK",-122.71278622,38.361782910000002
7064361,2015,2016-12-02,4905,2015-06-29,2251,SR394,10604,1,5,6,4905,0,0,0,,0,004,"RT 12","WAGNER PL",190.00,E,N,A,-,Y,SON,4,12,-,-,18.160,H,-,E,Y,2,0,1,2,A,-,05,21650,,N,G,B,E,A,H,-,E,D,0,Y,,,,Y,,A,01,1,0,0,0,1,0,0,0,0,"- ","- ",,,SONOMA,"SANTA ROSA",-122.68170516000001,38.45187189
7066401,2015,2015-09-22,4904,2015-08-08,2321,469,,6,5,4,4904,0,0,0,,0,001,"ROHNERT PARK EXPWY","COUNTRY CLUB DR",0.00,,Y,A,-,N,,,,,,,,,,Y,2,0,3,2,A,-,12,21453,A,N,D,C,A,A,H,-,C,A,0,,,,,Y,,A,01,1,0,2,0,0,0,0,0,0,"- ","- ",,,SONOMA,"ROHNERT PARK",-122.69614996999999,38.348169990000002
7171687,2016,2016-02-12,4908,2016-01-13,0626,2926,5,3,5,5,4908,0,0,0,,0,003,"PETALLUMA BLVD N","SYCAMORE LN",0.00,,Y,C,-,N,,,,,,,,,,Y,2,0,1,2,A,-,11,21456,B,N,G,B,B,B,H,-,E,A,0,Y,,,,Y,,N,60,1,0,0,0,1,0,0,0,0,"- ","- ",38.246589999999998,-122.64521999999999,SONOMA,PETALUMA,-122.64522985000001,38.246599940000003
7199869,2016,2016-12-09,4908,2016-10-14,1945,1543,2,5,5,5,4908,0,0,0,,0,002,"LAKEVILLE ST","EAST CT",149.00,W,N,B,-,N,,,,,,,,,,Y,1,1,0,2,A,-,11,21954,A,N,G,B,E,A,H,-,D,D,0,Y,,,,Y,Y,N,60,0,0,0,1,0,0,0,0,0,"- ","- ",38.23556,-122.62711,SONOMA,PETALUMA,-122.62755816000001,38.235582290000004
7200237,2017,2018-02-13,4905,2017-03-12,2222,SR473,10604,7,5,6,4905,0,0,0,,0,004,"RT 12","BOAS DR",0.00,,Y,A,-,Y,SON,4,12,-,-,19.830,I,5,E,Y,1,1,1,2,A,-,01,23152,A,N,D,C,A,A,H,-,E,D,0,,,Y,,Y,Y,C,02,0,0,1,0,0,0,0,1,0,"- ","- ",,,SONOMA,"SANTA ROSA",-122.65784133,38.46505698
8003545,2015,2016-03-28,4905,2015-11-01,1835,SR452,10601,7,5,6,4905,0,0,0,,0,001,"CLEVELAND AV","TERRY LN",31.00,N,N,C,-,N,,,,,,,,,,Y,2,0,2,3,A,-,01,23153,A,N,E,I,F,B,H,-,C,D,0,Y,,,,Y,Y,M,47,1,1,0,0,2,0,0,0,0,"- ","- ",,,SONOMA,"SANTA ROSA",-122.72839999999999,38.464295149999998
8003553,2015,2016-03-28,4905,2015-12-04,1738,SR452,10605,5,5,6,4905,0,0,0,,0,005,"WEST 3RD ST","BROCKHURST DR",6.00,E,N,A,-,N,,,,,,,,,,Y,2,0,1,2,A,-,11,21950,B,N,G,B,B,A,H,-,A,A,0,Y,,,,Y,,N,60,1,0,0,0,1,0,0,0,0,"- ","- ",,,SONOMA,"SANTA ROSA",-122.74411904999999,38.433930320000002
8077070,2016,2016-07-13,4908,2016-07-02,0453,3187,15,6,5,5,4908,0,0,0,,0,001,"FALCON RIDGE DR","ADOBE CREEK DR",133.00,S,N,A,-,N,,,,,,,,,,Y,2,0,2,1,A,-,01,23152,A,N,E,I,A,A,H,-,C,D,0,,,,,Y,Y,A,01,1,1,0,0,0,0,0,0,0,"- ","- ",38.244259999999997,-122.59308,SONOMA,PETALUMA,-122.59014999999999,38.242089999999997
8113365,2016,2016-09-07,4905,2016-07-11,0955,SR473,10603,1,5,6,4905,0,0,0,,0,003,"WEST COLLEGE AV","WILD ROSE DR",4.00,E,N,A,-,N,,,,,,,,,,Y,2,0,1,2,A,-,10,21950,A,N,G,B,C,A,H,-,A,A,0,Y,,,,Y,,A,01,1,0,0,0,1,0,0,0,0,"- ","- ",,,SONOMA,"SANTA ROSA",-122.74166604,38.44535046
8115324,2016,2016-09-27,4902,2016-08-13,1205,338,,6,5,2,4902,0,0,0,,0,,"OLD REDWOOD HWY","LA PLAZA",0.00,,Y,A,-,N,,,,,,,,,,Y,2,0,2,2,A,-,08,22100,B,N,D,C,A,A,D,H,A,D,0,,,Y,,Y,,C,02,1,0,1,0,0,0,0,0,1,"- ","- ",,,SONOMA,COTATI,-122.70706989999999,38.327389879999998
81816673,2022,2022-07-14,4905,2022-06-22,1339,1060513,,3,5,6,4905,0,0,0,,0,006,"HWY 12","MISSION BL",630.00,E,N,A,-,Y,,,,,,,,,,Y,2,0,1,1,C,-,18,,,N,E,I,A,A,A,-,A,D,0,,,,,Y,,-,"- ",1,0,0,0,0,0,0,0,0,"- ","- ",,,SONOMA,"SANTA ROSA",-122.672607421875,38.459693908691406
8188801,2016,2016-12-14,4905,2016-11-25,0402,SR473,10608,5,5,6,4905,0,0,0,,0,008,"PETALUMA HILL RD","KAWANA SPRINGS RD",120.00,S,N,A,-,N,,,,,,,,,,Y,2,0,2,2,A,-,01,23153,A,F,C,C,A,A,H,-,C,A,0,,,,,Y,Y,A,01,1,1,0,0,0,0,0,0,0,"- ","- ",,,SONOMA,"SANTA ROSA",-122.70428025,38.416170469999997
8189036,2016,2016-12-15,4905,2016-09-29,1945,SR426,10608,4,5,6,4905,0,0,0,,0,008,"SANTA ROSA AV","COLGAN AV",140.00,S,N,A,-,N,,,,,,,,,,N,2,0,1,2,A,-,11,21954,A,N,G,B,D,A,H,-,C,A,0,Y,,,,Y,,N,60,1,0,0,0,1,0,0,0,0,"- ","- ",,,SONOMA,"SANTA ROSA",-122.71354261,38.420785479999999
82109023,2022,2023-07-10,4905,2022-12-30,1915,1060422,,5,5,6,4905,0,0,0,,0,008,"YOLANDA AV","SANTA ROSA AV",780.00,E,N,C,-,N,,,,,,,,,,N,2,0,1,2,A,-,11,21956,A,F,G,B,E,B,H,-,D,D,0,Y,,,,Y,,N,60,1,0,0,0,1,0,0,0,0,"- ","- ",,,SONOMA,"SANTA ROSA",-122.7108154296875,38.413223266601562
82109089,2023,2023-07-05,4905,2023-04-21,1534,1060603,,5,5,6,4905,0,0,0,,0,008,"SANTA ROSA AV","YOLANDA AV",118.00,N,N,A,-,N,,,,,,,,,,Y,2,0,2,3,C,-,18,,,N,C,C,A,A,H,-,A,A,0,,,,,Y,,-,"- ",1,0,1,0,0,0,0,0,0,"- ","- ",,,SONOMA,"SANTA ROSA",-122.71353912353516,38.413532257080078
82122474,2023,2023-07-21,4904,2023-07-04,1653,1040584,,2,5,4,4904,0,0,0,,0,,"ROHNERT PARK EXPY","KERRY RD",0.00,,Y,A,-,N,,,,,,,,,,Y,2,0,1,2,A,-,09,21801,A,N,D,C,A,A,H,-,A,A,0,,,Y,,Y,,A,01,1,0,0,0,0,0,0,0,1,"- ","- ",,,SONOMA,"ROHNERT PARK",-122.67601013183594,38.345851898193359
82204333,2023,2023-10-20,4905,2023-10-06,1456,1060621,,5,5,6,4905,0,0,0,,0,,"COLLEGE AV","E ST",0.00,,Y,A,-,N,,,,,,,,,,Y,2,0,2,2,A,-,08,22107,,N,A,C,A,A,H,-,A,A,0,,,Y,,Y,,A,01,1,1,0,0,0,0,0,0,1,"- ","- ",,,SONOMA,"SANTA ROSA",,
82339808,2024,2024-03-18,4913,2024-02-29,1500,1102743,WINDS,4,5,3,4980,0,0,0,,0,008,"LOS AMIGOS RD","BROOKS RD SOUTH",22.00,W,N,C,-,N,,,,,,,,,,N,2,0,1,2,A,-,11,21950,B,N,G,B,D,B,H,-,A,A,0,Y,,,,Y,,N,60,1,0,0,0,1,0,0,0,0,"- ","- ",38.549858093261719,-122.80769348144531,SONOMA,WINDSOR,-122.8074951171875,38.549816131591797
82339814,2024,2024-03-18,4905,2024-02-11,1843,1060563,4905,7,5,6,4905,0,0,0,,0,007,"DUTTON AV","CHERIE WY",0.00,,Y,A,-,N,,,,,,,,,,Y,2,0,1,2,D,-,00,,,F,G,B,D,A,H,-,C,D,0,Y,,,,Y,Y,-,"- ",1,0,0,0,1,0,0,0,0,"- ","- ",,,SONOMA,"SANTA ROSA",-122.72452545166016,38.423503875732422
8316055,2016,2017-03-24,4905,2016-12-15,2222,SR523,10606,4,5,6,4905,0,0,0,,0,006,"FARMERS LN","MONTGOMERY DR",0.00,,Y,B,C,N,,,,,,,,,,Y,2,0,1,2,A,-,10,21950,C,N,G,B,B,B,H,-,C,A,0,Y,,,,Y,,A,01,1,0,0,0,1,0,0,0,0,"- ","- ",,,SONOMA,"SANTA ROSA",-122.68803997000001,38.446539899999998
8393247,2017,2017-07-11,4905,2017-04-23,1711,SR481,TRAFF,7,5,6,4905,0,0,0,,0,008,"SANTA ROSA AV","RICARDO AV",0.00,,Y,A,-,N,,,,,,,,,,N,2,0,2,3,A,-,09,21802,A,N,D,G,A,A,H,-,A,A,0,,Y,,,Y,,A,01,1,1,0,0,0,0,2,0,0,"- ","- ",,,SONOMA,"SANTA ROSA",-122.71350998,38.408879890000001
83982996,2024,2024-08-09,4905,2024-07-12,1430,1068926,,5,5,6,4905,0,0,0,,0,001,"WEST STEELE LN","COFFEY LN",0.00,,Y,A,-,N,,,,,,,,,,N,2,0,1,2,A,-,05,21651,B,F,A,C,A,A,H,-,A,A,0,,,,,Y,Y,D,22,1,0,0,0,0,0,0,0,0,"- ","- ",,,SONOMA,"SANTA ROSA",-122.74028778076172,38.459968566894531
8429105,2017,2017-08-24,4905,2017-07-16,1127,SR429,10605,7,5,6,4905,0,0,0,,0,005,"WEST 3RD ST","SENNA DR",210.00,W,N,A,-,N,,,,,,,,,,Y,2,0,1,1,C,-,18,,,M,E,I,A,A,H,-,A,D,0,,,,,Y,,-,"- ",1,0,0,0,0,0,0,0,0,"- ","- ",,,SONOMA,"SANTA ROSA",-122.76225033,38.437915779999997
8438439,2017,2018-05-17,4902,2017-08-18,1805,343,,5,5,2,4902,0,0,0,,0,,"COMMERCE BL","OLD REDWOOD HWY",219.00,N,N,A,-,N,,,,,,,,,,N,2,0,1,1,A,-,03,22350,,N,E,I,A,A,H,-,A,D,0,,,Y,,Y,,C,02,1,0,0,0,0,0,0,0,1,"- ","- ",,,SONOMA,COTATI,-122.71155209,38.332457300000002
84446233,2024,2024-10-28,4905,2024-08-16,1336,1060576,,5,5,6,4905,0,0,0,,0,005,"SEBASTOPOL RD","LOMBARDI CT",0.00,,Y,A,-,N,,,,,,,,,,Y,1,1,0,3,A,-,01,23152,A,N,D,C,A,A,H,-,A,A,0,,,,,Y,Y,A,01,0,0,0,0,0,0,0,0,0,"- ","- ",,,SONOMA,"SANTA ROSA",-122.74837493896484,38.426319122314453
84537831,2024,2025-01-29,4904,2024-10-26,1817,1040574,,6,5,4,4904,0,0,0,,0,001,"ROHNERT PARK EXPY","KARRINGTON RD",0.00,,Y,A,-,N,,,,,,,,,,Y,2,0,3,2,A,-,09,21801,A,N,D,C,A,A,H,-,B,A,0,,,,,Y,,-,"- ",1,0,2,0,0,0,0,0,0,"- ","- ",,,SONOMA,"ROHNERT PARK",-122.67845916748047,38.345794677734375
84557959,2024,2025-02-03,4904,2024-12-07,1207,1040368,,6,5,4,4904,0,0,0,,0,002,"ROHNERT PARK EXPY","HWY 101  N",30.00,W,N,A,-,Y,SON,,101," "," ",13.879,H,,R,N,2,0,2,2,A,-,03,22350,,N,C,C,A,A,H,-,A,A,0,,,Y,,Y,,C,02,1,0,1,0,0,0,0,0,2,"- ","- ",38.348419189453125,-122.71296691894531,SONOMA,"ROHNERT PARK",-122.71294403076172,38.348419189453125
8457862,2017,2017-10-06,4905,2017-08-16,2219,SR506,,3,5,6,4905,0,0,0,,0,009,"CLEVELAND AV","COLLEGE AV",10.00,S,N,A,-,N,,,,,,,,,,N,2,0,1,2,A,-,11,21456,B,N,G,B,B,A,H,-,C,A,0,Y,,Y,,Y,,N,60,1,0,0,0,1,0,0,0,0,"- ","- ",,,SONOMA,"SANTA ROSA",-122.72663093,38.44586254
84580611,2024,2025-02-17,4905,2024-12-06,2058,1060541,,5,5,6,4905,0,0,0,,0,008,"SANTA ROSA AV","BELLEVUE AV",0.00,,Y,A,-,N,,,,,,,,,,Y,2,0,2,2,A,-,09,21802,A,N,D,C,A,A,H,-,C,A,0,,,Y,,Y,,A,01,1,1,0,0,0,0,0,0,1,"- ","- ",,,SONOMA,"SANTA ROSA",-122.71350860595703,38.401866912841797
8466465,2017,2017-10-11,4905,2017-09-14,1052,SR284,10602,4,5,6,4905,0,0,0,,0,002,"MENDOCINO AV","MCCONNELL AV",0.00,,Y,A,-,N,,,,,,,,,,N,2,0,1,2,A,-,11,21950,B,N,G,B,B,A,H,-,A,A,0,Y,,,,Y,,N,60,1,0,0,0,1,0,0,0,0,"- ","- ",,,SONOMA,"SANTA ROSA",-122.71738999999999,38.454779899999998
8483346,2017,2017-11-14,4903,2017-09-23,1905,1434,2,6,5,3,4903,0,0,0,,0,,"HEALDSBURG AV","EXCHANGE AV",353.00,N,N,A,-,N,,,,,,,,,,Y,2,0,1,2,A,-,00,23123,A,N,C,C,A,A,H,-,B,D,0,,,,,Y,,A,01,1,0,0,0,0,0,0,0,0,"- ","- ",38.605899999999998,-122.86926,SONOMA,HEALDSBURG,-122.8690004,38.605939290000002
8522952,2017,2018-01-12,4904,2017-12-20,1818,501,,3,5,4,4904,0,0,0,,0,002,"REDWOOD DR","ROHNERT PARK EXPWY",546.00,N,N,A,-,N,,,,,,,,,,N,2,0,1,2,A,-,11,21955,,N,G,B,D,A,H,-,D,D,0,Y,,,,Y,,N,60,1,0,0,0,1,0,0,0,0,"- ","- ",38.348460000000003,-122.71701,SONOMA,"ROHNERT PARK",-122.71687606,38.349926459999999
8543450,2017,2018-02-09,4905,2017-10-27,2056,SR469,10608,5,5,6,4905,0,0,0,,0,008,"SANTA ROSA AV","COURT ST",20.00,N,N,A,-,N,,,,,,,,,,Y,2,0,1,2,A,-,10,21950,C,N,G,B,B,A,H,-,C,D,0,Y,,,,Y,,D,22,1,0,0,0,1,0,0,0,0,"- ","- ",,,SONOMA,"SANTA ROSA",-122.71349071,38.40682494
8614062,2018,2018-04-27,4906,2018-04-09,2312,462,4906,1,5,2,4906,0,0,0,,0,,"ROBINSON RD","LELAND ST",0.00,,Y,A,-,N,,,,,,,,,,Y,2,0,1,2,A,-,01,23152,A,N,D,E,A,A,H,-,C,A,0,,,Y,,Y,Y,C,02,1,0,0,0,0,0,0,0,1,"- ","- ",38.397918701171875,-122.83116149902344,SONOMA,SEBASTOPOL,-122.83122253417969,38.3974609375
8648173,2018,2020-05-22,4905,2018-07-17,1806,SR383,10607,2,5,6,4905,0,0,0,,0,007,"WILJAN CT","BELLEVUE AV",467.00,N,N,A,-,N,,,,,,,,,,Y,1,1,0,2,A,-,03,22350,,N,D,C,A,A,H,-,A,D,0,,,Y,,Y,,C,02,0,0,0,0,0,0,0,1,0,"- ","- ",,,SONOMA,"SANTA ROSA",-122.71978759765625,38.403102874755859
8715190,2018,2018-11-05,4906,2018-09-09,1257,455,4906,7,5,2,4906,0,0,0,,0,,"MORRIS ST","LAGUNA  PARK WY",130.00,N,N,A,-,N,,,,,,,,,,N,2,0,1,2,A,-,08,22107,,N,H,G,A,A,H,-,A,A,0,,Y,,,Y,,A,07,1,0,0,0,0,0,1,0,0,"- ","- ",38.405250549316406,-122.81965637207031,SONOMA,SEBASTOPOL,-122.81971740722656,38.405590057373047
8780119,2018,2019-02-19,4905,2018-11-25,1607,SR492,10608,7,5,6,4905,0,0,0,,0,008,"FARMERS LN","SONOMA AV",0.00,,Y,A,-,Y,SON,4,12,-,T,18.180,I,5,W,N,2,0,2,3,A,-,10,21950,A,N,G,B,B,A,H,-,A,A,0,Y,,,,Y,,A,07,1,1,0,0,2,0,0,0,0,"- ","- ",,,SONOMA,"SANTA ROSA",-122.68770599365234,38.444492340087891
8889944,2019,2019-07-09,4904,2019-05-29,2130,546,,3,5,4,4904,0,0,0,,0,,"SEED FARM DR","SANTA ALICIA DR",264.00,N,N,A,-,N,,,,,,,,,,N,2,0,1,2,A,-,11,21954,A,N,G,B,D,A,H,-,C,A,0,Y,,Y,,Y,,N,60,1,0,0,0,0,0,0,0,1,"- ","- ",38.342861175537109,-122.69854736328125,SONOMA,"ROHNERT PARK",-122.69893646240234,38.343441009521484
8910372,2019,2019-11-23,4904,2019-07-15,0942,554,SONOM,1,5,4,4904,0,0,0,,0,002,"ROHNERT PARK EXPWY","ROHNERT PARK EXPWY 705",48.00,N,N,A,-,N,,,,,,,,,,N,2,0,3,1,A,-,08,22107,,N,E,I,A,A,H,-,A,C,0,,,,,Y,,A,01,1,1,1,0,0,0,0,0,0,"- ","- ",,,SONOMA,"ROHNERT PARK",,
8923672,2019,2019-08-23,4905,2019-07-16,1919,SR551,10601,2,5,6,4905,0,0,0,,0,001,"STEELE LN","RANGE AV",5.00,W,N,A,-,N,,,,,,,,,,Y,2,0,1,1,A,-,01,23152,A,N,E,I,A,A,H,-,A,A,0,,,,,Y,Y,A,01,1,0,0,0,0,0,0,0,0,"- ","- ",,,SONOMA,"SANTA ROSA",-122.73258972167969,38.459980010986328
8934770,2019,2019-10-29,4904,2019-08-02,1818,555,,5,5,4,4904,0,0,0,,0,002,"ROHNERT PARK EXPWY","LABATH AV",946.00,W,N,-,-,N,,,,,,,,,,Y,2,0,1,2,A,-,01,23152,B,F,B,C,A,A,H,-,A,D,0,,,,,Y,Y,A,01,1,0,0,0,0,0,0,0,0,"- ","- ",,,SONOMA,"ROHNERT PARK",-122.72450256347656,38.349067687988281
8938655,2019,2020-01-08,4905,2019-07-24,1745,SR422,10602,3,5,6,4905,0,0,0,,0,002,"RT 101","STEELE LN",10.00,S,N,A,-,Y,SON,4,101,-,-,21.593,R,1,N,N,2,0,1,2,A,-,05,21202,A,F,D,G,A,A,H,-,A,A,0,,Y,,,Y,,L,04,1,0,0,0,0,0,1,0,0,NF,"- ",,,SONOMA,"SANTA ROSA",-122.72599029541016,38.457595825195312
8961586,2019,2019-10-23,4903,2019-10-10,2354,1402,2,4,5,3,4903,0,0,0,,0,,"HEALDSBURG AV","GRANT AV",473.00,N,N,A,-,N,,,,,,,,,,Y,2,0,1,1,A,-,01,23152,A,N,H,I,A,A,H,-,C,D,0,,,,,Y,Y,D,22,1,0,0,0,0,0,0,0,0,"- ","- ",38.599349975585938,-122.85447692871094,SONOMA,HEALDSBURG,-122.85468292236328,38.598499298095703
8981119,2019,2020-01-11,4908,2019-11-17,1855,3411,5,7,5,5,4908,0,0,0,,0,003,"WASHINGTON ST","HOWARD ST",60.00,E,N,A,-,N,,,,,,,,,,N,2,0,1,2,A,-,11,21954,A,N,G,B,D,A,H,-,C,D,0,Y,,,,Y,Y,N,60,1,0,0,0,1,0,0,0,0,"- ","- ",38.234260559082031,-122.64594268798828,SONOMA,PETALUMA,-122.64579772949219,38.234310150146484
90008507,2015,2015-10-19,9360,2015-08-06,1410,015434,,4,2,6,4905,0,1,3,,1,051,"SR-12 E/B","SANTA ROSA AVE U/C",528.00,E,N,A,-,Y,,,12,,,,,,E,Y,2,0,1,2,A,-,07,21658,A,N,F,C,A,A,H,-,A,D,0,,,Y,,Y,,A,07,1,0,0,0,0,0,0,0,1,"- ","- ",38.431570000000001,-122.70874999999999,SONOMA,"SANTA ROSA",-122.70873297,38.431508389999998