CASE_ID,ACCIDENT_YEAR,PROC_DATE,JURIS,COLLISION_DATE,COLLISION_TIME,OFFICER_ID,REPORTING_DISTRICT,DAY_OF_WEEK,CHP_SHIFT,POPULATION,CNTY_CITY_LOC,SPECIAL_COND,BEAT_TYPE,CHP_BEAT_TYPE,CITY_DIVISION_LAPD,CHP_BEAT_CLASS,BEAT_NUMBER,PRIMARY_RD,SECONDARY_RD,DISTANCE,DIRECTION,INTERSECTION,WEATHER_1,WEATHER_2,STATE_HWY_IND,CALTRANS_COUNTY,CALTRANS_DISTRICT,STATE_ROUTE,ROUTE_SUFFIX,POSTMILE_PREFIX,POSTMILE,LOCATION_TYPE,RAMP_INTERSECTION,SIDE_OF_HWY,TOW_AWAY,COLLISION_SEVERITY,NUMBER_KILLED,NUMBER_INJURED,PARTY_COUNT,PRIMARY_COLL_FACTOR,PCF_CODE_OF_VIOL,PCF_VIOL_CATEGORY,PCF_VIOLATION,PCF_VIOL_SUBSECTION,HIT_AND_RUN,TYPE_OF_COLLISION,MVIW,PED_ACTION,ROAD_SURFACE,ROAD_COND_1,ROAD_COND_2,LIGHTING,CONTROL_DEVICE,CHP_ROAD_TYPE,PEDESTRIAN_ACCIDENT,BICYCLE_ACCIDENT,MOTORCYCLE_ACCIDENT,TRUCK_ACCIDENT,NOT_PRIVATE_PROPERTY,ALCOHOL_INVOLVED,STWD_VEHTYPE_AT_FAULT,CHP_VEHTYPE_AT_FAULT,COUNT_SEVERE_INJ,COUNT_VISIBLE_INJ,COUNT_COMPLAINT_PAIN,COUNT_PED_KILLED,COUNT_PED_INJURED,COUNT_BICYCLIST_KILLED,COUNT_BICYCLIST_INJURED,COUNT_MC_KILLED,COUNT_MC_INJURED,PRIMARY_RAMP,SECONDARY_RAMP,LATITUDE,LONGITUDE,COUNTY,CITY,POINT_X,POINT_Y
90009762,2015,2015-10-19,9350,2015-08-08,1500,020731,,6,2,9,4900,0,3,5,,2,005,"SAN ANTONIO ROAD","I STREET",881.00,E,N,A,-,N,,,,,,,,,,N,2,0,1,1,A,-,03,22350,,N,F,A,A,A,A,B,A,D,0,,Y,,,Y,,L,04,1,0,0,0,0,0,1,0,0,"- ","- ",38.182960000000001,-122.62814,SONOMA,UNINCORPORATED,-122.63129167,38.183328400000001
90016791,2015,2015-10-19,9350,2015-09-10,0630,020740,,4,1,9,4900,0,1,3,,2,137,"SR-37 W/B","LAKEVILLE HWY",100.00,E,N,A,-,Y,,,37,,,,,,W,Y,2,0,1,2,A,-,03,22350,,N,F,I,A,A,H,-,A,A,0,,,Y,,Y,,C,02,1,0,0,0,0,0,0,0,1,"- ","- ",38.134369999999997,-122.47620000000001,SONOMA,UNINCORPORATED,-122.47616669999999,38.134315059999999
90017151,2015,2015-10-19,9325,2015-08-16,0745,019659,,7,1,9,4900,0,1,3,,1,053,"SR-116 E/B","COUNTY DUMP RD",450.00,E,N,A,-,Y,,,116,,,,,,E,Y,1,1,0,1,C,-,18,,,N,E,I,A,A,H,-,A,D,0,,,,,Y,,-,"- ",0,0,0,0,0,0,0,0,0,"- ","- ",38.243490000000001,-122.50462,SONOMA,UNINCORPORATED,-122.5046901,38.243582879999998
90019060,2015,2015-10-19,9360,2015-09-07,1501,018520,,1,2,9,4900,0,3,5,,2,003,"SLUSSER RD","STEELE RANCH RD",189.00,S,N,A,-,N,,,,,,,,,,Y,2,0,2,1,A,-,08,22107,,N,E,I,A,A,H,-,A,D,0,,,,,Y,,A,01,1,1,0,0,0,0,0,0,0,"- ","- ",38.496220000000001,-122.82711,SONOMA,UNINCORPORATED,-122.82675999999999,38.495699000000002
90042673,2015,2015-11-02,9325,2015-10-20,0750,015786,,2,1,9,4900,0,1,3,,1,053,SR-116,"E. BONNESS ROAD",2640.00,W,N,A,-,Y,,,116,,,,,,,Y,2,0,1,2,A,-,03,22350,,N,D,C,A,A,H,-,A,D,0,,,Y,Y,Y,,C,02,1,0,0,0,0,0,0,0,1,"- ","- ",38.25132,-122.47584999999999,SONOMA,UNINCORPORATED,-122.47591064,38.251270429999998
90061915,2015,2015-11-30,9360,2015-09-18,0943,016660,,5,1,9,4900,0,2,4,,1,052,"STONY POINT RD","SCENIC AVE",1056.00,N,N,A,-,N,,,,,,,,,,Y,1,1,0,1,A,-,08,22107,,N,E,I,A,A,H,-,A,D,0,,,,,Y,,A,07,0,0,0,0,0,0,0,0,0,"- ","- ",38.379280000000001,-122.74136,SONOMA,UNINCORPORATED,-122.74145158,38.379180429999998
90067840,2015,2015-12-08,9360,2015-11-30,1815,015187,,1,2,9,4900,0,2,4,,1,024,"MARK WEST SPRINGS RD.","LAVELL RD",138.00,E,N,B,-,N,,,,,,,,,,N,2,0,1,2,A,-,11,21954,A,N,G,B,D,A,H,-,D,A,0,Y,,,,Y,Y,N,60,1,0,0,0,1,0,0,0,0,"- ","- ",38.49644,-122.75162,SONOMA,UNINCORPORATED,-122.75140833,38.496340070000002
90127039,2016,2016-03-01,9360,2016-02-13,0335,020329,,6,3,9,4900,0,2,4,,1,012,"DRY CREEK ROAD","LAMBERT BRIDGE RD",6864.00,W,N,A,-,N,,,,,,,,,,Y,2,0,2,1,A,-,01,23152,A,N,E,I,A,A,H,-,D,D,0,,,,,Y,Y,A,01,1,1,0,0,0,0,0,0,0,"- ","- ",38.665320000000001,-122.93003,SONOMA,UNINCORPORATED,-122.93417907,38.670594790000003
90149163,2016,2016-04-01,9360,2016-03-21,1450,013440,9360,1,2,9,4900,0,1,3,,1,013,SR-116,"GIOVANETTI RD",3168.00,W,N,B,-,Y,,,116,,,,,,,Y,2,0,1,1,A,-,08,22107,,N,E,I,A,B,H,-,A,D,0,,,,,Y,,A,01,1,0,0,0,0,0,0,0,0,"- ","- ",38.4741,-122.91795999999999,SONOMA,UNINCORPORATED,-122.91789188,38.474473250000003
90173508,2016,2016-05-05,9360,2016-04-27,1615,015812,,3,2,9,4900,0,1,2,,2,030,"US-101 S/B","MENDOCINO AVENUE (O/C)",3168.00,N,N,A,-,Y,,,101,,,,,,S,Y,2,0,2,3,A,-,03,22350,,N,C,C,A,A,H,-,A,D,0,,,,,Y,,A,01,1,0,1,0,0,0,0,0,0,"- ","- ",38.482860000000002,-122.73766000000001,SONOMA,UNINCORPORATED,-122.73766345,38.482855149999999
90202292,2016,2016-06-15,9360,2016-06-03,1440,018859,,5,2,9,4900,0,2,4,,1,032,"RIVER ROAD",SR-116,528.00,E,N,A,-,N,,,,,,,,,,Y,2,0,3,2,A,-,03,22350,,N,C,C,A,A,H,-,A,D,0,,,,,Y,,A,01,1,0,2,0,0,0,0,0,0,"- ","- ",38.503920000000001,-122.99333,SONOMA,UNINCORPORATED,-122.99395198000001,38.503372890000001
90210927,2016,2016-06-28,9360,2016-06-16,2300,019092,,4,3,9,4900,0,3,5,,2,001,"SKAGGS SPRINGS RD","SEWELL RD",16368.00,W,N,C,-,N,,,,,,,,,,Y,2,0,1,1,A,-,01,23152,A,N,E,I,A,B,H,-,D,D,0,,,,,Y,Y,D,22,1,0,0,0,0,0,0,0,0,"- ","- ",38.678330000000003,-123.2623,SONOMA,UNINCORPORATED,-123.25883389000001,38.677318730000003
90211047,2016,2016-06-28,9360,2016-05-15,1505,018196,,7,2,9,4900,0,3,5,,2,004,"ROBERTS ROAD","LICHAU RD",3696.00,W,N,A,-,N,,,,,,,,,,Y,2,0,2,2,A,-,05,21460,A,N,A,C,A,A,H,-,A,D,0,,,Y,,Y,,C,02,1,1,0,0,0,0,0,0,2,"- ","- ",38.331200000000003,-122.65714,SONOMA,UNINCORPORATED,-122.6572812,38.331035219999997
90222967,2016,2016-07-14,9360,2016-04-17,0103,020522,,7,3,3,4980,0,1,2,,2,030,"US-101 N/B TO OLD REDWOOD HIGHWAY","OLD REDWOOD HWY",32.00,W,N,A,-,Y,,,101,,,,R,,N,Y,1,1,1,1,A,-,01,23152,A,N,E,I,A,A,H,-,C,A,0,,,,,Y,Y,D,22,0,1,0,0,0,0,0,0,0,"- ","- ",38.546300000000002,-122.8069,SONOMA,WINDSOR,-122.8069,38.546300000000002
90225497,2016,2016-07-19,9360,2016-06-30,1640,018196,,4,2,9,4900,0,3,5,,2,005,"PLEASANT HILL ROAD","BLOOMFIELD RD",528.00,W,N,A,-,N,,,,,,,,,,Y,2,0,1,2,A,-,09,21804,A,N,D,C,A,A,H,-,A,D,0,,,Y,,Y,,A,01,1,0,0,0,0,0,0,0,1,"- ","- ",38.365259999999999,-122.82432,SONOMA,UNINCORPORATED,-122.82386382999999,38.36506138
90233727,2016,2016-07-29,9360,2016-07-18,1640,018667,,1,2,9,4900,0,2,4,,1,022,"OLD REDWOOD HWY","AIRPORT BLVD",142.00,S,N,A,-,N,,,,,,,,,,Y,2,0,1,2,A,-,08,22107,,N,C,E,A,A,H,-,A,D,0,,,,,Y,,A,01,1,0,0,0,0,0,0,0,0,"- ","- ",38.51117,-122.7637,SONOMA,UNINCORPORATED,-122.76329445,38.510947780000002
90256806,2016,2016-08-30,9360,2016-08-26,2129,020522,,5,2,9,4900,0,2,4,,1,044,"OLD ADOBE ROAD","E WASHINGTON STREET",1056.00,N,N,A,-,N,,,,,,,,,,Y,2,0,2,2,A,-,01,23152,A,N,C,C,A,A,H,-,D,D,0,,,,,Y,Y,A,01,1,1,0,0,0,0,0,0,0,"- ","- ",38.270299999999999,-122.6117,SONOMA,UNINCORPORATED,-122.61157,38.270270600000003
90257279,2016,2016-08-30,9360,2016-08-19,2325,020038,,5,3,9,4900,0,2,4,,1,024,"CALISTOGA RD","SAINT HELENA RD",2112.00,N,N,B,-,N,,,,,,,,,,Y,2,0,1,1,A,-,08,22107,,N,F,A,A,A,H,-,D,D,0,,,,,Y,Y,A,01,1,0,0,0,0,0,0,0,0,"- ","- ",38.509529999999998,-122.65295,SONOMA,UNINCORPORATED,-122.6530858,38.510097299999998
90267417,2016,2016-09-14,9360,2016-05-28,0020,020731,,6,3,9,4900,0,3,5,,2,004,"DAVIS LN","E. RAILROAD AVE.",2640.00,S,N,A,-,N,,,,,,,,,,Y,1,1,0,2,A,-,01,23152,F,M,F,A,A,A,H,-,D,D,0,,,,,Y,Y,A,07,0,0,0,0,0,0,0,0,0,"- ","- ",38.307580000000002,-122.65213,SONOMA,UNINCORPORATED,-122.65165042,38.308083830000001
90271447,2016,2016-09-20,9360,2016-09-05,1425,016652,,1,2,9,4900,0,1,2,,2,020,"US-101 N/B","GEYSERVILLE AVE",150.00,N,N,A,-,Y,,,101,,,,,,N,Y,2,0,1,2,A,-,01,23152,A,N,B,C,A,A,H,-,A,D,0,,,,,Y,Y,A,01,1,0,0,0,0,0,0,0,0,"- ","- ",38.692419999999998,-122.88326000000001,SONOMA,UNINCORPORATED,-122.88334330000001,38.692347580000003
90279527,2016,2016-09-29,9360,2016-09-26,1007,013838,,1,1,9,4900,0,1,3,,1,041,"CALISTOGA ROAD","ALPINE RD",499.00,S,N,A,-,N,,,,,,,,,,Y,2,0,1,1,A,-,01,23152,,N,E,I,A,A,H,-,A,D,0,,,,,Y,Y,D,22,1,0,0,0,0,0,0,0,0,"- ","- ",38.51829,-122.65594,SONOMA,UNINCORPORATED,-122.65613894000001,38.51838128
90356062,2016,2016-12-28,9360,2016-12-19,0630,014455,,1,1,9,4900,0,2,4,,1,024,"MARKWEST RD. E/B","FOX HUNT LANE",241.00,E,N,B,-,N,,,,,,,,,,Y,2,0,1,1,A,-,03,22350,,N,F,A,A,C,H,-,C,D,0,,,,,Y,,A,01,1,0,0,0,0,0,0,0,0,"- ","- ",38.528640000000003,-122.72337,SONOMA,UNINCORPORATED,,
90358208,2016,2016-12-30,9360,2016-12-25,2000,021354,,7,2,9,4900,0,3,5,,2,003,"LAGUNA RD","VINE HILL RD",345.00,S,N,A,-,N,,,,,,,,,,Y,2,0,2,1,A,-,08,22107,,N,E,I,A,A,H,-,D,D,0,,,,,Y,,A,07,1,0,1,0,0,0,0,0,0,"- ","- ",38.480449999999998,-122.85111000000001,SONOMA,UNINCORPORATED,-122.85131631,38.4810509
90374848,2017,2017-03-07,9360,2017-01-15,1715,018859,,7,2,9,4900,0,1,3,,1,013,SR-116,"BROOKSIDE AVE",175.00,W,N,A,-,Y,,,116,,,,,,,Y,2,0,3,2,A,-,08,22107,,N,A,C,A,A,H,-,D,D,0,,,,,Y,,A,08,1,0,2,0,0,0,0,0,0,"- ","- ",38.50197,-123.00273,SONOMA,UNINCORPORATED,-123.00273007,38.501983559999999
90406514,2017,2017-03-06,9360,2017-02-24,2345,020386,,5,3,9,4900,0,3,5,,2,006,"CAZADERO HWY","HAHN RD",1056.00,N,N,B,-,N,,,,,,,,,,Y,2,0,1,1,A,-,08,22107,,N,F,A,A,A,H,-,D,D,0,,,,,Y,,A,01,1,0,0,0,0,0,0,0,0,"- ","- ",38.527320000000003,-123.08645,SONOMA,UNINCORPORATED,-123.08642347,38.528051740000002
90430554,2017,2017-04-10,9360,2017-03-22,1240,014455,,3,1,9,4900,0,2,4,,1,012,"DRY CREEK RD.","DUTCHER CREEK RD.",0.00,,Y,B,-,N,,,,,,,,,,Y,2,0,2,1,A,-,03,22350,,N,E,I,A,A,H,-,A,A,0,,,,,Y,,A,01,1,1,0,0,0,0,0,0,0,"- ","- ",38.712139999999998,-122.97641,SONOMA,UNINCORPORATED,-122.97627996,38.712229950000001
90447148,2017,2017-05-02,9325,2017-04-21,0320,020657,,5,3,9,4900,0,1,3,,1,052,SR-12,"WEST WATMAUGH ROAD",1000.00,E,N,A,-,Y,,,12,,,,,,,Y,2,0,1,1,A,-,01,23152,A,N,E,I,A,A,H,-,D,D,0,,,,,Y,Y,A,01,1,0,0,0,0,0,0,0,0,"- ","- ",38.262430000000002,-122.46211,SONOMA,UNINCORPORATED,-122.46207527999999,38.262464979999997
90458969,2016,2018-08-23,9360,2016-09-10,1110,016076,,6,1,9,4900,0,3,5,,2,003,"EASTSIDE RD","WINDSOR RIVER RD",1584.00,S,N,A,-,N,,,,,,,,,,Y,1,1,1,2,D,-,00,,,N,H,G,A,A,H,-,A,D,0,,Y,,,Y,,-,"- ",0,1,0,0,0,1,1,0,0,"- ","- ",38.542769999999997,-122.84622,SONOMA,UNINCORPORATED,-122.84621660000001,38.543179639999998
90472567,2017,2017-06-07,9360,2017-05-31,1905,020369,,3,2,9,4900,0,3,5,,2,001,"WESTSIDE RD","WOHLER RD",5808.00,W,N,A,-,N,,,,,,,,,,N,2,0,1,1,A,-,03,22350,,N,E,I,A,A,H,-,A,D,0,,,Y,,Y,Y,C,02,1,0,0,0,0,0,0,0,1,"- ","- ",38.505780000000001,-122.90116999999999,SONOMA,UNINCORPORATED,-122.90038701,38.5039272
90479166,2017,2017-06-15,9360,2017-06-11,1620,019218,,7,2,9,4900,0,1,2,,2,030,"US-101 N/B","AIRPORT BLVD",3301.00,N,N,A,-,Y,,,101,,,,,,N,Y,2,0,2,2,A,-,08,22107,,N,C,C,A,A,H,-,A,D,0,,,,,Y,,A,07,1,1,0,0,0,0,0,0,0,"- ","- ",38.51764,-122.78234,SONOMA,UNINCORPORATED,-122.78239600000001,38.517588230000001
90493461,2017,2017-07-04,9360,2017-06-25,2020,020905,,7,2,6,4905,0,1,3,,1,051,"SR-12 E/B","STONY POINT ROAD",4400.00,W,N,A,-,Y,,,12,,,,,,E,Y,2,0,4,1,A,-,01,23152,A,N,F,A,A,A,H,-,A,D,0,,,,,Y,Y,A,07,1,1,2,0,0,0,0,0,0,"- ","- ",38.428739999999998,-122.75727000000001,SONOMA,"SANTA ROSA",-122.75727563,38.428815550000003
90543512,2017,2017-09-08,9360,2017-09-03,0415,020779,,7,3,9,4900,0,2,4,,1,044,"OLD ADOBE RD","MANOR LN",390.00,S,N,A,-,N,,,,,,,,,,Y,2,0,1,1,A,-,01,23152,A,N,E,I,A,A,H,-,C,A,0,,,,,Y,Y,A,01,1,0,0,0,0,0,0,0,0,"- ","- ",38.255380000000002,-122.58490999999999,SONOMA,UNINCORPORATED,-122.5850173,38.255314140000003
90576107,2017,2018-03-13,9360,2017-10-11,2030,014998,,3,2,9,4900,0,2,4,,1,046,"BENNETT VALLEY RD","GRANGE RD",3168.00,W,N,F,-,N,,,,,,,,,,Y,2,0,1,3,B,-,22,,,N,C,C,A,A,H,-,D,D,0,,,Y,,Y,,J,43,1,0,0,0,0,0,0,0,1,"- ","- ",38.407339999999998,-122.64396000000001,SONOMA,UNINCORPORATED,-122.6429385,38.405841549999998
90599202,2017,2017-11-21,9360,2017-11-09,1800,020731,,4,2,9,4900,0,3,5,,2,005,"BLANK ROAD","BELMONT DR",237.00,S,N,B,-,N,,,,,,,,,,Y,2,0,1,1,A,-,08,22107,,N,F,J,A,A,H,-,D,D,0,,,,,Y,,A,01,1,0,0,0,0,0,0,0,0,"- ","- ",38.341230000000003,-122.75963,SONOMA,UNINCORPORATED,-122.75963,38.341298969999997
90615364,2017,2017-12-12,9350,2017-11-24,1855,021739,,5,2,9,4900,0,1,3,,2,137,"SR-37 E/B","LAKEVILLE HWY",5808.00,W,N,A,-,Y,,,37,,,,,,E,Y,2,0,2,2,A,-,05,21651,A,N,A,C,A,A,H,-,D,D,0,,,,,Y,Y,A,01,1,1,0,0,0,0,0,0,0,"- ","- ",38.124020000000002,-122.49285999999999,SONOMA,UNINCORPORATED,-122.49285144,38.124005859999997
90626759,2017,2017-12-26,9360,2017-12-17,0733,017693,,7,1,9,4900,0,2,4,,1,024,"CALISTOGA ROAD","HARVILLE RD",75.00,N,N,A,-,N,,,,,,,,,,Y,2,0,2,2,A,-,01,23152,A,N,A,C,A,A,H,-,A,D,0,,,,,Y,Y,A,01,2,0,0,0,0,0,0,0,0,"- ","- ",38.489669999999997,-122.66099,SONOMA,UNINCORPORATED,-122.66091186,38.489756290000003
90664377,2018,2018-02-20,9360,2018-02-10,2310,020225,,6,3,9,4900,0,3,5,,2,005,"MOORLAND AVE","TODD RD",700.00,N,N,A,-,N,,,,,,,,,,Y,2,0,2,1,A,-,01,23152,A,F,E,I,A,A,H,-,D,D,0,,,,,Y,Y,A,01,1,0,1,0,0,0,0,0,0,"- ","- ",38.389041900634766,-122.71858978271484,SONOMA,UNINCORPORATED,-122.71851348876953,38.389030456542969
90705798,2018,2018-04-16,9360,2018-04-05,2040,020839,,4,2,5,4908,0,1,2,,1,060,"US-101 N/B","CAULFIELD LN. O/C",1220.00,N,N,C,-,Y,,,101,,,,,,N,Y,2,0,1,1,A,-,01,23152,A,N,E,I,A,B,H,-,D,D,0,,,,,Y,Y,A,01,1,0,0,0,0,0,0,0,0,"- ","- ",38.240928649902344,-122.62156677246094,SONOMA,PETALUMA,-122.62169647216797,38.240867614746094
9073651,2020,2020-07-17,4908,2020-04-23,1725,3451,6,4,5,5,4908,0,0,0,,0,004,"SOUTHPOINT BL","NORTH MCDOWELL BL",1201.00,W,N,A,-,N,,,,,,,,,,Y,2,0,1,2,A,-,09,21801,A,N,D,C,A,A,H,-,A,D,0,,,Y,,Y,,A,01,1,0,0,0,0,0,0,0,1,"- ","- ",38.261310577392578,-122.64746856689453,SONOMA,PETALUMA,,
90741317,2018,2018-06-05,9360,2018-05-28,2300,020839,,1,3,9,4900,0,2,4,,1,024,"MARK WEST SPRINGS RD","WIKIUP BRIDGE WAY",300.00,E,N,A,-,N,,,,,,,,,,Y,2,0,1,1,A,-,01,23152,A,N,F,A,A,A,H,-,D,D,0,,,,,Y,Y,A,01,1,0,0,0,0,0,0,0,0,"- ","- ",38.503971099853516,-122.73445892333984,SONOMA,UNINCORPORATED,-122.73482513427734,38.503692626953125
90774068,2018,2018-07-23,9360,2018-07-13,1600,021314,,5,2,9,4900,0,1,2,,1,010,"US-101 S/B","CANYON ROAD",3150.00,S,N,A,-,Y,,,101,,,,,,S,Y,2,0,1,1,A,-,08,22107,,N,E,I,A,A,H,-,A,D,0,,,,,Y,,A,01,1,0,0,0,0,0,0,0,0,"- ","- ",38.706718444824219,-122.90902709960938,SONOMA,UNINCORPORATED,-122.90913391113281,38.706531524658203
90776784,2018,2018-07-26,9360,2018-07-12,1515,019083,,4,2,9,4900,0,3,5,,2,006,"WILLOW CREEK RD",SR-1,15840.00,E,N,A,-,N,,,,,,,,,,N,2,0,1,1,C,-,18,,,N,F,A,A,A,A,B,A,D,0,,Y,,,Y,,-,"- ",1,0,0,0,0,0,1,0,0,"- ","- ",38.426670074462891,-123.05697631835938,SONOMA,UNINCORPORATED,-123.06482696533203,38.430034637451172
90780747,2018,2018-07-31,9360,2018-07-17,2210,020326,,2,3,9,4900,0,3,5,,2,003,"MARTINELLI RD",SR-116,816.00,N,N,A,-,N,,,,,,,,,,Y,2,0,1,1,A,-,01,23152,A,N,E,I,A,A,H,-,D,D,0,,,,,Y,Y,A,01,1,0,0,0,0,0,0,0,0,"- ","- ",38.475341796875,-122.90657043457031,SONOMA,UNINCORPORATED,,
90798425,2018,2018-08-27,9360,2018-08-11,1540,020803,,6,2,9,4900,0,1,3,,1,061,SR-1,"KRUSE RANCH RD",4800.00,S,N,A,-,Y,,,1,,,,,,,Y,2,0,1,1,A,-,03,22350,,N,E,I,A,A,H,-,A,D,0,,,Y,,Y,,C,02,1,0,0,0,0,0,0,0,1,"- ","- ",38.583999633789062,-123.33753204345703,SONOMA,UNINCORPORATED,-123.3375244140625,38.583999633789062
90810996,2018,2018-09-12,9360,2018-09-02,1535,022062,,7,2,9,4900,0,2,4,,1,032,"RIVER ROAD","CANYON TWO RD.",3168.00,E,N,A,-,N,,,,,,,,,,Y,2,0,3,2,A,-,01,23152,A,N,D,C,A,A,H,-,A,D,0,,,,,Y,Y,A,01,1,2,0,0,0,0,0,0,0,"- ","- ",38.515518188476562,-122.96768951416016,SONOMA,UNINCORPORATED,-122.96862030029297,38.517139434814453
90811909,2018,2018-09-13,9360,2018-09-02,1007,019703,,7,1,9,4900,0,1,2,,2,020,"US-101 NORTHBOUND","HEALDSBURG AVE",1584.00,N,N,A,-,Y,,,101,,,,,,N,Y,2,0,2,2,A,-,03,22350,,N,C,C,A,A,H,-,A,D,0,,,Y,,Y,,C,02,2,0,0,0,0,0,0,0,2,"- ","- ",38.598190307617188,-122.85899353027344,SONOMA,UNINCORPORATED,-122.85900115966797,38.598175048828125
90819967,2018,2018-09-24,9360,2018-09-16,1759,022115,,7,2,9,4900,0,3,5,,2,002,"GEYSERVILLE AVE","BRADEN RD",950.00,N,N,A,-,N,,,,,,,,,,Y,2,0,1,1,A,-,03,22350,,N,F,A,A,A,H,-,A,D,0,,,,,Y,,A,07,1,0,0,0,0,0,0,0,0,"- ","- ",38.684101104736328,-122.87979125976562,SONOMA,UNINCORPORATED,,
90821826,2018,2018-09-26,9325,2018-09-17,0535,015350,,1,3,9,4900,0,1,3,,1,072,SR-121,"8TH STREET EAST",2640.00,N,N,A,-,Y,,,121,,,,,,,N,2,0,1,2,A,-,11,21956,A,N,G,B,E,A,H,-,D,A,0,Y,,,,Y,,N,60,1,0,0,0,1,0,0,0,0,"- ","- ",38.246200561523438,-122.43119049072266,SONOMA,UNINCORPORATED,-122.43119049072266,38.246238708496094
90825582,2018,2018-10-01,9360,2018-09-23,0415,020740,,7,3,4,4904,0,3,5,,2,004,"SONOMA MOUNTAIN ROAD","BATTASSO COURT",450.00,N,N,A,-,N,,,,,,,,,,Y,2,0,2,1,A,-,08,22107,,N,F,I,A,A,H,-,D,D,0,,,Y,,Y,,C,02,1,1,0,0,0,0,0,0,2,"- ","- ",38.381149291992188,-122.62928009033203,SONOMA,"ROHNERT PARK",-122.62925720214844,38.381210327148438
90835803,2018,2018-10-15,9360,2018-10-06,1210,020038,,6,1,9,4900,0,3,5,,2,001,"HAUSER BRIDGE RD","TIN BARN RD",5808.00,W,N,A,-,N,,,,,,,,,,N,2,0,1,1,A,-,03,22350,,N,F,A,A,A,H,-,A,D,0,,Y,,,Y,,L,04,1,0,0,0,0,0,1,0,0,"- ","- ",38.602859497070312,-123.28565979003906,SONOMA,UNINCORPORATED,-123.2806396484375,38.610530853271484
90835817,2018,2018-10-15,9360,2018-10-06,1258,021896,,6,1,9,4900,0,3,5,,2,006,"MEYERS GRADE RD",SR-1,8448.00,E,N,A,-,N,,,,,,,,,,Y,2,0,1,1,A,-,08,22107,,N,H,A,A,A,H,-,A,D,0,,Y,,,Y,,L,04,1,0,0,0,0,0,1,0,0,"- ","- ",38.494861602783203,-122.18048858642578,SONOMA,UNINCORPORATED,-123.16345977783203,38.479118347167969
90838556,2018,2018-10-18,9360,2018-10-05,1100,017693,,5,1,9,4900,0,2,4,,1,042,"PETALUMA HILL ROAD","WARRINGTON RD",0.00,,Y,A,-,N,,,,,,,,,,N,2,0,1,2,A,-,11,21950,B,N,D,B,D,A,H,-,A,D,0,Y,,,Y,Y,,N,60,1,0,0,0,1,0,0,0,0,"- ","- ",38.380550384521484,-122.68343353271484,SONOMA,UNINCORPORATED,-122.68337249755859,38.380531311035156
90841505,2018,2018-10-22,9360,2018-10-13,1100,015812,,6,1,9,4900,0,3,5,,2,002,"CHALK HILL ROAD","THOMAS ROAD",5280.00,S,N,A,-,N,,,,,,,,,,N,2,0,1,1,A,-,08,22107,,N,F,A,A,A,H,-,A,D,0,,Y,,,Y,,L,04,1,0,0,0,0,0,1,0,0,"- ","- ",38.600479125976562,-122.77765655517578,SONOMA,UNINCORPORATED,-122.77773284912109,38.600738525390625
90847505,2018,2018-10-29,9360,2018-10-22,0815,015187,,1,1,6,4905,0,1,2,,2,040,"US-101 S/B",SR-12,1056.00,N,N,B,-,Y,,,101,,,,,,S,Y,2,0,2,4,A,-,03,22350,,N,C,C,A,A,H,-,A,D,0,,,,,Y,,A,01,1,0,1,0,0,0,0,0,0,"- ","- ",38.433418273925781,-122.71633911132812,SONOMA,"SANTA ROSA",-122.71640014648438,38.433399200439453
90852760,2018,2018-11-05,9360,2018-10-27,1942,022063,,6,2,6,4905,0,1,2,,2,040,"US-101 S/B","TODD ROAD OVERCROSSING",1491.00,N,N,A,-,Y,,,,,,,,,,Y,2,0,1,1,A,-,01,23152,F,N,E,I,A,A,H,-,C,D,0,,,,,Y,,A,01,1,0,0,0,0,0,0,0,0,"- ","- ",38.390331268310547,-122.71624755859375,SONOMA,"SANTA ROSA",-122.71627044677734,38.390354156494141
90853807,2018,2018-11-06,9360,2018-10-25,0655,013838,,4,1,9,4900,0,1,3,,1,041,"#6809 BENNETT VALLEY ROAD","GARDNER RANCH ROAD",40.00,W,N,A,-,N,,,,,,,,,,Y,2,0,1,1,A,-,08,22107,,N,E,I,A,A,H,-,A,D,0,,,,,Y,,A,07,1,0,0,0,0,0,0,0,0,"- ","- ",38.392448425292969,-122.60617828369141,SONOMA,UNINCORPORATED,,
90866558,2018,2018-11-26,9360,2018-11-18,0645,022146,,7,1,9,4900,0,1,2,,2,050,"US 101 N/B","TODD RD.",2112.00,S,N,A,-,Y,,,,,,,,,,Y,2,0,1,1,A,-,08,22107,,N,E,I,A,A,H,-,A,D,0,,,,,Y,,A,01,1,0,0,0,0,0,0,0,0,"- ","- ",38.382949829101562,-122.71958160400391,SONOMA,UNINCORPORATED,-122.71614074707031,38.380458831787109