CASE_ID,ACCIDENT_YEAR,PROC_DATE,JURIS,COLLISION_DATE,COLLISION_TIME,OFFICER_ID,REPORTING_DISTRICT,DAY_OF_WEEK,CHP_SHIFT,POPULATION,CNTY_CITY_LOC,SPECIAL_COND,BEAT_TYPE,CHP_BEAT_TYPE,CITY_DIVISION_LAPD,CHP_BEAT_CLASS,BEAT_NUMBER,PRIMARY_RD,SECONDARY_RD,DISTANCE,DIRECTION,INTERSECTION,WEATHER_1,WEATHER_2,STATE_HWY_IND,CALTRANS_COUNTY,CALTRANS_DISTRICT,STATE_ROUTE,ROUTE_SUFFIX,POSTMILE_PREFIX,POSTMILE,LOCATION_TYPE,RAMP_INTERSECTION,SIDE_OF_HWY,TOW_AWAY,COLLISION_SEVERITY,NUMBER_KILLED,NUMBER_INJURED,PARTY_COUNT,PRIMARY_COLL_FACTOR,PCF_CODE_OF_VIOL,PCF_VIOL_CATEGORY,PCF_VIOLATION,PCF_VIOL_SUBSECTION,HIT_AND_RUN,TYPE_OF_COLLISION,MVIW,PED_ACTION,ROAD_SURFACE,ROAD_COND_1,ROAD_COND_2,LIGHTING,CONTROL_DEVICE,CHP_ROAD_TYPE,PEDESTRIAN_ACCIDENT,BICYCLE_ACCIDENT,MOTORCYCLE_ACCIDENT,TRUCK_ACCIDENT,NOT_PRIVATE_PROPERTY,ALCOHOL_INVOLVED,STWD_VEHTYPE_AT_FAULT,CHP_VEHTYPE_AT_FAULT,COUNT_SEVERE_INJ,COUNT_VISIBLE_INJ,COUNT_COMPLAINT_PAIN,COUNT_PED_KILLED,COUNT_PED_INJURED,COUNT_BICYCLIST_KILLED,COUNT_BICYCLIST_INJURED,COUNT_MC_KILLED,COUNT_MC_INJURED,PRIMARY_RAMP,SECONDARY_RAMP,LATITUDE,LONGITUDE,COUNTY,CITY,POINT_X,POINT_Y
90868272,2018,2018-11-27,9360,2018-11-14,1320,019794,,3,1,9,4900,0,2,4,,1,024,"MARK WEST SPRINGS RD","URSULINE RD",75.00,E,N,A,-,N,,,,,,,,,,Y,2,0,2,4,A,-,01,23152,A,N,C,C,A,A,H,-,A,A,0,,,,,Y,Y,D,22,1,0,1,0,0,0,0,0,0,"- ","- ",38.500308990478516,-122.74038696289062,SONOMA,UNINCORPORATED,-122.74057769775391,38.500175476074219
90877962,2018,2018-12-07,9360,2018-11-13,1319,011631,,2,1,9,4900,0,1,2,,1,060,"BODEGA AVENUE (4400 BLOCK)","SKILLMAN LANE",1637.00,E,N,A,-,N,,,,,,,,,,Y,2,0,1,1,A,-,01,23152,A,N,E,I,A,A,H,-,A,D,0,,,,,Y,Y,A,07,1,0,0,0,0,0,0,0,0,"- ","- ",38.251960754394531,-122.69908905029297,SONOMA,UNINCORPORATED,-122.69870758056641,38.251766204833984
90898746,2018,2019-01-07,9360,2018-06-06,0215,021314,,3,3,9,4900,0,1,2,,2,020,"US-101 N/B","DRY CREEK ROAD",1574.00,N,N,A,-,Y,,,101,,,,,,N,Y,1,1,1,2,A,-,03,22350,,N,C,C,A,A,D,-,D,D,0,,,,Y,Y,,A,07,1,0,0,0,0,0,0,0,0,"- ","- ",38.630661010742188,-122.87785339355469,SONOMA,UNINCORPORATED,-122.87782287597656,38.630657196044922
90900108,2018,2019-01-08,9360,2018-10-01,1120,013440,,1,1,9,4900,0,2,4,,1,054,"VALLEY FORD RD","WALKER RD",0.00,,Y,A,-,N,,,,,,,,,,Y,1,2,1,2,A,-,09,21801,A,N,A,C,A,A,H,-,A,D,0,,,,,Y,,A,07,1,0,0,0,0,0,0,0,0,"- ","- ",38.287601470947266,-122.80126953125,SONOMA,UNINCORPORATED,-122.80126953125,38.287601470947266
90919359,2018,2019-02-05,9360,2018-11-04,0828,022146,,7,1,9,4900,0,3,5,,2,001,"EASTSIDE RD","WINDSOR RIVER RD",8448.00,S,N,A,-,N,,,,,,,,,,Y,1,1,0,1,A,-,03,22350,,N,E,I,A,A,H,-,A,D,0,,,,,Y,,A,01,0,0,0,0,0,0,0,0,0,"- ","- ",38.523830413818359,-122.84816741943359,SONOMA,UNINCORPORATED,-122.84780883789062,38.524745941162109
90943430,2019,2019-03-11,9360,2019-03-03,0045,020831,,7,3,9,4900,0,3,5,,2,003,"TRENTON-HEALDSBURG RD","RIVER ROAD",890.00,N,N,C,-,N,,,,,,,,,,Y,2,0,1,1,A,-,01,23152,A,N,F,A,A,B,H,-,D,D,0,,,,,Y,Y,D,22,1,0,0,0,0,0,0,0,0,"- ","- ",38.490589141845703,-122.85569000244141,SONOMA,UNINCORPORATED,-122.85575103759766,38.490520477294922
90958389,2019,2019-04-01,9360,2019-03-24,1330,022113,,7,1,9,4900,0,2,4,,1,032,"RIVER ROAD","FULTON ROAD",0.00,,Y,A,-,N,,,,,,,,,,Y,2,0,1,2,A,-,12,21453,A,N,D,C,A,A,H,-,A,A,0,,,,,Y,,A,07,1,0,0,0,0,0,0,0,0,"- ","- ",38.496589660644531,-122.77011871337891,SONOMA,UNINCORPORATED,-122.77008819580078,38.496528625488281
90960793,2018,2019-04-04,9360,2018-12-26,0000,021614,,3,3,9,4900,0,1,3,,1,021,SR-128,"FRANZ VALLEY RD",3696.00,E,N,A,-,Y,,,128,,,,,,,Y,1,1,0,1,A,-,01,23152,A,N,E,I,A,A,H,-,D,D,0,,,,,Y,Y,A,01,0,0,0,0,0,0,0,0,0,"- ","- ",38.625,-122.6636962890625,SONOMA,UNINCORPORATED,-122.66378784179688,38.624980926513672
90978012,2019,2019-04-29,9325,2019-04-09,0810,015786,,2,1,9,4900,0,3,5,,2,006,"SOLANO AVE","CARRIGER ROAD",600.00,E,N,A,-,N,,,,,,,,,,N,2,0,1,1,A,-,03,22350,,N,F,I,A,A,H,-,A,D,0,,Y,,,Y,,L,04,1,0,0,0,0,0,1,0,0,"- ","- ",38.290939331054688,-122.50153350830078,SONOMA,UNINCORPORATED,-122.50093841552734,38.290992736816406
90996696,2019,2019-05-28,9360,2019-05-19,1610,022146,,7,2,9,4900,0,2,4,,1,046,"BENNETT VALLEY RD","CARRITHERS RD",2640.00,W,N,C,-,N,,,,,,,,,,Y,2,0,1,1,A,-,03,22350,,N,E,I,A,B,H,-,A,D,0,,,,,Y,,A,01,1,0,0,0,0,0,0,0,0,"- ","- ",38.412300109863281,-122.65045166015625,SONOMA,UNINCORPORATED,-122.650452,38.412300000000002
91028958,2019,2019-07-11,9360,2019-07-07,1215,022333,,7,1,9,4900,0,3,5,,2,004,"WOODWARD AVE","OAK ST",185.00,W,N,A,-,N,,,,,,,,,,Y,2,0,1,1,A,-,08,22107,,N,F,A,A,A,H,-,A,D,0,,,,,Y,,M,57,1,0,0,0,0,0,0,0,0,"- ","- ",38.297191619873047,-122.66590118408203,SONOMA,UNINCORPORATED,-122.66583251953125,38.297191619873047
91031787,2019,2019-07-16,9360,2019-02-05,0030,021904,,2,3,9,4900,0,3,5,,2,002,"RIVER ROAD","CEDAR LANE",43.00,E,N,B,C,N,,,,,,,,,,Y,1,1,1,1,A,-,01,23152,A,N,E,I,A,B,H,-,D,D,0,,,,,Y,Y,A,07,0,1,0,0,0,0,0,0,0,"- ","- ",38.775291442871094,-122.97345733642578,SONOMA,UNINCORPORATED,-122.97349548339844,38.775238037109375
9104080,2020,2020-11-20,4905,2020-04-01,1038,SR347,10601,3,5,6,4905,0,0,0,,0,001,"COLLEGE AV","RT 101",0.00,,Y,A,-,Y,SON,4,101,-,-,20.619,R,4,N,Y,2,0,2,2,A,-,12,21453,A,N,D,C,A,A,H,-,A,A,0,,,,,Y,,A,01,1,1,0,0,0,0,0,0,0,"- ","- ",,,SONOMA,"SANTA ROSA",-122.72257232666016,38.444019317626953
9105358,2020,2020-10-31,4908,2020-05-26,1519,3418,13,2,5,5,4908,0,0,0,,0,001,"SOUTH MCDOWELL BL","CAULFIELD LN",0.00,,Y,A,-,N,,,,,,,,,,Y,2,0,1,2,A,-,11,21461,5,N,G,B,B,A,H,-,A,A,0,Y,,,,Y,,N,60,1,0,0,0,1,0,0,0,0,"- ","- ",38.243160247802734,-122.61512756347656,SONOMA,PETALUMA,-122.61515045166016,38.243171691894531
91054319,2019,2019-08-19,9360,2019-08-09,1615,021437,,5,2,9,4900,0,3,5,,2,001,"ANNAPOLIS RD","LITTLE CREEK RD",940.00,E,N,A,-,N,,,,,,,,,,Y,2,0,1,1,A,-,01,23152,G,N,E,I,A,A,H,-,A,D,0,,,,,Y,Y,D,22,1,0,0,0,0,0,0,0,0,"- ","- ",38.723011016845703,-123.37584686279297,SONOMA,UNINCORPORATED,-123.37609100341797,38.723018646240234
91070170,2019,2019-09-09,9360,2019-09-02,0650,019794,,1,1,9,4900,0,3,5,,2,003,"WINDSOR RIVER RD","EASTSIDE RD",375.00,E,N,B,-,N,,,,,,,,,,Y,2,0,1,1,A,-,08,22107,,N,E,I,A,A,H,-,A,D,0,,,,,Y,,A,01,1,0,0,0,0,0,0,0,0,"- ","- ",38.548091888427734,-122.8409423828125,SONOMA,UNINCORPORATED,-122.84485626220703,38.547672271728516
91094395,2019,2019-10-10,9360,2019-10-08,0100,022115,,2,3,9,4900,0,2,4,,1,032,"RIVER ROAD","TRENTON-HEALDSBURG RD",1584.00,W,N,A,-,N,,,,,,,,,,Y,2,0,1,1,A,-,03,22350,,N,E,H,A,A,H,-,D,D,0,,,,,Y,,A,01,1,0,0,0,0,0,0,0,0,"- ","- ",38.489021301269531,-122.86173248291016,SONOMA,UNINCORPORATED,-122.86045837402344,38.489028930664062
91096182,2019,2019-10-14,9360,2019-09-30,1825,022323,,1,2,9,4900,0,1,2,,2,050,"US-101 SOUTHBOUND","PETALUMA BLVDN",1056.00,N,N,A,-,Y,,,,,,,,,,Y,2,0,2,1,A,-,01,23152,A,N,E,I,A,A,H,-,A,D,0,,,,,Y,Y,A,01,2,0,0,0,0,0,0,0,0,"- ","- ",38.274089813232422,-122.67262268066406,SONOMA,UNINCORPORATED,,
91109468,2019,2019-12-11,9360,2019-10-22,0005,021989,,2,3,9,4900,0,2,4,,1,042,"PETALUMA HILL RD","CRANE CANYON RD",0.00,,Y,A,-,N,,,,,,,,,,Y,2,0,1,2,A,-,08,22107,,N,D,G,A,A,H,-,C,A,0,,Y,,,Y,,L,04,1,0,0,0,0,0,1,0,0,"- ","- ",38.365039825439453,-122.66705322265625,SONOMA,UNINCORPORATED,-122.66703796386719,38.365219116210938
91130535,2019,2019-11-27,9325,2019-10-31,1854,021385,,4,2,9,4900,0,3,5,,2,006,"RIVERSIDE DR","CHERRY AVENUE",81.00,N,N,A,-,N,,,,,,,,,,Y,2,0,3,4,A,-,08,22107,,F,E,I,E,A,H,-,C,D,0,Y,,,,Y,,A,07,1,2,0,0,2,0,0,0,0,"- ","- ",38.310749053955078,-122.48706817626953,SONOMA,UNINCORPORATED,-122.48705291748047,38.310680389404297
91159696,2019,2020-01-06,9360,2019-12-27,1758,021314,,5,2,9,4900,0,3,5,,2,005,"TAYLOR AVE","MILLBRAE AVE",0.00,,Y,A,-,N,,,,,,,,,,Y,2,0,2,2,A,-,12,22450,A,N,D,C,A,A,H,-,D,A,0,,,Y,,Y,,C,02,1,1,0,0,0,0,0,0,1,"- ","- ",38.369461059570312,-122.74498748779297,SONOMA,UNINCORPORATED,-122.74495697021484,38.369430541992188
91189514,2020,2020-02-19,9360,2020-02-13,0810,015187,,4,1,9,4900,0,2,4,,1,042,"PETALUMA HILL RD.","ALAN DR.",133.00,S,N,B,-,N,,,,,,,,,,Y,2,0,2,3,A,-,05,21460,A,N,B,C,A,A,H,-,A,D,0,,,,,Y,,A,01,1,0,1,0,0,0,0,0,0,"- ","- ",38.325790405273438,-122.66674041748047,SONOMA,UNINCORPORATED,-122.66670989990234,38.325855255126953
91200308,2020,2020-03-03,9360,2020-02-22,1218,19366,,6,1,6,4905,0,1,2,,2,030,"US-101 N/B","BICENTENNIAL WAY",1830.00,S,N,A,-,Y,,,101,,,,,,N,Y,2,0,3,2,A,-,07,21658,A,N,B,C,A,A,H,-,A,D,0,,,,,Y,,A,01,1,1,1,0,0,0,0,0,0,"- ","- ",38.465629577636719,-122.72714996337891,SONOMA,"SANTA ROSA",-122.72716522216797,38.465625762939453
91214812,2020,2020-03-24,9360,2020-01-29,1414,021187,,3,2,9,4900,0,2,4,,1,054,"BODEGA AVE","MIDDLE TWO ROCK RD",2600.00,E,N,A,-,N,,,,,,,,,,Y,1,1,1,1,A,-,08,22107,,N,E,I,A,A,H,-,A,D,0,,,,,Y,,A,01,1,0,0,0,0,0,0,0,0,"- ","- ",38.264560699462891,-122.74275207519531,SONOMA,UNINCORPORATED,-122.74304962158203,38.264602661132812
91224539,2020,2020-04-13,9360,2020-04-06,2252,020740,,1,3,6,4905,0,1,2,,2,040,"US-101 SOUTHBOUND","TODD ROAD",2667.00,N,N,B,-,Y,,,101,,,,,,S,Y,2,0,2,3,C,-,18,,,N,D,C,E,A,H,-,D,D,0,Y,,,,Y,,-,"- ",1,1,0,0,1,0,0,0,0,"- ","- ",38.400211334228516,-122.71623229980469,SONOMA,"SANTA ROSA",-122.71622467041016,38.400211334228516
91228023,2020,2020-04-21,9360,2020-02-04,0025,021989,,2,3,6,4905,0,1,2,,2,030,"BICENTENNIAL OFF-RAMP FROM  US-101 N/B","BICENTENNIAL WAY O/C",865.00,S,N,A,-,Y,,,,,,,,,,Y,1,1,0,2,A,-,08,22107,,N,C,E,A,A,H,-,C,D,0,,,,Y,Y,,A,01,0,0,0,0,0,0,0,0,0,"- ","- ",38.46820068359375,-122.72801971435547,SONOMA,"SANTA ROSA",,
91251644,2020,2020-06-15,9360,2020-06-04,1635,016223,,4,2,9,4900,0,2,4,,1,032,"RIVER RD","FOREST HILLS RD",180.00,W,N,A,-,N,,,,,,,,,,N,2,0,1,2,A,-,03,22350,,N,G,B,E,A,H,-,A,D,0,Y,,,,Y,,D,22,1,0,0,0,1,0,0,0,0,"- ","- ",38.508769989013672,-122.92671966552734,SONOMA,UNINCORPORATED,-122.92581176757812,38.508853912353516
91271898,2020,2020-07-21,9360,2020-07-12,0845,020092,,7,1,9,4900,0,3,5,,2,004,"WARRINGTON RD","PETALUMA HILL RD",2640.00,E,N,A,-,N,,,,,,,,,,N,2,0,1,2,A,-,03,22350,,N,B,G,A,A,H,-,A,D,0,,Y,,,Y,,L,04,1,0,0,0,0,0,1,0,0,"- ","- ",38.383651733398438,-122.67945098876953,SONOMA,UNINCORPORATED,-122.67936706542969,38.383682250976562
91273766,2020,2020-07-24,9360,2020-07-18,1420,022371,,6,2,9,4900,0,2,4,,1,032,"RIVER RD","OLIVET RD",2112.00,E,N,A,-,N,,,,,,,,,,Y,2,0,1,2,A,-,05,21650,,N,B,C,A,A,H,-,A,D,0,,,,,Y,,A,01,1,0,0,0,0,0,0,0,0,"- ","- ",38.387111663818359,-122.81009674072266,SONOMA,UNINCORPORATED,-122.81301879882812,38.486019134521484
91285000,2020,2020-08-12,9360,2020-08-06,1110,016652,,4,1,5,4908,0,1,2,,1,060,"US-101 N/B","E. WASHINGTON ST.",2006.00,N,N,A,-,Y,,,101,,,,,,N,Y,2,0,1,4,A,-,03,22350,,N,C,C,A,A,D,-,A,D,0,,,,,Y,,A,07,1,0,0,0,0,0,0,0,0,"- ","- ",38.249900817871094,-122.63385009765625,SONOMA,PETALUMA,-122.63375854492188,38.250080108642578
91286252,2020,2020-08-14,9360,2020-08-02,1200,021326,,7,1,9,4900,0,3,5,,2,003,"WOOD RD","WOOLSEY RD",0.00,,Y,A,-,N,,,,,,,,,,N,2,0,1,1,A,-,08,22107,,N,H,A,A,A,H,-,A,D,0,,Y,,,Y,,L,04,1,0,0,0,0,0,1,0,0,"- ","- ",38.487281799316406,-122.78955078125,SONOMA,UNINCORPORATED,-122.78942108154297,38.487358093261719
91303006,2020,2020-09-11,9360,2020-09-01,0720,015812,,2,1,9,4900,0,3,5,,2,004,"EAST RAILROAD AVENUE","WILLOW AVENUE",90.00,E,N,B,-,N,,,,,,,,,,Y,2,0,1,1,A,-,03,22350,,N,F,A,A,A,H,-,A,A,0,,,Y,,Y,,C,02,1,0,0,0,0,0,0,0,1,"- ","- ",38.3143310546875,-122.6846923828125,SONOMA,UNINCORPORATED,-122.68480682373047,38.314327239990234
91303654,2020,2020-09-14,9360,2020-09-05,1245,020803,,6,1,9,4900,0,1,3,,1,061,SR-1,"FORT ROSS ROAD",7075.00,N,N,A,-,Y,,,1,,,,,,,Y,2,0,1,1,A,-,08,22107,,N,F,I,A,A,H,-,A,D,0,,,Y,,Y,,C,02,1,0,0,0,0,0,0,0,1,"- ","- ",38.524559020996094,-123.26461029052734,SONOMA,UNINCORPORATED,-123.26463317871094,38.52459716796875
91308765,2020,2020-09-22,9360,2020-09-18,2015,022323,,5,2,3,4980,0,1,2,,2,030,"NB US-101","SHILOH ROAD",898.00,N,N,A,-,Y,,,101,,,,,,,Y,2,0,1,1,A,-,01,23152,A,N,E,I,A,A,H,-,D,D,0,,,,,Y,Y,D,22,1,0,0,0,0,0,0,0,0,"- ","- ",38.527931213378906,-122.79196166992188,SONOMA,WINDSOR,-122.79190826416016,38.527980804443359
91333658,2020,2020-10-29,9325,2020-07-22,0515,021605,,3,3,9,4900,0,2,4,,1,055,"NAPA ROAD","DAVITTO RD",1584.00,W,N,A,-,N,,,,,,,,,,Y,1,1,0,1,C,-,18,,,N,E,I,A,A,H,-,D,D,0,,,,,Y,,-,"- ",0,0,0,0,0,0,0,0,0,"- ","- ",38.265830993652344,-122.40956115722656,SONOMA,UNINCORPORATED,-122.409284,38.266050999999997
91339973,2020,2020-11-05,9360,2020-10-28,0025,020828,,3,3,9,4900,0,1,3,,1,041,"SR-12 (SONOMA HIGHWAY)","KUNDE DR.",1214.00,W,N,A,-,Y,,,12,,,,,,,Y,2,0,1,1,A,-,01,23152,A,N,E,I,A,A,H,-,D,D,0,,,,,Y,Y,A,07,1,0,0,0,0,0,0,0,0,"- ","- ",38.3980712890625,-122.53662872314453,SONOMA,UNINCORPORATED,-122.53668212890625,38.39801025390625
91350524,2020,2021-02-03,9360,2020-11-02,1148,016524,,1,1,9,4900,0,1,3,,1,051,SR-12,"MERCED AVE",448.00,E,N,A,-,Y,,,12,,,,,,,Y,1,1,2,2,A,-,01,23152,F,N,A,C,A,A,H,-,A,D,0,,,,,Y,,A,01,0,2,0,0,0,0,0,0,0,"- ","- ",38.421981811523438,-122.77719879150391,SONOMA,UNINCORPORATED,-122.77720642089844,38.421989440917969
91356263,2020,2020-12-01,9360,2020-10-24,0509,019092,,6,3,2,4902,0,1,2,,2,050,"US-101 S/B FROM SR-116(GRAVENSTEIN HWY)","SR-116 W/B",112.00,S,N,E,-,Y,,,101,,,,R,,S,Y,2,0,2,1,A,-,01,23152,F,N,E,I,A,A,H,-,C,D,0,,,,,Y,,A,01,2,0,0,0,0,0,0,0,0,"- ","- ",38.331020355224609,-122.71365356445312,SONOMA,COTATI,-122.71365356445312,38.331020355224609
91393038,2021,2021-01-25,9350,2021-01-18,1813,022577,,1,2,9,4900,0,1,3,,2,237,"SR-37 EASTBOUND","NOBLE RD",119.00,W,N,A,-,Y,,,37,,,,,,E,Y,2,0,2,2,A,-,03,22350,,N,C,C,A,A,H,-,D,D,0,,,,,Y,,A,01,1,1,0,0,0,0,0,0,0,"- ","- ",38.154788970947266,-122.42273712158203,SONOMA,UNINCORPORATED,-122.42273712158203,38.154781341552734
91401411,2021,2021-02-03,9360,2021-01-22,0658,019366,,5,1,9,4900,0,2,4,,1,032,"RIVER ROAD","MCPEAK RD",439.00,E,N,B,C,N,,,,,,,,,,Y,2,0,2,2,A,-,03,22350,,N,D,C,A,B,H,-,B,D,0,,,,,Y,,D,22,2,0,0,0,0,0,0,0,0,"- ","- ",,,SONOMA,UNINCORPORATED,-122.95925903320312,38.505748748779297
91482710,2021,2021-05-27,9360,2021-05-16,0001,021989,,7,3,9,4900,0,1,2,,2,030,"US-101 SOUTHBOUND","RIVER RD",563.00,N,N,A,-,Y,,,101,,,,,,S,Y,2,0,1,2,A,-,03,22350,,N,C,C,A,A,H,-,C,D,0,,,Y,,Y,,C,02,1,0,0,0,0,0,0,0,1,"- ","- ",38.498550415039062,-122.75968933105469,SONOMA,UNINCORPORATED,-122.75971984863281,38.498508453369141
9149355,2020,2020-11-13,4908,2020-09-08,1019,1944,9,2,5,5,4908,0,0,0,,0,004,"NORTH MCDOWELL BL","SOUTHPOINT BL",1206.00,N,N,A,-,N,,,,,,,,,,Y,2,0,1,1,B,-,22,,,N,F,A,A,A,H,-,A,D,0,,Y,,,Y,,L,04,1,0,0,0,0,0,1,0,0,"- ","- ",38.261089324951172,-122.64759826660156,SONOMA,PETALUMA,-122.650882,38.263227000000001
91494871,2021,2021-06-11,9360,2021-06-06,1800,021456,,7,2,9,4900,0,2,4,,1,046,"BENNETT VALLEY ROAD","GRANGE ROAD",1056.00,E,N,A,-,N,,,,,,,,,,Y,2,0,2,1,C,-,18,,,N,E,H,A,A,H,-,A,D,0,,,Y,,Y,,-,"- ",1,1,0,0,0,0,0,0,2,"- ","- ",38.397800445556641,-122.63272094726562,SONOMA,UNINCORPORATED,-122.63356018066406,38.397838592529297
91499117,2021,2021-06-17,9360,2021-06-06,0425,021989,,7,3,6,4905,0,1,2,,2,030,"US-101 NB","MENDOCINO AVE.",800.00,N,N,A,-,Y,,,101,,,,,,N,Y,2,0,3,1,A,-,08,22107,,N,E,8,A,A,H,-,C,D,0,,,,,Y,,A,01,1,1,1,0,0,0,0,0,0,"- ","- ",38.480499267578125,-122.73403167724609,SONOMA,"SANTA ROSA",-122.73410034179688,38.480426788330078
91521114,2021,2021-07-15,9360,2021-07-08,1210,016652,,4,1,9,4900,0,3,5,,2,002,"CANYON RD","US-101 S/B",111.00,W,N,A,-,Y,,,,,,,,,,Y,2,0,5,2,A,-,01,23153,F,N,D,C,A,A,H,-,A,A,0,,,,,Y,,D,22,1,4,0,0,0,0,0,0,0,"- ","- ",38.713329315185547,-122.91967010498047,SONOMA,UNINCORPORATED,-122.9195556640625,38.713386535644531
91546892,2021,2021-08-19,9360,2021-04-05,1730,019359,,1,2,9,4900,0,1,2,,1,010,"US-101 N/B","SOUTH CLOVERDALE BLVD",1100.00,S,N,A,-,Y,,,101,,,,,,N,Y,1,1,0,1,A,-,08,22107,,N,E,I,A,A,H,-,A,D,0,,,,,Y,,A,01,0,0,0,0,0,0,0,0,0,"- ","- ",38.779518127441406,-123.00675964355469,SONOMA,UNINCORPORATED,-123.0068359375,38.779453277587891
91563358,2021,2021-09-06,9360,2021-08-21,2140,017761,,6,2,6,4905,0,3,5,,2,001,"MOORLAND AVENUE","TODD ROAD",587.00,N,N,B,-,N,,,,,,,,,,Y,2,0,1,1,A,-,01,23152,A,N,E,I,A,A,H,-,C,D,0,,,,,Y,Y,A,01,1,0,0,0,0,0,0,0,0,"- ","- ",38.388969421386719,-122.71859741210938,SONOMA,"SANTA ROSA",-122.71852111816406,38.388721466064453
91566074,2021,2021-10-06,9360,2021-08-14,2330,021458,,6,3,9,4900,0,3,5,,2,005,"CLOUD LN","KASTANIA RD",8976.00,S,N,A,-,N,,,,,,,,,,Y,2,0,2,2,A,-,03,22350,,N,D,E,A,A,H,-,D,D,0,,,,,Y,,A,01,2,0,0,0,0,0,0,0,0,"- ","- ",38.19866943359375,-122.60002899169922,SONOMA,UNINCORPORATED,-122.60008239746094,38.198760986328125
91568771,2021,2021-09-13,9360,2021-08-27,1607,021195,,5,2,9,4900,0,2,4,,1,038,"BODEGA HIGHWAY","BOHEMIAN HWY",4224.00,W,N,A,-,N,,,,,,,,,,Y,2,0,8,2,A,-,01,23153,A,N,A,C,A,A,H,-,A,D,0,,,,,Y,Y,A,01,4,4,0,0,0,0,0,0,0,"- ","- ",38.362339019775391,-122.91481781005859,SONOMA,UNINCORPORATED,-122.91477203369141,38.362503051757812
91573272,2021,2021-09-17,9325,2021-09-04,1109,021969,,6,1,9,4900,0,1,3,,1,053,SR-116,"WATMAUGH RD",1320.00,W,N,A,-,Y,,,116,,,,,,,Y,2,0,4,3,A,-,03,22350,,N,C,C,A,A,H,-,A,D,0,,,,,Y,,A,07,1,1,2,0,0,0,0,0,0,"- ","- ",38.250850677490234,-122.49369812011719,SONOMA,UNINCORPORATED,-122.49369812011719,38.250846862792969
91592639,2021,2021-10-11,9360,2021-08-16,2500,015187,,1,4,9,4900,0,3,5,,2,002,"LOS AMIGOS RD.","LIMERICK LN.",528.00,S,N,A,-,N,,,,,,,,,,Y,1,1,0,1,A,-,08,22107,,N,E,I,A,A,H,-,D,D,0,,,,,Y,,D,22,0,0,0,0,0,0,0,0,0,"- ","- ",38.586238861083984,-122.84259796142578,SONOMA,UNINCORPORATED,-122.84253692626953,38.586250305175781
91606194,2021,2021-10-26,9360,2021-10-07,1155,019366,,4,1,9,4900,0,2,4,,1,032,"RIVER ROAD","ODD FELLOWS PARK ROAD",2112.00,W,N,A,-,N,,,,,,,,,,Y,1,1,5,2,A,-,08,22107,,N,A,C,A,A,H,-,A,D,0,,,,,Y,,D,22,0,5,0,0,0,0,0,0,0,"- ","- ",38.508449554443359,-122.96591949462891,SONOMA,UNINCORPORATED,-122.9661865234375,38.509590148925781
91615868,2021,2021-11-04,9360,2021-10-25,2020,020285,,1,2,9,4900,0,1,2,,2,030,"US-101 N/B","FULTON RD",1584.00,S,N,A,-,Y,,,101,,,,,,N,Y,2,0,2,4,A,-,01,23153,A,N,G,C,E,A,H,-,C,D,0,Y,,,,Y,Y,A,01,1,0,1,0,1,0,0,0,0,"- ","- ",38.503509521484375,-122.76557922363281,SONOMA,UNINCORPORATED,-122.76563262939453,38.503440856933594
91621469,2021,2021-11-10,9360,2021-10-28,2250,022362,,4,3,9,4900,0,1,2,,1,060,"US-101 S/B","PETALUMA BLVD S O/C",3696.00,S,N,A,-,Y,,,101,,,,,,S,Y,2,0,2,4,A,-,01,23153,A,N,B,2,A,A,E,G,D,D,0,,,,,Y,Y,D,22,2,0,0,0,0,0,0,0,0,"- ","- ",38.211269378662109,-122.60117340087891,SONOMA,UNINCORPORATED,-122.60114288330078,38.211280822753906
91625788,2021,2021-11-16,9360,2021-11-05,2035,020803,,5,2,9,4900,0,1,3,,1,063,"KING RIDGE ROAD","MIDDLE OPENING ROAD",6336.00,E,N,A,-,N,,,,,,,,,,Y,2,0,1,1,A,-,08,22107,,N,E,I,A,A,H,-,D,D,0,,,,,Y,,A,07,1,0,0,0,0,0,0,0,0,"- ","- ",38.594390869140625,-123.17333984375,SONOMA,UNINCORPORATED,,
91627574,2021,2021-11-17,9360,2021-11-08,2235,021567,,1,3,6,4905,0,1,2,,2,040,"US-101 NB","BAKER AVE O/C",1090.00,N,N,B,C,Y,,,101,,,,,,N,Y,2,0,1,3,A,-,03,22350,,N,E,C,A,B,H,-,C,D,0,,,,,Y,,A,01,1,0,0,0,0,0,0,0,0,"- ","- ",38.424179077148438,-122.71498107910156,SONOMA,"SANTA ROSA",-122.71492767333984,38.424179077148438
91674357,2021,2022-01-10,9360,2021-12-30,2155,021904,,4,2,9,4900,0,2,4,,1,052,"STONY POINT RD","TODD RD",1650.00,S,N,A,-,N,,,,,,,,,,Y,2,0,1,2,A,-,21,22106,,N,H,C,A,A,H,-,D,D,0,,,,,Y,Y,D,22,1,0,0,0,0,0,0,0,0,"- ","- ",38.382949829101562,-122.74153137207031,SONOMA,UNINCORPORATED,-122.74160766601562,38.382606506347656