CASE_ID,ACCIDENT_YEAR,PROC_DATE,JURIS,COLLISION_DATE,COLLISION_TIME,OFFICER_ID,REPORTING_DISTRICT,DAY_OF_WEEK,CHP_SHIFT,POPULATION,CNTY_CITY_LOC,SPECIAL_COND,BEAT_TYPE,CHP_BEAT_TYPE,CITY_DIVISION_LAPD,CHP_BEAT_CLASS,BEAT_NUMBER,PRIMARY_RD,SECONDARY_RD,DISTANCE,DIRECTION,INTERSECTION,WEATHER_1,WEATHER_2,STATE_HWY_IND,CALTRANS_COUNTY,CALTRANS_DISTRICT,STATE_ROUTE,ROUTE_SUFFIX,POSTMILE_PREFIX,POSTMILE,LOCATION_TYPE,RAMP_INTERSECTION,SIDE_OF_HWY,TOW_AWAY,COLLISION_SEVERITY,NUMBER_KILLED,NUMBER_INJURED,PARTY_COUNT,PRIMARY_COLL_FACTOR,PCF_CODE_OF_VIOL,PCF_VIOL_CATEGORY,PCF_VIOLATION,PCF_VIOL_SUBSECTION,HIT_AND_RUN,TYPE_OF_COLLISION,MVIW,PED_ACTION,ROAD_SURFACE,ROAD_COND_1,ROAD_COND_2,LIGHTING,CONTROL_DEVICE,CHP_ROAD_TYPE,PEDESTRIAN_ACCIDENT,BICYCLE_ACCIDENT,MOTORCYCLE_ACCIDENT,TRUCK_ACCIDENT,NOT_PRIVATE_PROPERTY,ALCOHOL_INVOLVED,STWD_VEHTYPE_AT_FAULT,CHP_VEHTYPE_AT_FAULT,COUNT_SEVERE_INJ,COUNT_VISIBLE_INJ,COUNT_COMPLAINT_PAIN,COUNT_PED_KILLED,COUNT_PED_INJURED,COUNT_BICYCLIST_KILLED,COUNT_BICYCLIST_INJURED,COUNT_MC_KILLED,COUNT_MC_INJURED,PRIMARY_RAMP,SECONDARY_RAMP,LATITUDE,LONGITUDE,COUNTY,CITY,POINT_X,POINT_Y
91700593,2022,2022-02-14,9360,2022-01-30,2220,021458,,7,3,9,4900,0,1,2,,2,050,"US-101 N/B","RAILROAD AVE",3960.00,S,N,B,-,Y,SON,,101,,,10.079,H,,R,Y,2,0,1,2,A,-,01,23152,A,N,C,C,A,A,H,-,D,D,0,,,Y,,Y,Y,C,02,1,0,0,0,0,0,0,0,1,"- ","- ",38.296451568603516,-122.70207977294922,SONOMA,UNINCORPORATED,-122.70207214355469,38.296455383300781
91703973,2022,2022-02-18,9360,2022-02-08,1856,019359,,2,2,9,4900,0,3,5,,2,001,"ROCKPILE RD","LIBERTY GLEN ROAD",4500.00,E,N,A,-,N,,,,,,,,,,Y,2,0,1,1,A,-,08,22107,,N,E,I,A,A,H,-,D,D,0,,,Y,,Y,,C,02,1,0,0,0,0,0,0,0,1,"- ","- ",38.714099884033203,-123.04518127441406,SONOMA,UNINCORPORATED,,
91714157,2022,2022-03-03,9360,2022-02-20,1720,020905,,7,2,6,4905,0,1,2,,2,040,"US-101 N/B","HEARN AVNEUE",4400.00,S,N,A,-,Y,SON,,101,,,17.566,H,,R,Y,2,0,1,1,A,-,08,22107,,N,E,I,A,A,H,-,A,D,0,,,,,Y,,A,01,1,0,0,0,0,0,0,0,0,"- ","- ",38.401168823242188,-122.71587371826172,SONOMA,"SANTA ROSA",-122.71598815917969,38.401168823242188
91744352,2022,2022-04-08,9360,2022-03-27,1220,019794,,7,1,9,4900,0,1,2,,2,030,"US-101 S/B","RIVER ROAD",50.00,S,N,A,-,Y,SON,,101,,,24.835,H,,L,Y,2,0,3,6,A,-,07,21658,A,N,B,C,A,A,H,-,A,D,0,,,,,Y,,A,01,1,1,1,0,0,0,0,0,0,"- ","- ",38.495819091796875,-122.75585174560547,SONOMA,UNINCORPORATED,-122.75588989257812,38.49578857421875
91762318,2022,2022-05-02,9360,2022-04-10,1630,021893,,7,2,9,4900,0,3,5,,2,001,"SWEETWATER SPRINGS RD","ARMSTRONG WOODS RD",12144.00,E,N,A,-,N,,,,,,,,,,N,2,0,1,1,A,-,08,22107,,N,F,A,A,A,H,-,A,D,0,,,Y,,Y,,C,02,1,0,0,0,0,0,0,0,1,"- ","- ",38.545940399169922,-122.98036956787109,SONOMA,UNINCORPORATED,-122.980224609375,38.546211242675781
91794124,2022,2022-06-13,9360,2022-06-05,0707,018497,,7,1,6,4905,0,1,2,,2,040,"US-101 N/B","SR-12 O/C",2112.00,S,N,C,-,Y,SON,,101,,,19.199,H,,R,Y,2,0,2,1,A,-,03,22350,,N,E,I,A,B,H,-,A,D,0,,,,,Y,,A,07,2,0,0,0,0,0,0,0,0,"- ","- ",38.424808502197266,-122.71479034423828,SONOMA,"SANTA ROSA",-122.71493530273438,38.424808502197266
91797446,2022,2022-06-17,9360,2022-06-03,2349,022257,,5,3,4,4904,0,1,2,,2,050,"US-101 S/B TO ROHNERT PARK EXPRESSWAY","ROHNERT PARK EXPRESSWAY",250.00,N,N,A,-,Y,,,,,,,,,,Y,2,0,4,2,A,-,01,23152,A,N,C,2,A,A,H,-,D,D,0,,,,,Y,Y,A,07,1,3,0,0,0,0,0,0,0,"- ","- ",38.349201202392578,-122.71443176269531,SONOMA,"ROHNERT PARK",-122.71443176269531,38.349201202392578
91814894,2022,2022-07-12,9360,2022-06-29,2245,021904,,3,3,9,4900,0,1,2,,1,060,"US-101 NORTHBOUND","PETALUMA BLVD. SOUTH O/C",1200.00,N,N,A,-,Y,SON,,101,,,2.839,H,,R,N,2,0,1,2,A,-,01,23152,F,N,C,E,A,A,H,-,C,D,0,,,,,Y,,A,01,1,0,0,0,0,0,0,0,0,"- ","- ",38.223171234130859,-122.61068725585938,SONOMA,UNINCORPORATED,-122.61076354980469,38.223106384277344
91834958,2022,2022-08-08,9360,2022-08-04,0130,017419,,4,3,9,4900,0,3,5,,2,001,"FITZPATRICK LN","DOC'S RANCH ROAD",10.00,E,N,A,-,N,,,,,,,,,,Y,2,0,3,1,A,-,01,23152,F,N,E,I,A,A,H,-,D,D,0,,,,,Y,Y,A,07,1,1,1,0,0,0,0,0,0,"- ","- ",38.397548675537109,-122.99291229248047,SONOMA,UNINCORPORATED,-122.99295043945312,38.397602081298828
91869593,2022,2022-09-21,9360,2022-09-10,1115,016652,,6,1,9,4900,0,2,4,,1,055,"BLANK ROAD","TURNER ROAD",2112.00,W,N,A,-,N,,,,,,,,,,N,2,0,1,1,A,-,08,22107,,N,E,I,A,A,H,-,A,D,0,,,,,Y,,D,22,1,0,0,0,0,0,0,0,0,"- ","- ",38.338081359863281,-122.78579711914062,SONOMA,UNINCORPORATED,-122.78520202636719,38.338138580322266
91876041,2022,2022-09-28,9360,2022-09-18,1650,022997,,7,2,9,4900,0,1,2,,1,010,"US-101 S/B","THERESA DR",3696.00,S,N,C,-,Y,SON,,101,,R,48.399,H,,L,Y,2,0,1,2,A,-,03,22350,,N,B,C,A,B,H,-,A,D,0,,,,,Y,,D,22,1,0,0,0,0,0,0,0,0,"- ","- ",38.76190185546875,-122.98487854003906,SONOMA,UNINCORPORATED,-122.98488616943359,38.761894226074219
91878845,2022,2022-09-30,9360,2022-09-18,1724,021195,,7,2,9,4900,0,1,3,,1,013,SR-116,"SOLARIDGE RD",433.00,W,N,C,-,N,,,,,,,,,,N,2,0,1,2,A,-,03,22350,,N,H,G,A,B,H,-,A,D,0,,Y,,,Y,,D,22,1,0,0,0,0,0,1,0,0,"- ","- ",38.499801635742188,-123.00544738769531,SONOMA,UNINCORPORATED,-123.00545501708984,38.499801635742188
91941820,2022,2022-12-14,9360,2022-11-24,0207,023017,,4,3,9,4900,0,1,2,,2,020,"US-101 S/B","ARATA LN",4752.00,N,N,E,-,Y,SON,,101,,,31.606,H,,L,Y,2,0,3,2,A,-,01,23152,A,N,C,C,A,A,H,-,D,D,0,,,,,Y,Y,A,01,2,1,0,0,0,0,0,0,0,"- ","- ",38.572669982910156,-122.83309936523438,SONOMA,UNINCORPORATED,-122.83307647705078,38.572681427001953
91954454,2022,2022-12-28,9360,2022-12-16,2115,016669,,5,2,6,4905,0,3,5,,2,005,"LLANO RD","DOYLE RD",130.00,S,N,A,-,N,,,,,,,,,,Y,2,0,3,2,A,-,03,22350,,N,C,C,A,A,H,-,D,D,0,,,Y,,Y,Y,C,02,1,2,0,0,0,0,0,0,3,"- ","- ",38.400890350341797,-122.78733062744141,SONOMA,"SANTA ROSA",-122.78741455078125,38.400936126708984
91972827,2023,2023-01-20,9360,2023-01-11,1630,018828,,3,2,9,4900,0,1,2,,2,030,"US-101 N/B","RIVER ROAD",3168.00,S,N,B,C,Y,SON,,101," "," ",24.303,H,,R,Y,2,0,2,2,A,-,03,22350,,N,C,2,A,B,H,-,A,D,0,,,,,Y,,A,01,2,0,0,0,0,0,0,0,0,"- ","- ",38.490859985351562,-122.74855041503906,SONOMA,UNINCORPORATED,-122.74857330322266,38.490840911865234
91976701,2023,2023-01-25,9360,2023-01-16,1625,020731,,1,2,9,4900,0,3,5,,2,003,"TRENTON-HEALDSBURG RD","MARK WEST STATION RD",400.00,S,N,B,-,N,,,,,,,,,,Y,2,0,1,1,A,-,03,22350,,N,E,I,A,A,H,-,A,D,0,,,,,Y,,A,01,1,0,0,0,0,0,0,0,0,"- ","- ",38.502029418945312,-122.85758209228516,SONOMA,UNINCORPORATED,-122.85753631591797,38.501758575439453
91996324,2023,2023-02-16,9360,2023-02-11,1530,022471,,6,2,9,4900,0,3,5,,2,003,"PINER RD","JUDSON LN",3168.00,W,N,A,-,N,,,,,,,,,,Y,2,0,1,1,A,-,01,23152,A,N,F,I,A,A,H,-,A,A,0,,,,,Y,Y,D,22,1,0,0,0,0,0,0,0,0,"- ","- ",38.467079162597656,-122.79055786132812,SONOMA,UNINCORPORATED,-122.79201507568359,38.467170715332031
92001066,2023,2023-02-23,9360,2023-02-17,1312,020266,,5,1,9,4900,0,3,5,,2,003,"FREI ROAD","GUERNEVILLE ROAD",2780.00,S,N,A,-,N,,,,,,,,,,Y,2,0,1,1,A,-,01,23152,G,N,E,I,A,A,H,-,A,D,0,,,,,Y,Y,A,01,1,0,0,0,0,0,0,0,0,"- ","- ",38.443351745605469,-122.84535980224609,SONOMA,UNINCORPORATED,-122.84539794921875,38.443416595458984
92001212,2023,2023-02-23,9360,2023-02-20,"956 ",015187,,1,1,9,4900,0,3,5,,2,002,"WESTSIDE RD.","OLD FELTA SCHOOL RD.",2112.00,W,N,A,-,N,,,,,,,,,,Y,2,0,1,1,A,-,08,22107,,N,E,J,A,A,H,-,A,D,0,,,Y,,Y,,C,02,1,0,0,0,0,0,0,0,1,"- ","- ",38.576469421386719,-122.87725830078125,SONOMA,UNINCORPORATED,-122.88047027587891,38.585906982421875
92009016,2023,2023-03-03,9360,2023-02-18,"30  ",022362,,6,3,9,4900,0,1,2,,2,040,"US-101 N/B","TODD ROAD OVERCROSSING",1584.00,N,N,A,-,Y,SON,,101," "," ",16.887,H,,R,Y,2,0,1,1,A,-,01,23152,F,N,E,I,A,A,H,-,D,D,0,,,,,Y,,A,01,1,0,0,0,0,0,0,0,0,"- ","- ",38.391319274902344,-122.71607971191406,SONOMA,UNINCORPORATED,-122.71603393554688,38.391319274902344
92045862,2023,2023-04-17,9360,2023-04-04,"100 ",022371,,2,3,9,4900,0,2,4,,1,032,"RIVER RD","FOREST HILLS RD",0.00,,Y,A,-,N,,,,,,,,,,N,2,0,1,2,A,-,01,23152,A,N,D,C,A,A,H,-,D,D,0,,,Y,,Y,Y,A,01,1,0,0,0,0,0,0,0,1,"- ","- ",38.508861541748047,-122.92526245117188,SONOMA,UNINCORPORATED,-122.92519378662109,38.508922576904297
92054958,2023,2023-07-11,9325,2023-04-16,1250,015786,,7,1,9,4900,0,3,5,,2,006,"EAST THOMSON AVE",SR-12,10.00,N,N,A,-,N,,,,,,,,,,N,2,0,2,2,A,-,03,22350,,N,D,C,A,A,H,-,A,A,0,,,,,Y,,M,94,1,1,0,0,0,0,0,0,0,"- ","- ",38.309928894042969,-122.47927856445312,SONOMA,UNINCORPORATED,-122.47936248779297,38.309833526611328
92096661,2023,2023-06-19,9360,2023-06-03,1900,022257,,6,2,9,4900,0,3,5,,2,003,"VINE HILL ROAD","VINE HILL SCHOOL ROAD",293.00,N,N,A,-,N,,,,,,,,,,Y,2,0,1,2,A,-,01,23152,A,N,B,C,A,A,H,-,A,D,0,,,Y,,Y,Y,C,02,1,0,0,0,0,0,0,0,1,"- ","- ",38.470199584960938,-122.86470031738281,SONOMA,UNINCORPORATED,-122.86468505859375,38.470245361328125
9211828,2020,2022-06-14,4908,2020-09-23,1832,2754,15,3,5,5,4908,0,0,0,,0,001,"RT 116","SOUTH MCDOWELL BL",0.00,,Y,A,-,Y,SON,4,116,-,-,36.070,I,5,W,Y,1,1,2,2,A,-,12,21453,A,N,D,C,A,A,H,-,A,A,0,,,,,Y,,D,22,0,1,1,0,0,0,0,0,0,"- ","- ",38.233699798583984,-122.600341796875,SONOMA,PETALUMA,-122.59882354736328,38.234268188476562
92140962,2023,2023-11-01,9360,2023-07-31,1430,023360,,1,2,9,4900,0,2,4,,1,044,"OLD ADOBE RD",SR-116,3757.00,W,N,A,-,N,,,,,,,,,,Y,2,0,2,2,A,-,01,23152,A,N,A,C,A,A,H,-,A,D,0,,,,,Y,Y,A,01,2,0,0,0,0,0,0,0,0,"- ","- ",38.243621826171875,-122.54004669189453,SONOMA,UNINCORPORATED,,
92203994,2023,2023-10-19,9360,2023-10-04,1210,016076,,3,1,9,4900,0,2,4,,1,012,"DRY CREEK RD","LYTTON SPRINGS RD",32.00,N,N,A,-,N,,,,,,,,,,N,2,0,1,2,A,-,08,22107,,N,H,G,A,A,H,-,A,A,0,,Y,,,Y,,L,04,1,0,0,0,0,0,1,0,0,"- ","- ",38.648971557617188,-122.91065216064453,SONOMA,UNINCORPORATED,-122.9105224609375,38.648887634277344
92251655,2023,2023-12-04,9360,2023-11-18,1750,022257,,6,2,6,4905,0,3,5,,2,004,"E.ROBLES AVE","BROOKS AVE",310.00,E,N,B,-,N,,,,,,,,,,N,2,0,1,2,A,-,03,22350,,F,G,B,E,B,H,-,D,D,0,Y,,,,Y,Y,-,99,1,0,0,0,1,0,0,0,0,"- ","- ",38.3944091796875,-122.7100830078125,SONOMA,"SANTA ROSA",-122.70887756347656,38.394378662109375
92263450,2023,2023-12-15,9360,2023-08-30,1130,016660,,3,1,9,4900,0,2,4,,1,024,"CALISTOGA RD","ALPINE RD",2798.00,S,N,A,-,N,,,,,,,,,,Y,2,0,1,2,A,-,08,22107,,F,F,A,A,A,H,-,A,D,0,,,,Y,Y,,F,26,1,0,0,0,0,0,0,0,0,"- ","- ",38.512199401855469,-122.65377807617188,SONOMA,UNINCORPORATED,-122.65400695800781,38.512596130371094
92297822,2024,2024-01-26,9360,2024-01-13,"30  ",023017,,6,3,9,4900,0,2,4,,1,024,"CALISTOGA RD","HARVILLE RD",310.00,N,N,B,-,N,,,,,,,,,,N,2,0,1,1,A,-,01,23152,A,N,E,I,A,B,H,-,D,D,0,,,,,Y,Y,A,07,1,0,0,0,0,0,0,0,0,"- ","- ",38.490318298339844,-122.66050720214844,SONOMA,UNINCORPORATED,-122.66055297851562,38.490337371826172
92345952,2023,2024-03-25,9360,2023-12-09,"10  ",023207,,6,3,9,4900,0,1,3,,1,037,SR-116,"SONOMA AVENUE",10.00,E,N,A,-,Y,SON,,116," "," ",23.154,H,,R,Y,1,2,2,2,A,-,01,23152,A,N,D,C,A,A,H,-,D,D,0,,,,,Y,Y,A,01,2,0,0,0,0,0,0,0,0,"- ","- ",38.435508728027344,-122.85714721679688,SONOMA,UNINCORPORATED,-122.85719299316406,38.435501098632812
92359772,2024,2024-04-09,9360,2024-01-15,1200,021195,,1,1,9,4900,0,3,5,,2,006,"HAUSER BRIDGE ROAD","KING RIDGE ROAD",5808.00,W,N,A,-,N,,,,,,,,,,N,1,1,0,1,A,-,03,22350,,N,E,I,A,A,H,-,A,D,0,,Y,,,Y,,L,04,0,0,0,0,0,1,0,0,0,"- ","- ",38.60369873046875,-123.28571319580078,SONOMA,UNINCORPORATED,-123.2806396484375,38.610530853271484
92361352,2024,2024-04-10,9360,2024-04-09,"750 ",020461,,2,1,9,4900,0,2,4,,1,044,"ADOBE RD","CASA GRANDE RD",2059.00,W,N,A,-,N,,,,,,,,,,Y,2,0,1,2,A,-,03,22350,,N,C,C,A,A,H,-,A,D,0,,,,,Y,,A,07,1,0,0,0,0,0,0,0,0,"- ","- ",38.258598327636719,-122.59085845947266,SONOMA,UNINCORPORATED,-122.59085083007812,38.258594512939453
92365180,2024,2024-04-16,9325,2024-04-06,1640,023094,,6,2,9,4900,0,1,3,,1,072,SR-121,SR-116,430.00,E,N,A,-,Y,SON,,121," "," ",6.788,H,,R,Y,2,0,1,2,A,-,09,21804,A,N,D,C,A,A,H,-,A,D,0,,,,,Y,,A,01,1,0,0,0,0,0,0,0,0,"- ","- ",38.236728668212891,-122.45983123779297,SONOMA,UNINCORPORATED,-122.45983123779297,38.236728668212891
9240425,2021,2021-04-20,4905,2021-01-30,1428,1060541,,6,5,6,4905,0,0,0,,0,007,"BAKER AV","BAKER OC",0.00,,Y,B,-,Y,SON,4,101,-,-,18.927,R,4,S,N,2,0,1,1,A,-,03,22350,,N,H,J,A,A,H,-,A,A,0,,,Y,,Y,,C,03,1,0,0,0,0,0,0,0,1,"- ","- ",38.420768737792969,-122.71733856201172,SONOMA,"SANTA ROSA",-122.71567535400391,38.420825958251953
92442996,2024,2024-07-18,9360,2024-03-25,2020,020201,,1,2,9,4900,0,2,4,,1,058,"SKILLMAN LANE","THOMPSON LANE",397.00,E,N,A,-,N,,,,,,,,,,N,1,1,0,2,A,-,11,21954,A,N,G,B,D,A,H,-,D,D,0,Y,,,,Y,,N,60,0,0,0,1,0,0,0,0,0,"- ","- ",38.256080627441406,-122.68119049072266,SONOMA,UNINCORPORATED,-122.68117523193359,38.25604248046875
9256426,2021,2023-06-24,4904,2021-06-12,2126,1040546,CENTR,6,5,4,4904,0,0,0,,0,001,"GOLF COURSE DR","ROBERTS LAKE RD",153.00,E,N,A,-,N,,,,,,,,,,Y,1,2,0,1,A,-,03,22349,A,N,E,I,A,A,H,-,C,A,0,,,,,Y,Y,A,01,0,0,0,0,0,0,0,0,0,"- ","- ",38.3631591796875,-122.71029663085938,SONOMA,"ROHNERT PARK",-122.71007537841797,38.363391876220703
9275538,2021,2021-07-28,4908,2021-06-16,1435,3367,15,3,5,5,4908,0,0,0,,0,001,"LAKEVILLE HWY","SOUTH MCDOWELL BL",0.00,,Y,A,-,Y,SON,4,116,-,-,36.070,I,5,W,Y,2,0,1,3,A,-,12,21453,A,N,D,C,A,A,H,-,A,A,0,,,,,Y,,A,07,1,0,0,0,0,0,0,0,0,"- ","- ",38.23419189453125,-122.59998321533203,SONOMA,PETALUMA,-122.59882354736328,38.234268188476562
92800790,2024,2024-07-29,9350,2024-07-11,1504,021391,,4,2,9,4900,0,1,3,,2,137,"SR-37 W/B","LAKEVILLE HWY",1056.00,E,N,A,-,Y,SON,,37," "," ",2.294,H,,L,N,2,0,1,4,A,-,03,22350,,N,C,C,A,A,H,-,A,D,0,,,,,Y,,D,22,1,0,0,0,0,0,0,0,0,"- ","- ",38.136280059814453,-122.47296905517578,SONOMA,UNINCORPORATED,-122.47296142578125,38.136268615722656
9301085,2021,2021-08-13,4905,2021-05-05,1903,1060422,,3,5,6,4905,0,0,0,,0,001,"RT 101","STEELE LN",0.00,,Y,A,-,Y,SON,4,101,-,-,21.929,R,4,N,N,2,0,1,2,A,-,10,21950,A,F,G,B,B,A,H,-,A,A,0,Y,,,,Y,,-,99,1,0,0,0,1,0,0,0,0,NO,"- ",38.459949493408203,-122.72624969482422,SONOMA,"SANTA ROSA",-122.725751,38.460084000000002
9314314,2021,2021-08-30,4905,2021-04-30,1458,1060541,,5,5,6,4905,0,0,0,,0,008,"ASTON AV","ASTON CIR",0.00,W,N,A,-,N,,,,,,,,,,N,2,0,1,2,A,-,09,21804,A,N,D,G,A,A,H,-,A,D,0,,Y,,,Y,,L,04,1,0,0,0,0,0,1,0,0,"- ","- ",38.425441741943359,-122.70414733886719,SONOMA,"SANTA ROSA",-122.70330047607422,38.425525665283203
9350088,2021,2021-11-08,4908,2021-10-02,0840,3418,3,6,5,5,4908,0,0,0,,0,002,"MIDDLEFIELD DR","MISSION DR",344.00,S,N,A,-,N,,,,,,,,,,,2,0,1,1,A,-,03,22350,,N,H,A,A,A,H,-,A,D,0,,Y,,,Y,,L,04,1,0,0,0,0,0,1,0,0,"- ","- ",,,SONOMA,PETALUMA,-122.62493133544922,38.224086761474609
94402965,2024,2024-09-20,9360,2024-09-13,1520,023360,,5,2,9,4900,0,2,4,,1,038,"OCCIDENTAL RD",SR-116,82.00,W,N,A,-,N,,,,,,,,,,N,2,0,2,2,A,-,08,22107,,N,B,C,A,A,H,-,A,A,0,,,Y,,Y,,D,22,1,1,0,0,0,0,0,0,2,"- ","- ",38.4256591796875,-122.84876251220703,SONOMA,UNINCORPORATED,-122.84856414794922,38.425643920898438
94403299,2024,2024-09-23,9360,2024-05-02,1503,020853,,4,2,3,4903,0,1,2,,2,020,"US-101 S/B","WESTSIDE RD",1222.20,N,N,A,-,Y,SON,,101," "," ",35.355,H,,L,Y,1,1,0,1,A,-,08,22107,,N,E,8,A,A,H,-,A,D,0,,,,,Y,,D,22,0,0,0,0,0,0,0,0,0,"- ","- ",38.612789154052734,-122.87802124023438,SONOMA,HEALDSBURG,-122.87796783447266,38.612812042236328
94426348,2024,2024-10-10,9325,2024-10-02,1005,017538,,3,1,9,4900,0,2,4,,2,054,"ARNOLD DR.","SPERRING RD.",300.00,N,N,A,-,N,,,,,,,,,,N,2,0,2,3,A,-,08,22107,,N,B,G,A,A,H,-,A,D,0,,Y,,,Y,,A,01,1,1,0,0,0,0,2,0,0,"- ","- ",38.278968811035156,-122.49117279052734,SONOMA,UNINCORPORATED,-122.49119567871094,38.278900146484375
9444662,2022,2022-07-20,4907,2022-05-13,1256,1102826,,5,5,2,4907,0,0,0,,0,SO1,"W NAPA ST","3RD ST WEST",0.00,,Y,A,-,N,,,,,,,,,,Y,2,0,2,2,A,-,09,21802,A,N,C,C,A,A,H,-,A,A,0,,,,,Y,,A,71,1,0,1,0,0,0,0,0,0,"- ","- ",38.292739868164062,-122.46328735351562,SONOMA,SONOMA,-122.46347808837891,38.292472839355469
94452026,2024,2024-10-31,9360,2024-09-08,2206,023207,,7,3,9,4900,0,1,2,,2,050,"US-101 S/B","PETALUMA BLVD NORTH O/C",6336.00,N,N,A,-,Y,SON,,101," "," ",8.884,H,,L,Y,2,0,2,2,A,-,07,21658,A,F,C,C,A,A,H,-,D,D,0,,,Y,,Y,,C,02,2,0,0,0,0,0,0,0,2,"- ","- ",38.284511566162109,-122.68630981445312,SONOMA,UNINCORPORATED,-122.68630218505859,38.284515380859375
94482775,2024,2024-11-25,9360,2024-11-11,1625,021893,,1,2,9,4900,0,3,5,,2,003,"GREENTREE WAY","BEACH AVE",540.00,E,N,A,-,N,,,,,,,,,,N,2,0,1,2,A,-,03,22350,,N,D,2,A,B,H,-,A,D,0,,,Y,,Y,,C,02,1,0,0,0,0,0,0,0,1,"- ","- ",38.486381530761719,-123.01193237304688,SONOMA,UNINCORPORATED,-123.01065063476562,38.485191345214844
94556873,2025,2025-01-31,9360,2025-01-20,1405,020961,,1,2,9,4900,0,2,4,,1,054,"CLEVELAND LN","BODEGA AVE",0.00,,Y,A,-,N,,,,,,,,,,N,2,0,1,1,A,-,21,22106,,N,F,A,A,A,H,-,A,A,0,,,Y,,Y,,C,02,1,0,0,0,0,0,0,0,1,"- ","- ",38.234710693359375,-122.66433715820312,SONOMA,UNINCORPORATED,-122.66431427001953,38.234764099121094
94558225,2025,2025-02-03,9360,2025-01-30,1620,023359,,4,2,9,4900,0,2,4,,1,052,"TODD ROAD","PHILLIPS AVE",1056.00,W,N,A,-,N,,,,,,,,,,Y,2,0,3,2,A,-,08,22107,,N,A,2,A,A,H,-,A,D,0,,,,Y,Y,,F,26,1,2,0,0,0,0,0,0,0,"- ","- ",38.387039184570312,-122.7518310546875,SONOMA,UNINCORPORATED,-122.75209045410156,38.38702392578125
94565151,2025,2025-04-10,9360,2025-01-27,1548,022695,,1,2,9,4900,0,2,4,,1,038,"OCCIDENTAL RD","IRWIN LN",0.00,,Y,A,-,N,,,,,,,,,,Y,2,0,1,2,A,-,09,21802,A,F,D,2,A,A,H,-,A,A,0,,,,,Y,,A,01,1,0,0,0,0,0,0,0,0,"- ","- ",38.423351287841797,-122.78801727294922,SONOMA,UNINCORPORATED,-122.78807067871094,38.423332214355469
94592063,2025,2025-03-17,9350,2025-02-20,2215,023095,,4,3,9,4900,0,1,3,,2,137,SR-37,SR-121,0.00,,Y,A,-,Y,SON,,37," "," ",3.901,H,,R,Y,2,0,2,2,A,-,12,21453,A,N,D,C,A,A,H,-,C,A,0,,,,,Y,,A,01,1,1,0,0,0,0,0,0,0,"- ","- ",38.151020050048828,-122.44940185546875,SONOMA,UNINCORPORATED,-122.44930267333984,38.150867462158203
94656418,2025,2025-04-21,9360,2025-04-06,1320,024329,,7,1,6,4905,0,1,2,,2,040,"US-101 S/B","SR-12 E/B",800.00,S,N,A,-,Y,SON,,101," "," ",19.481,H,,L,Y,2,0,1,1,A,-,08,22107,,N,E,I,A,A,H,-,A,D,0,,,,,Y,,M,47,1,0,0,0,0,0,0,0,0,"- ","- ",38.428768157958984,-122.71510314941406,SONOMA,"SANTA ROSA",-122.71522521972656,38.428768157958984
94692930,2025,2025-08-18,9360,2025-04-23,2500,024365,,3,4,9,4900,0,1,3,,1,061,SR-1,"SONOMA COUNTY MILE POST MARKER 1 SON 21.00",108.00,S,N,A,-,Y,SON,,1," "," ",20.956,H,,R,Y,1,1,0,1,A,-,08,22107,,N,E,8,A,A,H,-,A,D,0,,,,,Y,,D,22,0,0,0,0,0,0,0,0,0,"- ","- ",38.446750640869141,-123.11286163330078,SONOMA,UNINCORPORATED,-123.11279296875,38.44677734375
9520333,2022,2023-02-08,4905,2022-03-20,1206,1060473,,7,5,6,4905,0,0,0,,0,002,"BICENTENNIAL WY","MENDOCINO AV",275.00,E,N,A,-,N,,,,,,,,,,Y,1,1,0,2,A,-,03,22350,,F,E,I,A,A,H,-,A,A,0,,,Y,,Y,,-,"- ",0,0,0,0,0,0,0,1,0,"- ","- ",38.470371246337891,-122.72292327880859,SONOMA,"SANTA ROSA",-122.72202301025391,38.470676422119141
9550910,2023,2023-05-10,4903,2023-02-06,"704 ",1911,,1,5,3,4903,0,0,0,,0,00R,"HEALDSBURG AV","SIMI PL",7.00,S,N,A,-,N,,,,,,,,,,Y,2,0,1,1,C,-,18,,,N,E,J,A,A,H,-,A,D,0,,,,,Y,,-,"- ",1,0,0,0,0,0,0,0,0,"- ","- ",38.640468597412109,-122.87370300292969,SONOMA,HEALDSBURG,,